Title,URL,Score:viral,Score:educational,Score:controversial,Score:community,Score:evergreen,Score:hype,Published at,Duration,Positive interestingness,Positive negative coefficient,Total interestingness,Views,Likes,Dislikes,Comments,Total reaction,Global buzz index
Réveille-toi ! | HIGH SCHOOL RADICAL (4/4) | ARTE,https://www.youtube.com/watch?v=wGaUReDvXew,0.051885,0.053536,0.000243,0.502285,99.991549,2202.310358,2025-11-08 16:30:32,1335,0.0862,44038.0000,0.0908,510814,44038,0,2346,46384,23693596576
Où en sont les droits LGBTQ+ en Europe ? | ARTE Europe l'Hebdo,https://www.youtube.com/watch?v=65lBOeVySYE,0.034705,0.044164,0.004507,0.505790,22.130188,582.599532,2026-05-15 10:00:16,641,0.0637,1642.0000,0.0759,25760,1642,0,314,1956,50386560
La revanche du Disco | Documentaire | ARTE,https://www.youtube.com/watch?v=8kEZN-i0Yhg,0.036127,0.143623,0.068239,0.494050,32.000000,839.000000,2026-06-28 13:00:28,5886,0.0703,59.0000,0.0751,839,59,0,4,63,52857
Une espèce à part : Dominations #humanité #arte,https://www.youtube.com/watch?v=HhifxA1jNLs,0.037357,0.044805,0.005760,0.500222,1.326162,35.360104,2025-03-11 17:00:17,167,0.0737,1235.0000,0.0749,16758,1235,0,21,1256,21048048
L’esclavage a-t-il mené au racisme ? | 42 - La réponse à presque tout | ARTE,https://www.youtube.com/watch?v=Gt_pLAxs-0U,0.031539,0.038355,0.003981,0.507880,1.983528,55.229771,2024-10-18 13:00:21,1667,0.0555,1895.0000,0.0718,34137,1895,0,556,2451,83669787
Gaza : l’ONU face à son impuissance | #gaza #onu,https://www.youtube.com/watch?v=8cL4iVRf14E,0.035228,0.042290,0.002899,0.501252,8.298244,233.850597,2026-01-08 06:30:08,178,0.0681,2728.0000,0.0709,40073,2728,0,115,2843,113927539
"La malédiction des matières premières, c'est quoi ? #Reportage #Spot",https://www.youtube.com/watch?v=75ndMzVU8B8,0.033427,0.040092,0.005207,0.500489,1.922011,57.145455,2025-06-22 16:00:15,113,0.0655,1389.0000,0.0672,21199,1389,0,36,1425,30208575
Les belles cicatrices | Court-métrage | ARTE,https://www.youtube.com/watch?v=fvYbEY8OFH4,0.065211,0.039342,0.000086,0.500286,108.018623,3293.160112,2024-09-23 15:30:25,925,0.0650,137680.0000,0.0656,2117457,137680,0,1228,138908,294131716956
Une espèce à part : Une vie unique #univers #espace #arte,https://www.youtube.com/watch?v=fvHh28nQnDs,0.031562,0.038152,0.014353,0.500498,0.447650,13.756151,2025-02-17 17:00:45,160,0.0616,420.0000,0.0649,6822,420,0,23,443,3022146
Merci pour votre fidélité 🧡 | 1 million d'abonnés | ARTE,https://www.youtube.com/watch?v=z8TWh4EXun8,0.030976,0.036562,0.002479,0.503113,0.802634,25.025034,2020-04-17 11:00:33,50,0.0576,3262.0000,0.0641,56636,3262,0,370,3632,205701952
Aesthetics : ce que révèle notre style | _Underscore | ARTE,https://www.youtube.com/watch?v=9pz-m2cPPVU,0.031169,0.037191,0.002802,0.501048,7.615564,244.203346,2025-12-16 16:30:04,1424,0.0599,2837.0000,0.0623,47362,2837,0,116,2953,139859986
Votre téléphone vient peut-être du travail de ces mineurs #Cobalt #Mine,https://www.youtube.com/watch?v=hbO7-wJ7slM,0.030913,0.036908,0.004526,0.500452,1.858237,60.002417,2025-04-03 16:00:55,113,0.0604,1634.0000,0.0619,27059,1634,0,41,1675,45323825
Quand la saison 2 de Samuel est annoncée ! 💃,https://www.youtube.com/watch?v=3DfCQENUi_c,0.031181,0.037345,0.002357,0.500412,16.246528,530.252335,2026-03-12 06:30:02,32,0.0601,3456.0000,0.0613,57459,3456,0,64,3520,202255680
L'impact du cachemire #mode #écologie #spot,https://www.youtube.com/watch?v=JkZ-bH-JZug,0.030146,0.036283,0.012729,0.499463,0.491128,16.167459,2025-02-10 17:00:29,122,0.0596,485.0000,0.0606,8131,485,0,8,493,4008583
🌍 La nature devrait-elle reprendre ses droits ? #écologie #terre,https://www.youtube.com/watch?v=JN9ZRx9lmjY,0.029564,0.035300,0.006056,0.500538,0.482423,16.157377,2023-01-26 17:30:05,58,0.0577,1165.0000,0.0597,20179,1165,0,39,1204,24295516
Des soignants suspendus à cause du vaccin ? #désintox  #vaccin #covid,https://www.youtube.com/watch?v=PRThSksRGps,0.014174,0.019899,0.044323,0.520820,0.319608,10.891646,2022-12-25 09:00:18,60,0.0075,104.0000,0.0586,13955,104,0,714,818,11415190
Une espèce à part : L'infime et l'infini #univers #espace #arte,https://www.youtube.com/watch?v=7N1Bg8iR2wQ,0.028818,0.034491,0.006174,0.500280,1.146249,39.576484,2025-02-03 17:00:10,172,0.0564,1139.0000,0.0579,20181,1139,0,29,1168,23571408
Pourquoi Princesse Mononoké est si important pour Miyazaki ? 🐺 #ghibli #miyazaki,https://www.youtube.com/watch?v=LzsO_Oo0aWk,0.029347,0.034286,0.002343,0.500027,3.200629,112.253294,2024-12-28 17:00:28,179,0.0567,3479.0000,0.0570,61394,3479,0,21,3500,214879000
Un appartement sain avec des produits sains 🧼 avec @BiosphereExperience,https://www.youtube.com/watch?v=XCbcastG_Ds,0.028677,0.034201,0.005322,0.499943,1.330294,46.651573,2025-01-29 17:00:39,58,0.0564,1354.0000,0.0570,24022,1354,0,15,1369,32886118
Il filme les invisibles : Antoine Védeilhé #reportage #arteinfo #actualité,https://www.youtube.com/watch?v=F7EODfF0PX8,0.028474,0.034072,0.006381,0.499928,1.218722,42.870093,2025-03-29 10:00:28,122,0.0560,1096.0000,0.0568,19558,1096,0,15,1111,21728938
Ce que vous ignorez sur les aides à domicile 🫂 #documentaire #arte,https://www.youtube.com/watch?v=sKxDbEr5nAo,0.032098,0.033489,0.000615,0.500948,13.647723,482.947818,2024-11-09 17:00:47,59,0.0546,15701.0000,0.0565,287800,15701,0,564,16265,4681067000
Tout savoir sur le romantisme en 1m30 #romantisme #éducation,https://www.youtube.com/watch?v=828Pm9pl5R4,0.028090,0.033717,0.009978,0.499572,0.602836,21.408490,2024-12-30 17:00:11,92,0.0555,648.0000,0.0562,11666,648,0,8,656,7652896
C'est la faute du capitalisme ! #musique #muzak,https://www.youtube.com/watch?v=DR4MSO1cuRI,0.028980,0.034366,0.001454,0.500585,47.675702,1722.328485,2026-04-25 08:00:12,144,0.0540,5982.0000,0.0554,110744,5982,0,148,6130,678860720
Être une femme noire à l'opéra 😨 #musique #racisme,https://www.youtube.com/watch?v=Db1XHh5UWcI,0.028401,0.033063,0.002295,0.500265,2.554502,92.404195,2024-07-20 16:00:10,60,0.0545,3563.0000,0.0553,65419,3563,0,53,3616,236555104
L'histoire cachée derrière la liste de Schindler 😮 #histoire #documentaire,https://www.youtube.com/watch?v=9hfYbpkn4lQ,0.029000,0.032815,0.001373,0.500408,4.497443,163.675360,2024-07-06 16:00:07,60,0.0540,6378.0000,0.0549,118168,6378,0,115,6493,767264824
La première militante écologiste au monde : Rachel Carson #shorts #ecologie #pesticide #arte,https://www.youtube.com/watch?v=8sfleec5cz8,0.027382,0.032643,0.007059,0.499930,0.325570,11.883479,2022-04-28 16:30:03,51,0.0539,974.0000,0.0547,18086,974,0,16,990,17905140
⛏️ Plus de mines pour sauver la planète ? #ecologie #samis #terresrares,https://www.youtube.com/watch?v=tDg9SIe8Gtk,0.026777,0.032251,0.007237,0.500165,1.791662,66.497940,2025-09-30 09:01:22,165,0.0524,946.0000,0.0538,18038,946,0,25,971,17514898
🌲 Elle est restée 2 ans perchée en haut d'un arbre ! #juliahill #ecologie,https://www.youtube.com/watch?v=y6_E4QgkZ3k,0.026581,0.031318,0.003595,0.500654,0.920776,34.765749,2023-03-18 17:30:13,60,0.0512,2131.0000,0.0529,41646,2131,0,74,2205,91829430
L'enfer des prisons israéliennes | #israel,https://www.youtube.com/watch?v=UCD4OFZckAo,0.024396,0.030550,0.008528,0.502498,5.388142,206.873117,2026-04-07 05:30:12,150,0.0458,780.0000,0.0520,17047,780,0,107,887,15120689
L’Église est-elle soluble dans la modernité ? | Les questions qui fâchent | ARTE,https://www.youtube.com/watch?v=OcHwylHi_1k,0.017749,0.023761,0.014733,0.512548,4.916351,190.693821,2026-03-31 13:00:30,1737,0.0240,407.0000,0.0515,16989,407,0,468,875,14865375
L'expression d'une boucle | _ Underscore (1/5) | ARTE,https://www.youtube.com/watch?v=QvPxbSGMRoI,0.027126,0.030230,0.001311,0.501030,2.533380,98.624809,2022-09-10 18:00:17,1259,0.0492,6724.0000,0.0514,136781,6724,0,302,7026,961023306
La première réalisatrice au monde : Alice Guy #shorts #AliceGuy #Gaumont #cinema,https://www.youtube.com/watch?v=gzDQM9ayT-I,0.025423,0.030284,0.006902,0.500196,0.334501,13.089422,2022-04-12 12:29:06,47,0.0497,1000.0000,0.0511,20133,1000,0,28,1028,20696724
"Les Iraniens en Europe, le cri de la liberté | ARTE Regards",https://www.youtube.com/watch?v=D1C9DhM2x-M,0.020742,0.026416,0.015876,0.506846,2.035736,79.723723,2026-02-13 19:00:12,1794,0.0346,372.0000,0.0510,10750,372,0,176,548,5891000
La vraie vie - Rejouer son quotidien en ligne | Intégrale (2/2) | ARTE,https://www.youtube.com/watch?v=HQV5tiaF_Vo,0.024517,0.029516,0.005346,0.501799,2.729766,107.512774,2025-10-01 15:30:10,4410,0.0464,1347.0000,0.0507,29027,1347,0,126,1473,42756771
L'incroyable revanche de Charity contre ses bourreaux ✊ #réseau #passeurs,https://www.youtube.com/watch?v=qSRptUYJ8r4,0.025179,0.030005,0.006685,0.500322,0.452001,17.823911,2023-03-29 16:30:08,60,0.0491,1038.0000,0.0507,21156,1038,0,34,1072,22679232
Voici les vraies couleurs des tableaux de Van Gogh 🧐 #shorts #peinture #vangogh,https://www.youtube.com/watch?v=atDVJo-wme0,0.025717,0.029886,0.002802,0.499981,0.920618,36.915610,2022-03-30 12:00:03,32,0.0495,2837.0000,0.0499,57261,2837,0,18,2855,163480155
Une espèce à part : Une seconde sur Terre #humanité #planète #arte,https://www.youtube.com/watch?v=ZZBfYVgKhUw,0.025130,0.029725,0.004072,0.500270,1.930688,77.589525,2025-02-24 16:30:09,178,0.0487,1846.0000,0.0497,37937,1846,0,41,1887,71587119
Un village sans hommes 🇰🇪🚺✨ #arte #documentaire #kenya,https://www.youtube.com/watch?v=jtfRpgVpuKU,0.024804,0.029212,0.003766,0.500867,1.063398,42.829413,2023-10-07 17:00:34,58,0.0474,2020.0000,0.0496,42612,2020,0,95,2115,90124380
"A Rafah, ""on est entre la vie et la mort"" | Interview | ARTE",https://www.youtube.com/watch?v=sf0G5i6_U3o,0.019656,0.024461,0.011543,0.508046,0.498151,20.089176,2024-02-21 11:00:47,559,0.0316,545.0000,0.0495,17240,545,0,309,854,14722960
"Guerre d'Irak : ""Vous avez fait plus de mal que de bien"" 🇮🇶 #irak #animation",https://www.youtube.com/watch?v=wf_nTNg_Aes,0.024046,0.028770,0.007053,0.500750,0.780732,31.862057,2024-09-07 15:15:05,48,0.0464,975.0000,0.0490,20997,975,0,53,1028,21584916
Le danger des cordons bleus 😱 #shorts,https://www.youtube.com/watch?v=T-FDenMJSus,0.027869,0.028900,0.000779,0.500844,4.709784,192.507094,2022-11-07 14:10:23,59,0.0472,12065.0000,0.0489,255850,12065,0,453,12518,3202730300
💥 L'avis de Frida Kahlo sur les peintres parisiens #surréalisme #paris,https://www.youtube.com/watch?v=JGAlqey-k54,0.024848,0.029129,0.003549,0.500278,0.924761,37.791343,2023-03-21 17:30:02,60,0.0479,2163.0000,0.0489,45157,2163,0,46,2209,99751813
Death Note de Tsugumi Ōba | ARTE Book Club | ARTE,https://www.youtube.com/watch?v=el50Bf18SYI,0.027031,0.028748,0.000929,0.501033,5.193417,212.697171,2023-10-04 13:00:37,1101,0.0467,9906.0000,0.0488,212291,9906,0,460,10366,2200608506
Max Laulom nous dévoile les coulisses d'HIGH SCHOOL RADICAL | ARTE,https://www.youtube.com/watch?v=QxpDePLyUdM,0.025942,0.029221,0.001376,0.500847,15.924060,652.193469,2025-12-02 20:00:32,772,0.0470,6366.0000,0.0488,135525,6366,0,251,6617,896768925
Avortement : la croisade en ligne des anti-IVG | Citizen Facts (3/5) | ARTE,https://www.youtube.com/watch?v=SjRG42uZjsg,0.019691,0.023769,0.004271,0.508895,1.448657,59.566200,2023-11-02 11:00:30,2199,0.0303,1747.0000,0.0486,57730,1747,0,1060,2807,162048110
Ukraine : le retour des prisonniers de guerre #ukraine #artereportage,https://www.youtube.com/watch?v=cYOVK9bhhhY,0.024124,0.031856,0.005639,0.500600,21.724619,893.225570,2026-05-29 05:30:01,178,0.0466,1266.0000,0.0486,27157,1266,0,54,1320,35847240
Du discours antivax au conspirationnisme | Citizen Facts (1/5) | ARTE,https://www.youtube.com/watch?v=5zMhECSpo2o,0.018720,0.020388,0.002040,0.514646,5.313749,218.748293,2023-10-24 19:00:03,2118,0.0190,4073.0000,0.0486,213901,4073,0,6318,10391,2222645291
Une emission très particulière ! | _ Underscore | ARTE,https://www.youtube.com/watch?v=0nG9CnSUmhs,0.025048,0.028316,0.001742,0.501139,1.880054,77.814276,2022-09-30 22:00:01,1176,0.0458,4874.0000,0.0483,106350,4874,0,264,5138,546426300
🎨 Pourquoi les œuvres d'art brut pourraient-elles disparaître ? #art #creation,https://www.youtube.com/watch?v=hjYsdy3-TG8,0.023836,0.028382,0.007217,0.500014,0.435115,18.227399,2023-06-07 16:30:09,60,0.0466,949.0000,0.0477,20359,949,0,22,971,19768589
"💣 Les Pirates de l'Edelweiss, héros ou terroristes ? #résistance #allemagne",https://www.youtube.com/watch?v=poCvP1hZxVI,0.024126,0.028389,0.004174,0.500203,0.821565,34.467174,2023-06-09 16:30:07,60,0.0467,1794.0000,0.0476,38429,1794,0,37,1831,70363499
Afghanistan: les femmes résistent #afghanistan #reportage #arteinfo  #artereportage,https://www.youtube.com/watch?v=2zIKlUkvIOw,0.023770,0.028405,0.005556,0.500346,2.052950,86.264037,2025-08-08 17:00:04,176,0.0461,1288.0000,0.0476,27943,1288,0,41,1329,37136247
"À quoi ressemblerait le ""plat de base"" de 2040 ? 🌱 avec @BiosphereExperience",https://www.youtube.com/watch?v=qd0oKe7Gm9I,0.023620,0.027726,0.003250,0.501347,2.454383,103.417459,2025-01-22 17:00:57,56,0.0443,2393.0000,0.0474,53976,2393,0,168,2561,138232536
Les trous noirs à l'origine de la vie ? 🪐✨ #trounoir #univers #cosmos,https://www.youtube.com/watch?v=2oQLxLFOck0,0.023444,0.028066,0.008670,0.500125,0.588422,24.845961,2024-08-24 15:30:00,60,0.0458,765.0000,0.0473,16721,765,0,26,791,13226311
Le métier d’aides à domicile 🏡 #shorts,https://www.youtube.com/watch?v=aZuFt6XH4Fc,0.024559,0.027553,0.001654,0.501208,1.908863,81.023555,2022-07-26 13:55:18,56,0.0445,5167.0000,0.0471,116111,5167,0,303,5470,635127170
Des tags suffisent-ils à déstabiliser le monde entier ? Le Kremlin pense que oui. 🇷🇺 #bots #poutine,https://www.youtube.com/watch?v=cruDpiUsRRU,0.023347,0.027916,0.007256,0.500194,0.956922,40.744819,2025-02-04 17:00:46,176,0.0455,943.0000,0.0469,20736,943,0,30,973,20176128
L'unique roman d'Oscar Wilde 📕 #litterature #doriangray,https://www.youtube.com/watch?v=Fn8QLtHKYKA,0.023735,0.028034,0.005029,0.499990,0.649015,27.651214,2023-05-24 16:30:04,55,0.0462,1446.0000,0.0469,31272,1446,0,21,1467,45876024
Les Corps électriques | Documentaire | ARTE,https://www.youtube.com/watch?v=Se_DJlwr5JE,0.023498,0.027588,0.002910,0.501303,5.145769,219.474763,2025-09-19 18:00:35,2874,0.0439,2716.0000,0.0469,61866,2716,0,184,2900,179411400
Connaissez-vous le mythe d'Antigone ? 📜 #mythologie #heroine,https://www.youtube.com/watch?v=btp6_irxWNc,0.025053,0.028064,0.001610,0.500146,2.487650,106.156060,2023-07-12 16:30:13,60,0.0464,5327.0000,0.0469,114855,5327,0,55,5382,618149610
Dentiste des montagnes 🦷 #bhoutan #mountaindentistry,https://www.youtube.com/watch?v=CzULYRPf8bA,0.023332,0.027802,0.008016,0.499868,0.369733,15.830778,2023-04-26 16:30:04,54,0.0457,839.0000,0.0467,18347,839,0,17,856,15705032
Où sont passés les 7 milliards ?,https://www.youtube.com/watch?v=_j1TnB8c164,0.031683,0.028705,0.000390,0.500833,179.329503,7715.624663,2026-04-14 05:30:18,180,0.0448,26052.0000,0.0465,581782,26052,0,991,27043,15733130626
Generated Art : l'IA peut-elle créer de l'art ? | _Underscore | ARTE,https://www.youtube.com/watch?v=hoJxUA4hJjk,0.022943,0.027336,0.003432,0.501597,6.779858,291.789540,2025-12-30 16:30:18,1475,0.0428,2248.0000,0.0465,52506,2248,0,191,2439,128062134
La naissance de « Notre-Dame de Paris » #Littérature #VictorHugo,https://www.youtube.com/watch?v=fsi2Hhzkhro,0.023111,0.027751,0.011669,0.499537,0.498257,21.430502,2024-12-23 17:00:45,102,0.0455,538.0000,0.0464,11828,538,0,11,549,6493572
Faut-il planifier la biodiversité ? 🍃 #interventionnisme #nature,https://www.youtube.com/watch?v=dunBoMB-TXE,0.023091,0.027635,0.012642,0.499260,0.222832,9.629408,2023-06-11 16:30:07,46,0.0456,489.0000,0.0462,10717,489,0,6,495,5304915
Les héritiers de Stonewall | Documentaire | ARTE,https://www.youtube.com/watch?v=HAul1yoJVG8,0.021878,0.034569,0.012556,0.501184,22.579486,979.354178,2026-06-16 13:00:16,3914,0.0416,493.0000,0.0460,11841,493,0,52,545,6453345
La première autrice noire à obtenir le Prix Nobel de Littérature 📚 #tonimorrison #beloved,https://www.youtube.com/watch?v=9LRgPRyD28Q,0.022337,0.026685,0.007841,0.500792,0.392570,17.160055,2023-04-17 16:30:02,59,0.0430,861.0000,0.0457,20042,861,0,55,916,18358472
Avatars : nos identités numériques | _Underscore | ARTE,https://www.youtube.com/watch?v=UM2SQlnPBeI,0.023023,0.027268,0.003372,0.500715,5.958699,261.530367,2025-12-09 20:00:24,1236,0.0437,2294.0000,0.0455,52515,2294,0,98,2392,125615880
Et si on supprimait l’héritage ? | Les idées larges | ARTE,https://www.youtube.com/watch?v=_cDtdLNh_kY,0.018751,0.023788,0.004012,0.508051,22.074819,970.427509,2026-04-22 13:01:08,1724,0.0288,1878.0000,0.0455,65106,1878,0,1083,2961,192778866
Fan Art : hommage ou plagiat ? | _Underscore | ARTE,https://www.youtube.com/watch?v=C0LA4o3u0vY,0.022752,0.027089,0.003662,0.500978,5.900749,259.408178,2025-12-23 19:00:11,1579,0.0430,2086.0000,0.0455,48468,2086,0,118,2204,106823472
Elle a vécu toute sa vie dans l'ombre de son frère 🎼 #fannyhensel #musique,https://www.youtube.com/watch?v=MyqE1ZDmktM,0.022734,0.026878,0.005339,0.500282,0.587021,25.893940,2023-04-01 16:30:02,60,0.0440,1349.0000,0.0453,30657,1349,0,40,1389,42582573
Cette espèce est menacée d’extinction 😰 #nature #animaux,https://www.youtube.com/watch?v=ItXj7ocKNis,0.023234,0.027153,0.003563,0.500007,1.430420,63.157921,2024-05-28 16:00:25,56,0.0448,2153.0000,0.0453,48061,2153,0,23,2176,104580736
Être noir dans les camps de concentration,https://www.youtube.com/watch?v=jx-UQVY0BvA,0.023071,0.029252,0.003320,0.500380,29.688284,1312.447369,2026-05-19 05:30:14,174,0.0440,2335.0000,0.0452,53027,2335,0,63,2398,127158746
Creepypasta | _ Underscore | ARTE,https://www.youtube.com/watch?v=vzo4EI0EuL0,0.024477,0.026695,0.001312,0.500657,2.593278,114.990701,2022-10-29 18:00:33,1347,0.0436,6713.0000,0.0451,153844,6713,0,225,6938,1067369672
Écoutez le bruit de la pluie 🌧 #nature #asmr,https://www.youtube.com/watch?v=qKcfBBfRg1U,0.022177,0.026484,0.008491,0.500350,0.368510,16.366160,2023-06-10 16:30:07,28,0.0430,784.0000,0.0450,18231,784,0,36,820,14949420
La reine du crime 🔪 #agathachristie #suspense,https://www.youtube.com/watch?v=wiRnK0pd5rE,0.022487,0.026805,0.008689,0.499779,0.345932,15.368426,2023-05-29 16:30:10,59,0.0441,763.0000,0.0450,17304,763,0,15,778,13462512
Les belles rencontres du photographe Jérémie Villet dans le grand froid #shorts #photo #animals,https://www.youtube.com/watch?v=KRyq2yvZU2I,0.022358,0.026606,0.007944,0.500003,0.280212,12.487422,2022-03-25 16:00:10,35,0.0436,848.0000,0.0448,19430,848,0,23,871,16923530
Une fonction du second degré vraiment sans solution ? 🧮❓ #maths #fonctions,https://www.youtube.com/watch?v=uvdz6SiFltY,0.022878,0.026589,0.003103,0.500251,1.934665,86.891012,2024-08-31 15:01:03,60,0.0436,2524.0000,0.0445,57870,2524,0,52,2576,149073120
Les femmes peuvent-elles s'habiller comme elles le veulent ? 👗 #libres #ovidie,https://www.youtube.com/watch?v=wqphyg6IHwg,0.023264,0.025869,0.001645,0.501433,2.414549,108.498694,2023-04-28 16:30:15,52,0.0414,5202.0000,0.0445,125527,5202,0,384,5586,701193822
🔺𓂀 L'histoire des pharaons noirs #pharaon #egypte,https://www.youtube.com/watch?v=qlsVdJ7Si6c,0.021717,0.024946,0.002489,0.502902,1.515387,68.092185,2023-02-02 09:00:32,60,0.0384,3247.0000,0.0445,84588,3247,0,517,3764,318389232
Elle a fondé la toute première école d'infirmières #shorts #infirmiere #florencenightingale #arte,https://www.youtube.com/watch?v=W8EBWhW-tgc,0.022378,0.026608,0.008225,0.499630,0.271737,12.203745,2022-05-04 11:00:23,38,0.0440,814.0000,0.0445,18503,814,0,9,823,15227969
Où sont les Google et Facebook européens ? | Décryptage | ARTE,https://www.youtube.com/watch?v=VlLf6XBMWoA,0.021815,0.025337,0.001938,0.503511,22.454250,1011.163322,2026-03-05 16:30:12,510,0.0372,4318.0000,0.0444,116228,4318,0,843,5161,599852708
🐧 Les manchots vont-ils disparaitre ? #climat #rechauffementclimatique,https://www.youtube.com/watch?v=JcYvcuXrBPM,0.021810,0.026090,0.011182,0.499797,0.239577,10.864906,2023-02-23 17:30:01,60,0.0427,566.0000,0.0440,13265,566,0,18,584,7746760
Une maison pour seniors LGBTQ+ | ARTE Regards,https://www.youtube.com/watch?v=hzD9QM6XKr0,0.020145,0.026005,0.013993,0.502042,4.218226,192.377661,2026-04-29 10:01:19,1839,0.0374,433.0000,0.0438,11584,433,0,74,507,5873088
Gaza : thérapie dans la guerre | ARTE Reportage,https://www.youtube.com/watch?v=4Fz1lo6bY2s,0.020206,0.024791,0.012577,0.502112,1.178545,53.770328,2025-10-27 16:30:02,771,0.0375,492.0000,0.0438,13117,492,0,82,574,7529158
🎤 Qui était vraiment Nina Simone ? #musicqueens #féminisme,https://www.youtube.com/watch?v=CZLkAvJmlMQ,0.021797,0.025942,0.008098,0.499835,0.387131,17.769633,2023-06-30 16:30:02,60,0.0426,829.0000,0.0435,19439,829,0,17,846,16445394
La chasse : simple plaisir de tuer ? | Les questions qui fâchent | ARTE,https://www.youtube.com/watch?v=dOx0kJm6JJ0,0.015972,0.020945,0.014102,0.508918,3.639306,167.217265,2026-03-10 14:01:00,1601,0.0233,429.0000,0.0435,18402,429,0,371,800,14721600
Lieutenante dans le Donbass | Décryptage | ARTE,https://www.youtube.com/watch?v=trq2vg3O9nE,0.019588,0.024137,0.008482,0.503427,2.685393,123.722480,2025-12-30 14:01:28,422,0.0352,785.0000,0.0434,22276,785,0,181,966,21518616
Raconter en une seule image  | _ Underscore (3/5) | ARTE,https://www.youtube.com/watch?v=6QMo55NwzOc,0.022499,0.025594,0.002307,0.500568,1.333690,61.665878,2022-09-24 18:00:04,1074,0.0418,3541.0000,0.0432,84660,3541,0,120,3661,309940260
Pas de Halloween à Shanghai ? On vous explique ! 🎃🦇#expresso,https://www.youtube.com/watch?v=Og_jsmfNyh4,0.022300,0.025975,0.003421,0.499959,1.881099,87.057866,2024-10-31 16:00:32,60,0.0428,2256.0000,0.0432,52667,2256,0,19,2275,119817425
🇺🇸  Mes amis d'enfance sont pro-Trump : le choc (React ft @mathieuburgalassi ) I Le Dock,https://www.youtube.com/watch?v=kviWji3js2I,0.019766,0.036648,0.014240,0.502059,31.885466,1478.082644,2026-06-20 19:00:21,8067,0.0366,424.0000,0.0431,11589,424,0,75,499,5782911
Un féminicide toutes les 10 minutes ! #violencesfaitesauxfemmes #Féminicide #arte #expresso,https://www.youtube.com/watch?v=Bu2H69edt08,0.019275,0.023604,0.017186,0.502518,0.360507,16.709834,2024-11-28 16:00:14,102,0.0351,338.0000,0.0430,9641,338,0,77,415,4001015
🇪🇺 Sauver les forêts européennes : mission impossible ? (jeu de rôle) | EUROPARTIE | ARTE,https://www.youtube.com/watch?v=w4Nf2HrqC7c,0.020872,0.025171,0.011930,0.500392,0.570015,26.491451,2025-02-22 10:01:04,4546,0.0403,524.0000,0.0430,13013,524,0,35,559,7274267
« Ils se sont acharnés sur moi. » #hongkong #reportage #témoignage #arteinfo,https://www.youtube.com/watch?v=luNLVbT8Qok,0.020913,0.025341,0.028593,0.498269,0.196533,9.112547,2025-02-27 17:01:02,92,0.0409,181.0000,0.0429,4428,181,0,9,190,841320
TikTok au secours du livre ? | Twist | ARTE,https://www.youtube.com/watch?v=ntcHSu71iRE,0.022664,0.026302,0.001930,0.500537,21.320770,993.752763,2026-03-15 16:30:31,1767,0.0416,4338.0000,0.0429,104289,4338,0,136,4474,466588986
Comment la France a créé (puis détesté) la danse electro | Rebonds | ARTE,https://www.youtube.com/watch?v=KKdG0gOOzMU,0.020236,0.030506,0.008391,0.501892,28.449800,1326.416711,2026-06-12 18:43:11,5279,0.0378,795.0000,0.0428,21027,795,0,106,901,18945327
Faut-il vider les musées ? | Les idées larges | ARTE,https://www.youtube.com/watch?v=092redEdunY,0.020743,0.024000,0.002982,0.502689,1.256586,58.780911,2023-03-01 20:00:00,1476,0.0370,2641.0000,0.0427,71407,2641,0,411,3052,217934164
"La peine de mort, le combat de Victor Hugo #Littérature #éducation",https://www.youtube.com/watch?v=oMX5To8gr-A,0.021249,0.025469,0.010860,0.499540,0.545697,25.614886,2024-12-27 17:00:49,90,0.0418,586.0000,0.0425,14035,586,0,11,597,8378895
Inde et Chine: les filles enfin les bienvenues #naissances #inde #chine #artereportage #arte,https://www.youtube.com/watch?v=W2n-uYqUBao,0.022073,0.026279,0.002653,0.500357,16.595550,780.087341,2026-03-27 08:30:25,167,0.0415,3019.0000,0.0425,72765,3019,0,76,3095,225207675
Les véritables génies existent-ils ? | Est-il vrai que...? | ARTE,https://www.youtube.com/watch?v=d-51t1dUY4k,0.019582,0.123771,0.041260,0.498401,66.000000,3092.000000,2026-06-28 10:00:08,1560,0.0369,114.0000,0.0424,3092,114,0,17,131,405052
"Lire Despentes, enfin ! | ARTE Book Club | ARTE",https://www.youtube.com/watch?v=FM5k9cvSuW0,0.021494,0.024995,0.003659,0.500513,0.617810,29.186538,2021-09-09 16:00:07,1133,0.0408,2088.0000,0.0423,51163,2088,0,77,2165,110767895
Les pavages du plan ou les maths du carrelage | Voyages au pays des maths | ARTE,https://www.youtube.com/watch?v=sQMg_EwiUzU,0.024044,0.024955,0.001014,0.500569,4.154062,197.477707,2023-06-10 13:00:43,603,0.0408,8980.0000,0.0421,220008,8980,0,275,9255,2036174040
Peut-on grandir sans se trahir ? | Les idées larges | ARTE,https://www.youtube.com/watch?v=6E8p3DMHO2U,0.029826,0.024991,0.000415,0.500407,10.589246,504.983292,2023-04-12 19:00:02,1099,0.0411,24331.0000,0.0419,592265,24331,0,507,24838,14710678070
Bientôt la fin des réseaux sociaux ? #instagram #tiktok #arte #arteinfo,https://www.youtube.com/watch?v=Gw7gLeYEEcM,0.021645,0.024840,0.002251,0.501034,8.250552,394.107081,2025-11-06 17:00:35,149,0.0395,3643.0000,0.0419,92191,3643,0,216,3859,355765069
C’est quoi les mégafeux ? 🔥  #incendie #éducation,https://www.youtube.com/watch?v=xj0WjaJHiB8,0.020923,0.025062,0.010231,0.499533,0.632507,30.239762,2025-02-07 17:01:13,101,0.0411,629.0000,0.0418,15299,629,0,10,639,9776061
👦 Il est le seul élève de son école #grèce #education,https://www.youtube.com/watch?v=JWpet_5j2G0,0.021369,0.024833,0.003644,0.500190,0.945765,45.372020,2023-05-22 16:30:03,60,0.0408,2098.0000,0.0417,51404,2098,0,44,2142,110107368
La culture dans le viseur de Trump ! #Trump #culture #BlackLivesMatter #KennedyCenter #arteinfo,https://www.youtube.com/watch?v=H6n3IIg3aXI,0.019729,0.023939,0.014526,0.500876,0.504506,24.194414,2025-03-28 18:00:13,122,0.0375,414.0000,0.0416,11054,414,0,46,460,5084840
Le poison des polluants éternels : invisibles et indestructibles | #pfas,https://www.youtube.com/watch?v=cb4NvOCFdIk,0.020952,0.026048,0.005272,0.500211,10.299259,495.373141,2026-04-21 05:30:28,180,0.0404,1369.0000,0.0416,33885,1369,0,39,1408,47710080
"Pourquoi l'Espagne dit-elle ""non à la guerre"" ? #espagne #iran #arteinfo #expresso",https://www.youtube.com/watch?v=oMW7NgSoWvM,0.024020,0.024711,0.000863,0.501831,54.286776,2613.956034,2026-03-11 17:30:15,129,0.0378,10754.0000,0.0415,284668,10754,0,1069,11823,3365629764
"Tutsi, elles racontent l'horreur, au-delà de l'imaginable #rwanda #gaëlfaye",https://www.youtube.com/watch?v=LD6zpfHhbCQ,0.022346,0.024191,0.001448,0.501006,2.695963,130.641626,2023-04-08 16:30:03,60,0.0391,6010.0000,0.0413,153758,6010,0,335,6345,975594510
"La virilité, un fléau qui ne date pas d'hier 🤦‍♂️ #Féminisme #Documentaire",https://www.youtube.com/watch?v=mNQlNzDD-Q0,0.019440,0.023570,0.013451,0.501125,0.520489,25.236591,2025-02-23 17:00:51,114,0.0367,454.0000,0.0412,12364,454,0,55,509,6293276
Les droits des femmes menacés en Lettonie | ARTE Regards,https://www.youtube.com/watch?v=Ir0WgmQqtJU,0.017121,0.024003,0.019833,0.504204,5.859922,284.491194,2026-05-25 10:00:29,1846,0.0292,284.0000,0.0411,9734,284,0,116,400,3893600
Sommes-nous tous bisexuels ? | 42 - La réponse à presque tout | ARTE,https://www.youtube.com/watch?v=d4wf7oWkLs4,0.028102,0.024282,0.000480,0.500910,23.146644,1127.706124,2025-03-16 16:30:09,1642,0.0392,20720.0000,0.0410,528832,20720,0,988,21708,11479885056
Les cités interdites de l'URSS #urss #russie #cite,https://www.youtube.com/watch?v=U_A0P_xB1w4,0.020714,0.024502,0.006707,0.499849,0.409006,19.913752,2022-12-20 14:04:37,50,0.0404,1034.0000,0.0410,25610,1034,0,17,1051,26916110
Islam : changer le système patriarcal | Interview de Kahina Bahloul | ARTE,https://www.youtube.com/watch?v=CpmcJ9cmNjo,0.014649,0.017076,0.004240,0.512342,1.083317,52.824383,2020-09-10 12:33:11,657,0.0158,1762.0000,0.0410,111835,1762,0,2824,4586,512875310
Musées européens en danger ? | ARTE Europe l'Hebdo,https://www.youtube.com/watch?v=czF3ObXLuGk,0.019267,0.025902,0.016777,0.500819,5.266660,256.615308,2026-05-22 10:00:49,603,0.0364,348.0000,0.0409,9550,348,0,43,391,3734050
"L’avortement, ma bataille | Reportage | ARTE Regards",https://www.youtube.com/watch?v=NL05SyBwsMk,0.015816,0.020026,0.018806,0.506387,0.770993,37.630649,2025-08-08 09:00:44,1832,0.0248,303.0000,0.0409,12202,303,0,196,499,6088798
Cette découverte bouscule l'histoire de l'Homme ! #archéologie #sulawesi,https://www.youtube.com/watch?v=s2qSIQQ59i8,0.021449,0.024741,0.002232,0.500546,12.170536,595.703919,2026-01-23 06:30:35,148,0.0395,3678.0000,0.0409,93145,3678,0,127,3805,354416725
🎬 La toute première réalisatrice d'un film de fiction #histoire #cinema,https://www.youtube.com/watch?v=lHblquVBpRA,0.020327,0.024303,0.012164,0.499493,0.239519,11.713180,2023-06-28 16:30:06,60,0.0399,512.0000,0.0408,12837,512,0,12,524,6726588
Ukraine : un ange venu d‘Allemagne | ARTE Reportage,https://www.youtube.com/watch?v=8olxhju5BVY,0.019025,0.023025,0.009532,0.501930,0.916308,45.029310,2025-04-24 15:30:03,1501,0.0353,684.0000,0.0406,19362,684,0,103,787,15237894
Le paradoxe de la viande | ARTE,https://www.youtube.com/watch?v=qQ6OuH63fK0,0.019051,0.022582,0.005299,0.502694,0.674040,33.217054,2023-03-26 19:00:16,581,0.0344,1361.0000,0.0406,39523,1361,0,242,1603,63355369
Comment érotiser l'égalité sexuelle ? | Les idées larges | ARTE,https://www.youtube.com/watch?v=xjpdq6kbWVI,0.019970,0.022371,0.002116,0.503301,3.308783,163.444753,2024-07-17 15:30:19,1372,0.0336,3907.0000,0.0405,116207,3907,0,797,4704,546637728
Bientôt la découverte d'une neuvième planète ? ! #astronomie #espace,https://www.youtube.com/watch?v=IzWfGT-dnfg,0.020224,0.023637,0.004265,0.500879,0.716817,35.438842,2022-12-10 15:00:09,60,0.0381,1750.0000,0.0404,45929,1750,0,107,1857,85290153
Bertha Benz démocratise l’automobile ! 🚗 #shorts,https://www.youtube.com/watch?v=zZnV9tIUlik,0.020223,0.024021,0.008391,0.499843,0.282152,13.953888,2022-07-15 09:00:45,57,0.0394,795.0000,0.0404,20153,795,0,19,814,16404542
"Arménie, le sang des montagnes | ARTE",https://www.youtube.com/watch?v=G2yecyTu_Mg,0.018578,0.029471,0.010617,0.502103,25.238497,1255.919081,2026-06-14 15:30:06,3172,0.0343,602.0000,0.0401,17566,602,0,103,705,12384030
Le mariage de Louis XVI et Marie-Antoinette a failli être très différent 🐬 #shorts #histoire #arte,https://www.youtube.com/watch?v=K1Biy51t0wc,0.020586,0.023836,0.003650,0.500201,0.712591,35.564352,2022-05-17 16:00:13,39,0.0392,2094.0000,0.0401,53452,2094,0,47,2141,114440732
Enfants ukrainiens : dans le collimateur de Moscou | Tracks East | ARTE,https://www.youtube.com/watch?v=FUofRgrYTB0,0.017051,0.021189,0.014644,0.504031,0.987636,49.328596,2025-09-19 15:30:09,1928,0.0295,410.0000,0.0400,13910,410,0,146,556,7733960
"🦠 Le Blob, ce génie sans cerveau #sciences #organisme",https://www.youtube.com/watch?v=uO9N16_w8w0,0.020456,0.023810,0.004095,0.500112,0.756936,37.890508,2023-02-08 17:30:10,52,0.0392,1834.0000,0.0399,46829,1834,0,36,1870,87570230
💰 Pauvres malgré le job,https://www.youtube.com/watch?v=QR2c6f7fpo8,0.020042,0.023497,0.004787,0.500570,0.648393,32.460906,2023-02-07 17:30:05,60,0.0381,1531.0000,0.0399,40151,1531,0,72,1603,64362053
Dans la future station lunaire 🌔 | #lune,https://www.youtube.com/watch?v=nfBWMJlBZJY,0.020022,0.024483,0.007329,0.499965,4.012352,200.869183,2026-03-01 09:01:05,180,0.0389,932.0000,0.0399,23955,932,0,24,956,22900980
😲 Seule contre la mafia et les nazis #histoire #héroïne,https://www.youtube.com/watch?v=jIq1VT7UgLk,0.020066,0.023860,0.008082,0.499729,0.561779,28.143394,2024-06-05 16:00:42,60,0.0392,831.0000,0.0399,21191,831,0,14,845,17906395
Une espèce à part : La feuille qui cache la forêt #planète #arte,https://www.youtube.com/watch?v=vF23wKKdJ7o,0.019836,0.023924,0.021187,0.498398,0.277579,13.887249,2025-03-04 16:30:16,148,0.0392,262.0000,0.0398,6679,262,0,4,266,1776614
Mouvement de révolte en Iran | Desintox #shorts,https://www.youtube.com/watch?v=teYj4RzBXAQ,0.020003,0.023677,0.007134,0.499945,0.370408,18.594021,2022-11-05 16:00:26,60,0.0389,962.0000,0.0398,24748,962,0,23,985,24376780
Où va l’eau des toilettes ?? 🧻🚽 #shorts,https://www.youtube.com/watch?v=I6a9Gr3xu8U,0.021695,0.023773,0.001698,0.500174,1.717449,86.323521,2022-06-08 15:46:22,59,0.0392,5016.0000,0.0398,127843,5016,0,70,5086,650209498
"Charli XCX, Alone Together | Documentaire | ARTE",https://www.youtube.com/watch?v=0zEgyP1U3WA,0.019932,0.031308,0.007147,0.499984,38.393713,1931.990333,2026-06-15 19:00:14,3884,0.0387,960.0000,0.0397,24808,960,0,25,985,24435880
La femme au cerveau erotique #shorts,https://www.youtube.com/watch?v=A6jcwBdoZok,0.022531,0.023461,0.001159,0.500556,2.644702,133.516346,2022-05-12 17:05:37,60,0.0384,7725.0000,0.0396,201332,7725,0,250,7975,1605622700
La meilleure gymnaste du siècle ! #shorts,https://www.youtube.com/watch?v=yE-f98m9QhU,0.023822,0.023764,0.000885,0.500065,3.472050,175.295119,2022-05-06 09:32:24,54,0.0394,10454.0000,0.0396,265438,10454,0,60,10514,2790815132
Finissez-vous vos jeux vidéo ? | Jour de play | ARTE,https://www.youtube.com/watch?v=Kzw57GVUtzA,0.018742,0.022534,0.009336,0.501539,0.564700,28.505941,2024-07-27 09:00:13,1299,0.0351,701.0000,0.0396,19990,701,0,90,791,15812090
L'histoire derrière les 1001 nuits 📚 #litterature #shéhérazade,https://www.youtube.com/watch?v=-tfsGD5sz5A,0.020734,0.023451,0.002451,0.500452,1.522396,76.985032,2023-06-04 16:30:00,60,0.0383,3305.0000,0.0395,86219,3305,0,104,3409,293920571
Héritage | Une espèce à part #10 | ARTE,https://www.youtube.com/watch?v=V_ZkMjYAtbM,0.019847,0.022782,0.003138,0.501423,0.523936,26.498613,2019-05-25 16:00:03,193,0.0363,2491.0000,0.0395,68657,2491,0,223,2714,186335098
100 000 places pour aider les SDF sous Macron ? | Désintox | ARTE #SansAbris #Macron #Desintox,https://www.youtube.com/watch?v=-nkqd40BXIY,0.019649,0.023248,0.006160,0.500533,0.679701,34.361644,2024-01-26 10:04:34,60,0.0376,1142.0000,0.0395,30383,1142,0,59,1201,36489983
Votre téléphone vous espionne ! #databrokers,https://www.youtube.com/watch?v=flc_PYkTi7w,0.020016,0.028603,0.005505,0.500047,34.324171,1736.102114,2026-06-09 05:30:06,148,0.0387,1302.0000,0.0395,33686,1302,0,29,1331,44836066
📱 Êtes-vous accro à votre téléphone ? #addiction #dopamine,https://www.youtube.com/watch?v=aTEn6eOawzQ,0.019881,0.023581,0.007834,0.499781,0.397757,20.111409,2023-06-19 16:30:00,60,0.0388,862.0000,0.0395,22222,862,0,16,878,19510916
Le calvaire des Ouïghours en Chine #shorts #ouïghours #chine #arte,https://www.youtube.com/watch?v=8DQnX1ZDfwg,0.018866,0.022389,0.006298,0.501827,0.409784,20.741139,2022-04-14 11:00:08,57,0.0349,1113.0000,0.0395,31862,1113,0,145,1258,40082396
"""Quand j'ai la caméra, j'ai jamais peur"" #reportage #arteinfo #actualité #reportage",https://www.youtube.com/watch?v=xr-OIOWgi3o,0.019759,0.023635,0.008948,0.499689,0.874575,44.368391,2025-04-24 17:01:22,106,0.0386,737.0000,0.0394,19075,737,0,14,751,14325325
"💸 Aider les autres, c’est s’appauvrir ? #argent #métier #capitalisme",https://www.youtube.com/watch?v=AilUrHWuW_U,0.019659,0.023625,0.008073,0.499883,1.615850,82.287244,2025-10-07 09:00:20,71,0.0383,832.0000,0.0392,21745,832,0,21,853,18548485
Un racisme ordinaire des milieux populaires #lesannées60 #immigration #documentaire,https://www.youtube.com/watch?v=F_94910-7No,0.025573,0.022190,0.000586,0.502314,10.377996,530.211827,2024-01-02 18:00:04,54,0.0345,16586.0000,0.0391,481370,16586,0,2257,18843,9070454910
Europe : les droites extrêmes en ordre de bataille ? | Décryptage | ARTE,https://www.youtube.com/watch?v=06bIN3-VYY4,0.015351,0.019181,0.009450,0.506922,2.169624,111.230391,2025-10-09 09:00:01,700,0.0237,691.0000,0.0390,29171,691,0,446,1137,33167427
Peut-on séparer l'œuvre de l'auteur ? | Les idées larges | ARTE,https://www.youtube.com/watch?v=87TnE84JuZU,0.021784,0.023813,0.001304,0.500711,32.337440,1660.508718,2026-03-11 16:30:04,1585,0.0374,6761.0000,0.0389,180904,6761,0,284,7045,1274468680
Le fils qu'ils n'ont jamais eu | High school radical (3/4) | ARTE,https://www.youtube.com/watch?v=Vtq_F5EOKaM,0.027563,0.023337,0.000478,0.500661,46.307101,2382.894658,2025-11-07 16:30:12,1364,0.0375,20813.0000,0.0389,555083,20813,0,760,21573,11974805559
La GenZ dans la rue : naissance d’une génération en feu | Décryptage | ARTE,https://www.youtube.com/watch?v=s_FTQT46M9w,0.018632,0.022579,0.007936,0.501367,2.055777,105.686524,2025-11-10 19:01:02,647,0.0350,849.0000,0.0389,24291,849,0,95,944,22930704
"Le parfum d'Irak, la série initiale | ARTE",https://www.youtube.com/watch?v=sfxcOGkpGag,0.026091,0.022645,0.000559,0.501146,3.384077,174.177827,2018-12-18 17:30:02,2830,0.0365,17479.0000,0.0389,478798,17479,0,1125,18604,8907557992
Gaza : la faim d'un monde | ARTE Reportage,https://www.youtube.com/watch?v=Osog8PCmyIQ,0.016934,0.020641,0.006604,0.504616,2.767587,142.387308,2025-10-13 15:30:14,1621,0.0287,1053.0000,0.0388,36734,1053,0,374,1427,52419418
🩰 Drag queens et danse classique #trocks #art,https://www.youtube.com/watch?v=jjpAaJtJYuI,0.019392,0.023041,0.008566,0.499915,0.334196,17.196043,2023-03-19 17:30:05,60,0.0377,776.0000,0.0388,20582,776,0,23,799,16445018
"La propagande pour ""ménagère"" 2 | Masha on Russia | ARTE",https://www.youtube.com/watch?v=vEpPQtDjUfc,0.018698,0.023434,0.009913,0.500894,4.067963,209.292423,2026-04-01 18:00:56,1158,0.0355,653.0000,0.0388,18393,653,0,61,714,13132602
Bientôt on ne pourra plus aller dans l'espace ? #espace #astronomie,https://www.youtube.com/watch?v=N9AxA3kpKGs,0.020133,0.023140,0.002481,0.500910,8.524347,439.199080,2025-12-08 06:30:09,154,0.0367,3260.0000,0.0388,88877,3260,0,189,3449,306536773
Faut-il se reconfiner pour protéger la nature ? 🌳 #covid19 #confinement,https://www.youtube.com/watch?v=8wWLKvFn2eQ,0.019080,0.022316,0.004409,0.501433,0.860509,44.368784,2023-07-19 16:30:02,60,0.0353,1684.0000,0.0388,47694,1684,0,165,1849,88186206
Ces habitants ont sauvé leur ville de la disparition #mauritanie #artereportage,https://www.youtube.com/watch?v=GDrZiB8g6VM,0.019423,0.024006,0.009473,0.499661,3.475929,179.148615,2026-03-19 08:45:01,149,0.0380,689.0000,0.0387,18142,689,0,14,703,12753826
"Gaza, l'espoir en ruines | Tracks East | ARTE",https://www.youtube.com/watch?v=p7EFP6R3pnU,0.017931,0.022160,0.022158,0.500564,0.674215,34.702096,2025-11-27 19:00:55,1808,0.0336,248.0000,0.0387,7386,248,0,38,286,2112396
Fairouz et son impact sur la guerre civile libanaise #Liban #Fairouz #musique,https://www.youtube.com/watch?v=UVYHEU40_qE,0.019461,0.023326,0.011687,0.499249,0.569273,29.361089,2025-03-08 17:00:35,97,0.0383,537.0000,0.0387,14003,537,0,5,542,7589626
Les astéroïdes ont apporté la vie sur Terre ? ☄️,https://www.youtube.com/watch?v=eK5asf7q6go,0.019624,0.026366,0.005461,0.500037,22.903292,1183.336776,2026-05-30 07:00:04,170,0.0378,1314.0000,0.0387,34720,1314,0,29,1343,46628960
A quoi sert la police ? | Les idées larges | ARTE,https://www.youtube.com/watch?v=_6mhxc4bsac,0.018978,0.022086,0.003849,0.501765,1.348674,69.801397,2024-04-03 15:30:09,1543,0.0346,1970.0000,0.0386,56957,1970,0,230,2200,125305400
La révolte des femmes chiliennes #Féminisme #Féministe,https://www.youtube.com/watch?v=4LjAve6jmrU,0.024029,0.023147,0.000773,0.500322,12.430750,643.921659,2025-02-14 17:00:08,55,0.0379,12170.0000,0.0386,321268,12170,0,233,12403,3984687004
Alicia Boole au pays des polytopes | Voyages au pays des maths | ARTE,https://www.youtube.com/watch?v=Ufx9x-JzZjQ,0.022025,0.022944,0.001201,0.500459,3.861977,200.088984,2023-10-14 16:00:32,585,0.0375,7422.0000,0.0386,197681,7422,0,208,7630,1508306030
Un secret imaginaire ?! | _ Underscore (2/5) | ARTE,https://www.youtube.com/watch?v=PIlAd0jYchE,0.020350,0.022108,0.001732,0.501557,1.945818,101.365886,2022-09-17 18:00:08,1382,0.0351,4905.0000,0.0384,139873,4905,0,464,5369,750978137
Le lien étroit entre les Cozy games et le Jazz,https://www.youtube.com/watch?v=2HXCMJxr0Wk,0.019433,0.023100,0.006442,0.499852,1.502865,78.287956,2025-06-26 16:00:03,180,0.0377,1084.0000,0.0384,28729,1084,0,18,1102,31659358
👀 Des nazis dans Le Petit Prince ? #litterature #histoire,https://www.youtube.com/watch?v=a9-s21unLLo,0.017787,0.021399,0.008738,0.502219,0.624505,32.566593,2024-07-13 16:00:01,53,0.0326,758.0000,0.0383,23284,758,0,134,892,20769328
💔 Les cicatrices de Freddie Mercury #musique #amour,https://www.youtube.com/watch?v=hxdWreLqmws,0.019270,0.022893,0.008374,0.499680,0.501891,26.205995,2024-04-11 16:30:06,58,0.0376,797.0000,0.0383,21173,797,0,13,810,17150130
🩺​ Corée du Nord : un retard sur le plan médical ? #médecine #reportage #arteinfo,https://www.youtube.com/watch?v=1zj5RGj83nc,0.018911,0.022908,0.012027,0.499748,1.050553,54.842781,2025-10-14 15:00:07,166,0.0368,519.0000,0.0382,14095,519,0,20,539,7597205
La mort à l'amiante #shorts #amiante,https://www.youtube.com/watch?v=hCCNG2cH7Lw,0.018588,0.022137,0.008365,0.500834,0.322278,16.839703,2022-10-25 15:00:34,60,0.0353,798.0000,0.0382,22599,798,0,66,864,19525536
"""N'importe qui peut se retrouver en prison"" #russie #ukraine #témoignage #arte",https://www.youtube.com/watch?v=z6N5rDD9oH8,0.019043,0.022988,0.028342,0.497489,0.187908,9.789395,2025-02-18 17:01:09,115,0.0378,183.0000,0.0382,4845,183,0,2,185,896325
Pourquoi y a des corps à Pompéi !? 😱 #shorts,https://www.youtube.com/watch?v=GYm6ludGKFE,0.019276,0.022710,0.006406,0.499970,0.372309,19.492739,2022-05-20 12:51:01,58,0.0373,1091.0000,0.0382,29241,1091,0,25,1116,32632956
À votre service | Documentaire | ARTE,https://www.youtube.com/watch?v=zb7IpUs8t2U,0.020070,0.023404,0.001876,0.501531,36.654210,1920.865993,2026-04-22 18:00:57,3546,0.0349,4480.0000,0.0382,128471,4480,0,422,4902,629764842
"Ukraine, journal d’un pacifiste | Documentaire | ARTE",https://www.youtube.com/watch?v=su6hGJs8sbw,0.020360,0.022872,0.001745,0.501286,21.320917,1117.383463,2026-02-25 14:01:23,5362,0.0354,4864.0000,0.0382,137492,4864,0,382,5246,721283032
Deux femmes sur le front ukrainien | #ukraine #russie #guerre,https://www.youtube.com/watch?v=AWf_qDa4Gvw,0.017811,0.021878,0.007336,0.502306,3.792561,198.640155,2026-02-04 06:30:08,140,0.0325,931.0000,0.0382,28676,931,0,163,1094,31371544
"La peste, bénéfique pour l'humanité ? 🦠",https://www.youtube.com/watch?v=S8Pcuo_E3JM,0.020427,0.025042,0.002002,0.500522,54.665592,2865.172412,2026-05-20 05:30:08,180,0.0369,4162.0000,0.0381,112897,4162,0,145,4307,486247379
"Palestinienne, elle témoigne du changement de situation entre 1948 et 2024 #palestine #syrie",https://www.youtube.com/watch?v=8I8rmT_8F-4,0.019076,0.022391,0.004761,0.500670,1.390779,73.100091,2024-11-20 17:00:09,59,0.0360,1541.0000,0.0380,42758,1541,0,85,1626,69524508
Hubs de retour : solution miracle ou mirage européen ? | ARTE Europe l'hebdo,https://www.youtube.com/watch?v=DxHV8Y2DBqM,0.016127,0.025974,0.024336,0.502753,9.281088,486.625019,2026-06-12 10:00:03,635,0.0280,221.0000,0.0380,7891,221,0,79,300,2367300
Patiner à l'âge de 80 ans ! #patinage #neige,https://www.youtube.com/watch?v=RejWQHjvJw0,0.018980,0.022751,0.011911,0.499439,0.508556,26.721446,2025-01-16 16:00:32,112,0.0372,525.0000,0.0380,14108,525,0,11,536,7561888
La première icône du septième Art 🎥🤩 #cinéma #astanielsen,https://www.youtube.com/watch?v=nADvedjZQPg,0.019219,0.022795,0.008191,0.499573,0.463615,24.378206,2024-01-18 17:30:09,57,0.0376,818.0000,0.0380,21743,818,0,8,826,17959718
"Bérénice, il faut pas la chercher | #samuel",https://www.youtube.com/watch?v=gEfriRRIlHY,0.018958,0.026993,0.011133,0.499547,13.048035,686.420654,2026-06-06 07:00:24,77,0.0371,569.0000,0.0380,15335,569,0,13,582,8924970
"Amis virtuels, dangers réels - Enquête sur les nouveaux compagnons IA des ados | Sources | ARTE",https://www.youtube.com/watch?v=FtPsGxxsUEk,0.020166,0.027278,0.001699,0.501596,153.143025,8081.414983,2026-06-10 15:30:16,1268,0.0345,5015.0000,0.0379,145356,5015,0,493,5508,800620848
Angela Davis vs Ronald Reagan | Duels d'Histoire | ARTE,https://www.youtube.com/watch?v=e64E0lw13DY,0.019240,0.022542,0.005155,0.500118,0.719496,37.964634,2023-09-30 13:00:25,711,0.0369,1405.0000,0.0379,38044,1405,0,36,1441,54821404
"Hongrie, la traque des anti fascistes | ARTE Regards",https://www.youtube.com/watch?v=bN-mxMXs2OQ,0.014765,0.019221,0.007159,0.507566,11.271298,594.798465,2026-04-15 10:01:05,1812,0.0217,958.0000,0.0379,44143,958,0,714,1672,73807096
"Shaïna, histoire d’un mépris criminel (2/2) | Sans trace | ARTE",https://www.youtube.com/watch?v=1LYYC_KkX3A,0.019585,0.021882,0.001638,0.502933,33.147068,1757.028776,2026-03-26 16:30:01,2720,0.0317,5227.0000,0.0377,165064,5227,0,1000,6227,1027853528
Comment éradiquer l'excision ? #tanzanie #documentaire,https://www.youtube.com/watch?v=1LfUcQyphLA,0.018805,0.022189,0.005752,0.500565,0.949800,50.337223,2024-08-10 15:30:00,59,0.0358,1237.0000,0.0377,34581,1237,0,67,1304,45093624
"Peut-on sauver le monde en jouant aux jeux vidéo ?  | Gymnastique, la culture en s'amusant | ARTE",https://www.youtube.com/watch?v=cFzCMn_RHF4,0.018712,0.022244,0.009269,0.499986,0.244968,12.993645,2022-05-20 10:30:06,323,0.0363,707.0000,0.0377,19493,707,0,27,734,14307862
👧 Les jeunes filles face aux premières violences sexuelles #libres #ovidie,https://www.youtube.com/watch?v=FFbrZhKq0Eg,0.018144,0.021518,0.006636,0.501444,0.508300,26.986486,2023-05-07 16:30:03,57,0.0338,1047.0000,0.0376,30979,1047,0,119,1166,36121514
"Inceste, le combat d’une vie | Documentaire | ARTE",https://www.youtube.com/watch?v=yzkSVBw3eOs,0.019964,0.029393,0.001839,0.501348,191.316608,10171.236389,2026-06-15 15:30:27,3112,0.0347,4583.0000,0.0376,132087,4583,0,385,4968,656208216
Russie : la guerre des utérus  | ARTE Reportage,https://www.youtube.com/watch?v=v5AF6LBIOOo,0.014442,0.017752,0.008491,0.507554,0.851191,45.275299,2024-04-02 13:00:59,1499,0.0212,784.0000,0.0376,36994,784,0,606,1390,51421660
Savez-vous vraiment ce qu'est la Bioponie ? 🌍🌾  #lowtech,https://www.youtube.com/watch?v=zV-2jY4bxLc,0.018945,0.022413,0.007363,0.499760,0.505434,26.946133,2023-12-08 18:30:43,59,0.0369,927.0000,0.0375,25137,927,0,15,942,23679054
Munitions enfouies : la Suisse appelle à l'aide 💥 #munitions #expresso #arte #expresso,https://www.youtube.com/watch?v=61q2udV38Wo,0.030418,0.022430,0.000361,0.500314,21.433098,1144.024490,2024-08-22 15:00:06,60,0.0368,28422.0000,0.0375,772225,28422,0,512,28934,22343558150
📼 En Mode VHS vous explique la création de la zik-zik | En Mode | ARTE #musique #histoire,https://www.youtube.com/watch?v=9LobQUafCeE,0.018685,0.021993,0.005862,0.500528,0.548649,29.275913,2023-04-23 16:30:00,56,0.0356,1210.0000,0.0375,34017,1210,0,64,1274,43337658
Ça va mal finir | HIGH SCHOOL RADICAL (2/4) | ARTE,https://www.youtube.com/watch?v=uhioLEQcpNk,0.027831,0.022484,0.000448,0.500640,49.468949,2643.662890,2025-11-06 16:30:21,1218,0.0361,22326.0000,0.0374,618471,22326,0,819,23145,14314511295
la fierté LGBTQ+ face à Orban | Reportage | ARTE Regards,https://www.youtube.com/watch?v=RcegIo0LT1E,0.015063,0.018924,0.010892,0.505831,2.250543,120.213619,2025-12-08 11:01:01,1827,0.0240,584.0000,0.0374,24304,584,0,325,909,22092336
Ce mathématicien de génie nous a fait gagner la guerre #ww2 #turing,https://www.youtube.com/watch?v=LYYDMJLsIHo,0.018675,0.022196,0.009291,0.499807,0.299776,16.021098,2023-03-05 17:30:05,53,0.0363,705.0000,0.0374,19400,705,0,20,725,14065000
Karabagh : quand passent les cigognes | ARTE Reportage,https://www.youtube.com/watch?v=fFkcsgwrKzQ,0.016568,0.020319,0.010558,0.503231,1.291725,69.053137,2025-09-01 15:30:23,1535,0.0293,606.0000,0.0374,20715,606,0,168,774,16033410
🤯 Comment ces ponts construits il y a des siècles tiennent encore debout ? #matériaux #histoire,https://www.youtube.com/watch?v=SMDVPOnucAY,0.018923,0.022298,0.006509,0.499842,0.505592,27.071884,2023-07-16 16:30:03,44,0.0367,1071.0000,0.0373,29182,1071,0,18,1089,31779198
À quoi sert l'histoire ? | Les idées larges | ARTE,https://www.youtube.com/watch?v=w-umyg23zGQ,0.018488,0.030968,0.008259,0.500219,38.638979,2070.575937,2026-06-17 15:30:28,1460,0.0356,810.0000,0.0373,22748,810,0,38,848,19290304
"Magique, ces haricots ! 🌱 #education #nature",https://www.youtube.com/watch?v=610lxhDa4Eg,0.018529,0.022033,0.007601,0.500259,0.762685,40.886465,2024-10-23 16:00:11,58,0.0356,893.0000,0.0373,25062,893,0,41,934,23407908
Gabriel Attal affirme que nous avons le meilleur SMIC de L'U.E 💰,https://www.youtube.com/watch?v=aIW6H_GAL40,0.019300,0.021717,0.002515,0.501043,1.978159,106.320156,2024-02-12 09:53:30,58,0.0348,3209.0000,0.0372,92203,3209,0,221,3430,316256290
L’un des endroits les plus pollués au monde #reportage #nigeria #arteinfo,https://www.youtube.com/watch?v=w0nFF9mr2OQ,0.018206,0.022005,0.019719,0.499065,0.313203,16.812712,2025-03-06 17:01:09,89,0.0355,286.0000,0.0371,8052,286,0,13,299,2407548
Elle l'a bien cherché 😡 #documentaire,https://www.youtube.com/watch?v=D7ey5cFp6bw,0.028855,0.021985,0.000406,0.500601,21.114119,1141.565116,2024-10-25 16:00:19,57,0.0357,24933.0000,0.0370,697457,24933,0,866,25799,17993693143
La Russie sans internet | Masha on Russia | ARTE,https://www.youtube.com/watch?v=MH-3hc-ATL4,0.017999,0.023925,0.003706,0.502218,38.194756,2065.089941,2026-05-28 13:00:13,1202,0.0321,2058.0000,0.0370,64205,2058,0,316,2374,152422670
Une étude révolutionnaire sur la sexualité des femmes,https://www.youtube.com/watch?v=Ec3JU5LoGHw,0.020765,0.024736,0.001334,0.500930,111.039305,6013.413671,2026-05-28 05:30:01,102,0.0349,6593.0000,0.0369,188841,6593,0,380,6973,1316788293
👀 La vérité derrière le mythe de la Toison d'Or #jason #orpaillage,https://www.youtube.com/watch?v=PlVDC4xw6cE,0.018779,0.022135,0.006992,0.499604,0.411651,22.310505,2023-03-11 17:30:03,46,0.0366,985.0000,0.0369,26882,985,0,6,991,26640062
Un fois dans la vie 🐆❄️  #PanthèreDesNeiges #documentaire #arte,https://www.youtube.com/watch?v=1Ws6-NU48mo,0.029437,0.022057,0.000386,0.500240,14.635695,794.572152,2023-12-27 18:30:01,53,0.0363,26373.0000,0.0368,726129,26373,0,376,26749,19423224621
Conquérir et soumettre : la stratégie coloniale de la Russie | Tracks East | ARTE,https://www.youtube.com/watch?v=1eEfvnmGoRs,0.016027,0.020099,0.013526,0.503279,1.890453,102.511625,2026-01-22 19:00:05,1874,0.0281,451.0000,0.0368,16078,451,0,141,592,9518176
Ces tableaux incroyables ont  inspiré Salvador Dalí 🎨 #shorts #peinture #art #arcimboldo #arte,https://www.youtube.com/watch?v=ldKrXKkDkbc,0.018583,0.021984,0.008268,0.499629,0.272402,14.795959,2022-05-13 16:00:26,44,0.0363,809.0000,0.0368,22297,809,0,11,820,18283540
Comment réussir les multiplications à coup sûr ? #maths #multiplication,https://www.youtube.com/watch?v=6FQkPINvhkU,0.019109,0.021979,0.003453,0.500163,1.669872,90.774839,2024-08-14 15:30:02,60,0.0360,2232.0000,0.0368,61998,2232,0,48,2280,141355440
"En France, l'immigration représente 19 millions de personnes ? #intox",https://www.youtube.com/watch?v=fQI5N-dssjM,0.017180,0.019095,0.002528,0.504915,1.870797,101.770995,2023-04-07 19:00:26,59,0.0266,3190.0000,0.0368,119870,3190,0,1216,4406,528147220
Pourquoi déteste-t-on la chasse ? | Les Idées Larges | ARTE,https://www.youtube.com/watch?v=oqmaYwK-Xto,0.019002,0.020145,0.001675,0.503164,2.072640,112.853516,2022-05-25 10:30:08,1219,0.0302,5096.0000,0.0367,168738,5096,0,1101,6197,1045669386
La Gen Z contre la corruption au Népal #nepal #actualités #artereportage,https://www.youtube.com/watch?v=B3w76Re-Rpo,0.018294,0.022081,0.011490,0.499449,1.029542,56.238750,2025-09-29 16:00:26,116,0.0358,548.0000,0.0365,15295,548,0,11,559,8549905
Mais qui est Beth Dito ? 🎶 #gossip #musicqueens,https://www.youtube.com/watch?v=YeRzZlQDHgo,0.018146,0.021730,0.015770,0.499145,0.177562,9.694144,2023-07-07 16:30:07,59,0.0356,375.0000,0.0365,10537,375,0,10,385,4056745
La double lecture bouleversante du Petit Prince 😥 #litterature #saintexupery,https://www.youtube.com/watch?v=ar1Rnr3waLA,0.017883,0.021325,0.008510,0.500582,0.598460,32.731984,2024-07-27 16:00:05,53,0.0341,782.0000,0.0365,22944,782,0,56,838,19227072
La désinformation russe peut-elle diviser l’Europe ? | Décryptage | ARTE,https://www.youtube.com/watch?v=_Skkm54yhCU,0.015828,0.019644,0.014614,0.503196,1.072211,58.657645,2025-10-18 10:01:03,617,0.0277,411.0000,0.0365,14853,411,0,131,542,8050326
États-Unis : la fièvre antivax | ARTE Reportage,https://www.youtube.com/watch?v=ppneOEXQd4M,0.014894,0.018370,0.006012,0.506489,5.917669,324.193239,2026-01-19 16:30:21,1519,0.0227,1175.0000,0.0365,51853,1175,0,717,1892,98105876
Que sait-on vraiment sur la ménopause ? #sciences #ovules,https://www.youtube.com/watch?v=7C4dlxkpuP4,0.018164,0.021295,0.005537,0.500506,0.569979,31.428844,2023-03-22 17:30:01,60,0.0345,1293.0000,0.0362,37523,1293,0,67,1360,51031280
Le grand retour des loups 🐺 #documentaire  #arte,https://www.youtube.com/watch?v=0loDgqIfOJE,0.017916,0.021407,0.012367,0.499597,0.265875,14.701863,2023-10-24 17:30:00,60,0.0349,502.0000,0.0361,14377,502,0,17,519,7461663
Ceci est mon corps | Documentaire | ARTE,https://www.youtube.com/watch?v=wXNF0nbtAPA,0.017758,0.020625,0.003407,0.502115,4.787029,265.122380,2025-09-29 13:01:58,3623,0.0314,2267.0000,0.0361,72137,2267,0,337,2604,187844748
Il a enquêté sur le « système Orbán » en Hongrie | ARTE,https://www.youtube.com/watch?v=wg3AGwYq4_Y,0.016408,0.022910,0.019065,0.501310,5.450592,301.213713,2026-05-26 19:00:29,949,0.0301,298.0000,0.0361,9892,298,0,59,357,3531444
Autodéfense féministe - Elle y aura du sang | Gymnastique | ARTE,https://www.youtube.com/watch?v=uuaTLCxAmTw,0.016452,0.019980,0.015168,0.501719,0.282915,15.645425,2024-03-16 11:00:51,326,0.0301,393.0000,0.0361,13051,393,0,78,471,6147021
"Vous avez déjà lu "" Le diable au corps ? "" #booktok #livre",https://www.youtube.com/watch?v=oRd4tKpi8b4,0.018205,0.021516,0.007912,0.499705,0.341281,18.927496,2023-01-05 10:00:22,60,0.0354,852.0000,0.0360,24042,852,0,14,866,20820372
Gaza : un an de survie | Interview de Rami Abou Jamous | ARTE Reportage,https://www.youtube.com/watch?v=LfdI0Zs1WUg,0.017006,0.020426,0.009427,0.501489,0.628685,34.894819,2024-10-07 13:00:24,819,0.0316,693.0000,0.0360,21952,693,0,97,790,17342080
Ce colon Israélien tire à bout portant sur un palestinien #israel #palestine,https://www.youtube.com/watch?v=1iPlTva-OlQ,0.018480,0.021221,0.003336,0.500703,2.336216,129.848954,2025-01-20 17:00:01,145,0.0341,2322.0000,0.0360,68031,2322,0,125,2447,166471857
Un bébé volé pour être adopté .. #adoption,https://www.youtube.com/watch?v=IQG1XDI-RPE,0.019033,0.021564,0.002767,0.500170,2.783864,154.746379,2025-01-17 16:00:28,176,0.0353,2877.0000,0.0360,81546,2877,0,56,2933,239174418
"Les jaïns, le premier peuple #végétarien reconnu",https://www.youtube.com/watch?v=OlSFg7evgSQ,0.016915,0.020412,0.005908,0.502336,3.626613,201.790170,2025-12-15 06:30:25,124,0.0304,1199.0000,0.0359,39422,1199,0,217,1416,55821552
Les IA peuvent-elles vraiment être nos amis ? #ia #amitié,https://www.youtube.com/watch?v=iA8Cps8pY0Y,0.017788,0.021994,0.012795,0.499576,2.079238,115.663824,2026-02-28 09:30:22,92,0.0347,482.0000,0.0359,13907,482,0,17,499,6939593
Vous mangez du plastique tous les jours ! #microplastiques,https://www.youtube.com/watch?v=DrPuaAi5XB0,0.017182,0.021078,0.011687,0.500707,1.678967,93.585403,2026-01-03 08:00:24,102,0.0325,537.0000,0.0358,16499,537,0,54,591,9750909
😲 Cet homme a révolutionné la philosophie #kant #arte,https://www.youtube.com/watch?v=daHi9r3t0nc,0.018253,0.021330,0.005078,0.500126,0.928095,51.792744,2024-04-27 16:30:06,60,0.0349,1430.0000,0.0358,41017,1430,0,39,1469,60253973
Joséphine Baker - Première icône noire | Documentaire | ARTE,https://www.youtube.com/watch?v=-Dnd1295Vug,0.017636,0.023829,0.011892,0.499895,7.879557,439.288855,2026-05-24 13:00:00,3189,0.0341,526.0000,0.0358,15415,526,0,26,552,8509080
Les fonctionnaires pas payés si le budget n’est pas voté ?  🤔 #désintox,https://www.youtube.com/watch?v=b7WM7BXZ3q8,0.017995,0.021389,0.008365,0.499790,0.682892,38.118380,2024-11-06 17:00:40,60,0.0350,798.0000,0.0358,22830,798,0,19,817,18652110
"Liban : les enfants, la guerre et moi | ARTE Reportage",https://www.youtube.com/watch?v=T2t-X78Zflw,0.015470,0.023870,0.018026,0.502772,10.557138,588.748073,2026-06-08 15:30:14,2282,0.0271,319.0000,0.0358,11767,319,0,102,421,4953907
Elle tente d'obtenir justice | Qui veut la peau de la lanceuse d'alerte ?,https://www.youtube.com/watch?v=tQbVQZGmMi4,0.018341,0.023328,0.003990,0.500365,22.091274,1235.172702,2026-05-15 06:30:20,119,0.0345,1890.0000,0.0358,54794,1890,0,69,1959,107341446
"L’Occident est-il ""judéo-chrétien"" ? | Les idées larges avec Sophie Bessis | ARTE",https://www.youtube.com/watch?v=dqNwCVNRCfM,0.024201,0.020699,0.000623,0.501804,31.171209,1744.522644,2025-09-24 15:30:23,1617,0.0321,15492.0000,0.0357,483209,15492,0,1775,17267,8343569803
Les manifestants réprimés avec des produits toxiques | #géorgie,https://www.youtube.com/watch?v=F0oO7csfjGQ,0.017077,0.021702,0.010017,0.501042,4.897607,273.884554,2026-04-16 05:30:10,105,0.0321,645.0000,0.0357,20104,645,0,73,718,14434672
Et si on pouvait parler aux poules ? 🐔 #animaux #poules,https://www.youtube.com/watch?v=Zp7AIO8wN-U,0.017266,0.023487,0.009095,0.500843,11.855171,663.500419,2026-05-26 05:30:14,172,0.0326,723.0000,0.0357,22163,723,0,68,791,17530933
Sommes-nous seuls dans l'univers ? 🌌 #espace #interview,https://www.youtube.com/watch?v=ki4pMptSk78,0.021753,0.020893,0.000925,0.501056,7.802361,437.263100,2024-08-17 15:30:13,60,0.0335,9952.0000,0.0357,297333,9952,0,658,10610,3154703130
Une guerre d'usure : l'Ukraine à bout | Tracks East | ARTE,https://www.youtube.com/watch?v=7g4G0KDWRRE,0.014885,0.018847,0.011526,0.504562,2.904137,162.668463,2026-02-12 19:00:08,1837,0.0247,546.0000,0.0357,22097,546,0,242,788,17412436
Ces anguilles valent plus cher que le caviar : un juteux trafic en France,https://www.youtube.com/watch?v=a36x04BsvdA,0.017492,0.022800,0.009314,0.500385,7.747407,434.040704,2026-05-11 05:30:01,165,0.0335,703.0000,0.0357,21009,703,0,46,749,15735741
"Le climat, nouvelle ligne de fracture | L'Europe dans l’œil du cyclone avec Jean-Yves Dormagen |ARTE",https://www.youtube.com/watch?v=cmFaDkulwi4,0.014581,0.018095,0.019663,0.503964,0.279397,15.642287,2024-06-01 15:30:14,1539,0.0242,287.0000,0.0356,11841,287,0,135,422,4996902
"🎙️ Annie Lennox, la magnétique #sweetdreams #eurythmics",https://www.youtube.com/watch?v=Vdf3LlJoLJw,0.019462,0.021373,0.002085,0.499994,1.601324,89.917358,2023-01-25 17:30:03,58,0.0354,3975.0000,0.0356,112388,3975,0,27,4002,449776776
Cette troupe de danse est hors du commun 🤩 #danse #documentaire,https://www.youtube.com/watch?v=f-Mh6yBD3bQ,0.018127,0.021343,0.006493,0.499780,0.683844,38.374309,2024-04-22 16:00:28,56,0.0351,1074.0000,0.0356,30583,1074,0,15,1089,33304887
Ces indésirables Russes de Lettonie | ARTE Regards,https://www.youtube.com/watch?v=UwrgJWWeZaU,0.013006,0.015724,0.006588,0.509174,1.796126,100.880480,2024-09-24 10:00:33,1827,0.0163,1056.0000,0.0356,64787,1056,0,1250,2306,149398822
🍑 Vivons-nous dans une société hyper érotisée ? #libres #Ovidie,https://www.youtube.com/watch?v=l6JTJ45kE2I,0.017733,0.020701,0.005005,0.500865,0.671141,37.715462,2023-04-22 16:30:15,60,0.0332,1454.0000,0.0356,43861,1454,0,106,1560,68423160
Le dilemme du prisonnier | Voyages au pays des maths | ARTE,https://www.youtube.com/watch?v=G9ER5bLxQEU,0.040302,0.021268,0.000210,0.500188,15.179652,854.043241,2021-10-09 10:30:02,543,0.0352,51733.0000,0.0355,1471683,51733,0,581,52314,76989624462
"Texas : les médecins lui refusent l'avortement, elle a failli mourir",https://www.youtube.com/watch?v=JhUjj7wjuKU,0.017741,0.021037,0.004115,0.501200,6.017119,338.561225,2026-01-14 06:30:10,160,0.0326,1824.0000,0.0355,55985,1824,0,165,1989,111354165
Ce médecin est hors du commun 😯 #documentaire #médecine,https://www.youtube.com/watch?v=EqCEWptTJwc,0.017903,0.021290,0.009651,0.499493,0.456021,25.657173,2024-06-08 16:00:09,52,0.0350,674.0000,0.0355,19242,674,0,9,683,13142286
👮‍♂️ Comment la Chine traite-t-elle ses opposants politiques ? #ouïghours #témoignage,https://www.youtube.com/watch?v=3RCJki4AnN8,0.017739,0.020669,0.004826,0.500839,0.709641,39.987948,2023-05-10 16:30:00,58,0.0331,1517.0000,0.0355,45784,1517,0,107,1624,74353216
Corée du Sud : le combat de Pyo Ye-rim | ARTE Reportage,https://www.youtube.com/watch?v=qcUBsW7MK9Q,0.023295,0.020864,0.000708,0.500939,14.121827,797.363774,2025-02-10 16:30:11,2248,0.0335,13421.0000,0.0354,401030,13421,0,783,14204,5696230120
Cette autrice est la cible de l'extrême droite 😦 #litterature #politique,https://www.youtube.com/watch?v=X2WggIq0XRI,0.017816,0.020967,0.006060,0.500258,0.831315,46.924036,2024-06-29 16:00:32,60,0.0340,1164.0000,0.0354,34206,1164,0,47,1211,41423466
USA : être trans et résister sous Trump | ARTE Reportage,https://www.youtube.com/watch?v=SSRO9hRrLRo,0.015268,0.017749,0.003871,0.505943,3.892764,220.166487,2025-06-06 09:00:46,1491,0.0230,1957.0000,0.0354,85261,1957,0,1057,3014,256976654
Journal intime d'un viol | Documentaire | ARTE,https://www.youtube.com/watch?v=HeTmyYHN8tk,0.017488,0.021806,0.004779,0.501190,12.722313,719.678262,2026-04-23 15:30:18,5818,0.0323,1534.0000,0.0353,47489,1534,0,144,1678,79686542
Comment réconcilier les villes et les campagnes ? | Les idées larges | ARTE,https://www.youtube.com/watch?v=xlhpMVc5ykg,0.017538,0.023424,0.013526,0.499425,5.960624,336.915945,2026-05-20 13:01:21,1238,0.0342,451.0000,0.0353,13170,451,0,14,465,6124050
🌕 Un astronaute noir sur la lune #apollo11 #lune,https://www.youtube.com/watch?v=mAgkHp_MIPY,0.017140,0.020510,0.012285,0.500246,0.216749,12.263609,2023-01-18 10:00:23,56,0.0328,506.0000,0.0353,15418,506,0,38,544,8387392
Qui est la discrète Sia ? 📀 #chandelier #musicqueens,https://www.youtube.com/watch?v=4lt7fxnNe4c,0.017997,0.021159,0.006669,0.499688,0.490240,27.766569,2023-07-21 16:30:03,60,0.0349,1041.0000,0.0353,29792,1041,0,10,1051,31311392
"Elon Musk, Pro Poutine ? #shorts #poutine #elonmusk",https://www.youtube.com/watch?v=aHVR0kioy_4,0.017188,0.020030,0.004747,0.501697,0.664145,37.631584,2022-11-21 09:46:47,60,0.0312,1546.0000,0.0353,49494,1546,0,200,1746,86416524
Comment filmer la vie des femmes en Afghanistan ? | Interview de Marine Courtade | ARTE,https://www.youtube.com/watch?v=U-BEZkjxQnk,0.016563,0.021735,0.023477,0.499811,2.295895,129.731271,2026-05-02 19:00:20,530,0.0313,231.0000,0.0353,7374,231,0,29,260,1917240
"Niki de Saint Phalle, Jean Tinguely et Pontus Hulten #art",https://www.youtube.com/watch?v=eUGXFambicc,0.017959,0.021337,0.006719,0.499719,1.617614,91.694696,2025-08-09 15:01:08,94,0.0348,1032.0000,0.0352,29618,1032,0,12,1044,30921192
Précarité menstruelle : le coût des règles | ARTE Regards,https://www.youtube.com/watch?v=vVDO6X8I41Y,0.016491,0.020703,0.016388,0.500765,1.775588,100.596409,2026-03-05 11:01:30,1825,0.0309,358.0000,0.0352,11586,358,0,50,408,4727088
📱 Comment fonctionne le réseau cubain sans internet ? #cuba #intranet,https://www.youtube.com/watch?v=fhkuiPTEINE,0.018762,0.020990,0.002604,0.500207,1.300021,73.811997,2023-03-04 17:30:04,39,0.0345,3084.0000,0.0352,89453,3084,0,66,3150,281776950
Les humains : des animaux sociaux comme les autres ? 🐜 | ARTE,https://www.youtube.com/watch?v=TzTSzIg0690,0.017726,0.021001,0.006572,0.500091,1.296604,73.666058,2025-05-02 09:00:51,541,0.0340,1059.0000,0.0352,31106,1059,0,35,1094,34029964
Ces nouvelles armes sont des bombes à retardement ☢️ #gaza #armes_chimiques #crime #arteinfo #arte,https://www.youtube.com/watch?v=1AI0mf_52pA,0.018096,0.020999,0.003237,0.500799,6.397921,363.690851,2025-12-11 06:30:01,119,0.0332,2404.0000,0.0352,72506,2404,0,146,2550,184890300
🌱 ça pousse et ça mousse #nature #mousse,https://www.youtube.com/watch?v=mx4rF_E5lxY,0.017399,0.020852,0.018505,0.498884,0.129685,7.363181,2023-02-14 17:30:08,32,0.0341,309.0000,0.0351,9056,309,0,9,318,2879808
Juger les violences intrafamiliales | Je vais te tuer | ARTE,https://www.youtube.com/watch?v=X6sQoR0RoFw,0.017843,0.021133,0.002728,0.501728,20.009445,1140.178569,2026-04-07 15:30:31,1040,0.0313,2925.0000,0.0351,93479,2925,0,355,3280,306611120
Peut-on quitter le ghetto ? | Les idées larges | ARTE,https://www.youtube.com/watch?v=rAwA2U3oRHo,0.020143,0.020956,0.001374,0.500338,5.649328,322.274723,2024-11-27 16:30:15,1615,0.0342,6374.0000,0.0351,186257,6374,0,155,6529,1216071953
Un monde sans règles | Masha on Russia | ARTE,https://www.youtube.com/watch?v=-wz-DuO73RQ,0.016291,0.020415,0.010829,0.501673,3.183737,181.639597,2026-03-12 14:00:01,1155,0.0300,588.0000,0.0350,19626,588,0,99,687,13483062
Le prodige du Tour de France 🤯 #cyclisme #sport,https://www.youtube.com/watch?v=LnVZWz4k-Cc,0.017547,0.020915,0.010647,0.499511,0.428692,24.479501,2024-07-13 16:00:22,51,0.0343,600.0000,0.0350,17502,600,0,12,612,10711224
Les statistiques vues de biais | Voyages au pays des maths | ARTE,https://www.youtube.com/watch?v=ev8zusJ7BCg,0.023976,0.020847,0.000643,0.500307,6.753891,386.597523,2023-05-27 13:00:25,543,0.0343,14940.0000,0.0349,436117,14940,0,297,15237,6645114729
Terrorisme d'ultradroite (1/2) | Documentaire | ARTE,https://www.youtube.com/watch?v=mzP3CY9eNys,0.018075,0.019100,0.001552,0.504378,30.550884,1748.681023,2026-02-26 11:01:19,3024,0.0260,5555.0000,0.0349,213642,5555,0,1909,7464,1594623888
"Pauvres maîtres, pauvres bêtes ! | ARTE Regards",https://www.youtube.com/watch?v=RLDeyHkYFvo,0.016426,0.020536,0.026069,0.499392,0.825049,47.121883,2026-02-10 11:00:47,1812,0.0312,203.0000,0.0349,6511,203,0,24,227,1477997
"Âgé de 90 ans, il soigne encore des animaux",https://www.youtube.com/watch?v=ClLFfGKuZIo,0.017609,0.020922,0.006973,0.499941,1.394362,79.922384,2025-06-29 16:00:16,109,0.0340,988.0000,0.0349,29089,988,0,26,1014,29496246
Les géométries non-euclidiennes | Voyages au pays des maths | ARTE,https://www.youtube.com/watch?v=SghqZPO9rQY,0.024136,0.020709,0.000625,0.500415,7.060982,405.624721,2023-06-03 13:00:31,560,0.0339,15424.0000,0.0348,454742,15424,0,407,15831,7199020602
Un mystère archéologique : les deux tombeaux d'Ouni | #égypte #archéologie #histoire,https://www.youtube.com/watch?v=ArrFHe0oJJE,0.017422,0.039262,0.017573,0.498694,30.907600,1770.986964,2026-06-23 05:30:09,152,0.0344,329.0000,0.0348,9569,329,0,4,333,3186477
"""Notre liberté est de plus en plus limitée"" #biélorussie #dictature  #arte",https://www.youtube.com/watch?v=EaAZ7Pgvh-U,0.017131,0.020746,0.032879,0.497286,0.161911,9.249395,2025-02-25 17:00:29,135,0.0337,152.0000,0.0348,4513,152,0,5,157,708541
L'uniforme à l'école #shorts #desintox,https://www.youtube.com/watch?v=tnrvbbGhpk0,0.016846,0.019908,0.006908,0.501210,0.423294,24.331939,2022-11-26 16:00:27,60,0.0313,999.0000,0.0348,31874,999,0,109,1108,35316392
"Le Far West, c’est de la dynamite 🧨 #animation #cinema #western",https://www.youtube.com/watch?v=ly2qQKpFDmg,0.017372,0.020730,0.013305,0.499249,0.218421,12.552244,2023-07-18 17:30:09,30,0.0341,460.0000,0.0347,13505,460,0,9,469,6333845
Les transports gratuits pour les clandestins à Paris ? 🤔 #désintox #ratp,https://www.youtube.com/watch?v=INePFlhSYpU,0.016286,0.019688,0.013329,0.501096,0.425619,24.465793,2024-10-18 17:00:14,60,0.0304,459.0000,0.0347,15118,459,0,66,525,7936950
🕊 Venez écouter le doux bruit des oiseaux #asmr #nature,https://www.youtube.com/watch?v=5g76hCSjpsI,0.017453,0.020723,0.009900,0.499575,0.309562,17.804430,2023-07-15 16:30:01,29,0.0340,654.0000,0.0347,19210,654,0,13,667,12813070
"Du sang et un ver marin, quel est le rapport ? | ARTE",https://www.youtube.com/watch?v=Eq_NYWs8qQc,0.017028,0.020196,0.009063,0.500430,0.161747,9.308035,2019-11-30 17:30:01,378,0.0325,726.0000,0.0347,22357,726,0,50,776,17349032
Avant la guerre d’Algérie #shorts #Algerie #oranger,https://www.youtube.com/watch?v=bhXzyk5V_oM,0.016110,0.019025,0.006128,0.502666,0.453672,26.129552,2022-04-07 16:00:19,61,0.0285,1149.0000,0.0347,40317,1149,0,250,1399,56403483
Abus sexuels dans l'Église française #affairepreynat #témoignage,https://www.youtube.com/watch?v=b9dzMPpC4Cc,0.016148,0.019347,0.009520,0.501856,0.353216,20.341912,2023-05-14 16:30:11,60,0.0295,685.0000,0.0347,23209,685,0,120,805,18683245
"Se réchauffer sans chauffage en hiver, c'est possible grâce au slow heat 🌡",https://www.youtube.com/watch?v=E406LedP-C4,0.017453,0.020021,0.003449,0.501387,2.426545,140.001295,2025-02-05 17:00:23,49,0.0314,2235.0000,0.0347,71110,2235,0,229,2464,175215040
La période la plus mystérieuse de l'Histoire 🏰 #angleterre #moyenage,https://www.youtube.com/watch?v=8ayuSz74JBQ,0.017953,0.020687,0.004170,0.499997,0.768554,44.383370,2023-03-28 16:30:02,55,0.0341,1796.0000,0.0346,52725,1796,0,29,1825,96223125
Déjouer ses biais cognitifs avec Albert Moukheiber | ARTE,https://www.youtube.com/watch?v=Clpws2LVcUU,0.019222,0.022755,0.001731,0.500400,58.975335,3414.203172,2026-05-16 18:00:12,696,0.0335,4910.0000,0.0345,146409,4910,0,147,5057,740390313
La théorie des graphes ou comment ne pas prendre la grosse tête | Voyages au pays des maths | ARTE,https://www.youtube.com/watch?v=7dbL7qHdss8,0.020313,0.020605,0.001241,0.500273,3.296478,190.887692,2023-06-17 13:00:04,633,0.0338,7153.0000,0.0345,211330,7153,0,145,7298,1542286340
L'actrice française aux 2 Oscars 🏆 #simonesignoret #cinema,https://www.youtube.com/watch?v=hKctlanUyTY,0.017374,0.020555,0.008566,0.499748,0.334049,19.335349,2023-03-26 16:30:07,60,0.0337,776.0000,0.0345,23008,776,0,18,794,18268352
"Le narcotrafic, plus dangereux que le terrorisme",https://www.youtube.com/watch?v=Dbl0J7mVP3g,0.017401,0.020025,0.002996,0.501733,7.344999,426.009961,2025-12-09 06:30:13,175,0.0306,2627.0000,0.0345,85782,2627,0,330,2957,253657374
Le sacré bal des flamants de James🌟💃🦩 #faune #fun #danse,https://www.youtube.com/watch?v=h5cbiGKAEMQ,0.017255,0.020662,0.017751,0.498676,0.175745,10.166572,2023-12-02 18:30:35,54,0.0340,325.0000,0.0345,9545,325,0,4,329,3140305
Londres engloutie par le brouillard... #smog #londres #histoire,https://www.youtube.com/watch?v=PFF6gfIlrTM,0.017360,0.021384,0.010356,0.499441,2.707083,156.890505,2026-03-04 06:30:20,139,0.0340,620.0000,0.0345,18256,620,0,9,629,11483024
"Le franc CFA, la monnaie des colonisateurs | #franccfa",https://www.youtube.com/watch?v=-2mFQsz6f5M,0.017788,0.026225,0.003318,0.500646,75.015683,4358.530085,2026-06-12 05:30:06,156,0.0327,2337.0000,0.0344,71494,2337,0,123,2460,175875240
Gaza : survivre enceintes | ARTE Reportage,https://www.youtube.com/watch?v=YUQHlqkLcow,0.015844,0.018636,0.005285,0.503158,1.052579,61.197869,2024-04-03 13:00:26,741,0.0273,1365.0000,0.0344,49943,1365,0,352,1717,85752131
Maja et les abeilles 🐝 #écologie #nature,https://www.youtube.com/watch?v=FWDmZa1TtNs,0.017045,0.020329,0.012027,0.499676,0.237270,13.780104,2023-05-17 16:30:02,60,0.0331,519.0000,0.0344,15681,519,0,20,539,8452059
Est-ce que ça sert encore de se mobiliser ? | Les idées larges | ARTE,https://www.youtube.com/watch?v=VsVWugh54jc,0.016755,0.020826,0.005866,0.501301,8.308383,483.196788,2026-04-08 18:00:27,1251,0.0309,1209.0000,0.0344,39082,1209,0,134,1343,52487126
Le jour de la piscine | #samuel,https://www.youtube.com/watch?v=aoER7J9rFQI,0.017555,0.021588,0.005643,0.499832,7.607926,444.165290,2026-04-05 07:30:01,60,0.0338,1265.0000,0.0342,37452,1265,0,17,1282,48013464
L'identité menace-t-elle le collectif ? | Les Idées Larges | ARTE,https://www.youtube.com/watch?v=HEsaBxwBFWo,0.018808,0.019075,0.001429,0.502466,2.352621,137.439401,2022-04-27 10:30:03,1305,0.0291,6099.0000,0.0342,209347,6099,0,1067,7166,1500180602
Les Noirs au temps des nazis | ARTE,https://www.youtube.com/watch?v=WxmfTWmq6Uk,0.018827,0.021418,0.001589,0.501446,55.227901,3234.811550,2026-05-05 19:00:23,2619,0.0311,5410.0000,0.0341,174164,5410,0,536,5946,1035579144
Seulement 8 pays de l’UE interdisent ces pratiques choquantes ! #therapie  #ue #expresso,https://www.youtube.com/watch?v=Z9zDi8NMD3Y,0.016934,0.020220,0.008437,0.500210,1.032134,60.412082,2025-05-21 14:00:54,147,0.0324,790.0000,0.0341,24349,790,0,41,831,20234019
"""La réaction d’Israël, c’est mille yeux pour un œil"" | Interview | ARTE",https://www.youtube.com/watch?v=3RoLfaPZoSQ,0.016058,0.020055,0.024247,0.499607,0.873826,51.031444,2026-02-05 14:00:07,717,0.0304,222.0000,0.0341,7300,222,0,27,249,1817700
Mister Nobody contre Poutine | ARTE,https://www.youtube.com/watch?v=vlYTv15eFXw,0.016776,0.019728,0.003726,0.501899,7.139602,419.708551,2026-01-15 16:30:22,5388,0.0297,2045.0000,0.0340,68809,2045,0,295,2340,161013060
Jimmy Somerville : Rebelle queer de la pop anglaise | Documentaire | ARTE,https://www.youtube.com/watch?v=5MpW-_QpiF0,0.016603,0.039917,0.019441,0.499173,30.884314,1811.344980,2026-06-23 15:30:25,3174,0.0322,291.0000,0.0340,9032,291,0,16,307,2772824
Les échelles de richesse aux Qatar #qatar,https://www.youtube.com/watch?v=-UpOmy87pJ0,0.017164,0.019992,0.005305,0.500396,0.551499,32.461740,2022-12-15 14:31:08,60,0.0324,1359.0000,0.0340,41909,1359,0,64,1423,59636507
Qu'est-ce qu'on va faire de toi ? | Documentaire | ARTE,https://www.youtube.com/watch?v=Q4QnABCwrj0,0.018234,0.020473,0.002120,0.500858,15.107777,891.289539,2026-02-11 14:00:45,3170,0.0319,3899.0000,0.0339,122150,3899,0,241,4140,505701000
"Marwan Barghouti, un espoir pour la Palestine ? | Documentaire | ARTE",https://www.youtube.com/watch?v=grjdiSOTioo,0.015253,0.018767,0.012620,0.502246,1.220951,71.971820,2025-10-22 15:30:26,3571,0.0273,490.0000,0.0339,17920,490,0,117,607,10877440
Ils risquent le travail forcé et la torture #ouighours #chine #arte #expresso,https://www.youtube.com/watch?v=LO4WvkgvYeo,0.016607,0.020046,0.019386,0.499068,0.294128,17.314249,2025-01-22 18:00:15,131,0.0323,292.0000,0.0339,9036,292,0,14,306,2765016
😱 Pourquoi cette espèce est menacée ? #virus #épidémie,https://www.youtube.com/watch?v=TOpkvazFGjQ,0.016967,0.020261,0.013114,0.499148,0.318379,18.822586,2024-06-12 16:00:24,60,0.0333,468.0000,0.0338,14041,468,0,6,474,6655434
Une lettre pour accélérer le réarmement démographique ? #naissance #fertilité #natalité #arteinfo,https://www.youtube.com/watch?v=4xVxCjjoRzY,0.014855,0.018411,0.006838,0.503909,5.505955,326.069952,2026-02-24 07:30:02,143,0.0249,1011.0000,0.0337,40537,1011,0,357,1368,55454616
Vaccins : comment juger leur impact ? | Data Science | ARTE,https://www.youtube.com/watch?v=h63CYPjgwK0,0.015757,0.018357,0.004982,0.502878,0.470574,27.888256,2021-03-25 13:45:03,337,0.0273,1462.0000,0.0337,53575,1462,0,345,1807,96810025
🥣 Les petits-déjeuners auront bon goût en 2040 avec @BiosphereExperience#lowtech #biosphereurbaine,https://www.youtube.com/watch?v=uxGLUdm2kjk,0.017033,0.019968,0.005534,0.500361,1.216505,72.083522,2024-12-18 17:01:04,56,0.0322,1294.0000,0.0337,40145,1294,0,60,1354,54356330
La conjecture de Kepler | Voyages au pays des maths | ARTE,https://www.youtube.com/watch?v=HB-SDl5o3-g,0.020129,0.020134,0.001196,0.500241,3.869656,229.656353,2023-10-21 16:00:11,608,0.0331,7452.0000,0.0337,225285,7452,0,139,7591,1710138435
Des menhirs sacrifiés pour un magasin de bricolage ? - Désintox | ARTE,https://www.youtube.com/watch?v=EKWu4eNkMMA,0.015666,0.018838,0.011817,0.501454,0.279372,16.581806,2023-06-16 19:00:05,59,0.0289,530.0000,0.0336,18370,530,0,88,618,11352660
Les femmes Bijagos #histoire #arte #guinéebissau,https://www.youtube.com/watch?v=lTsAxIWHR3Y,0.017545,0.019784,0.003094,0.500599,1.269530,75.512898,2023-08-16 09:27:35,59,0.0320,2532.0000,0.0336,79080,2532,0,126,2658,210194640
Se soigner autrement : la voie de la transe | ARTE,https://www.youtube.com/watch?v=mRdtskSEpt4,0.017163,0.021051,0.003059,0.501362,25.764390,1532.798984,2026-05-04 18:00:45,3211,0.0305,2565.0000,0.0336,84123,2565,0,262,2827,237815721
"""C'était la 1ère fois qu'il y avait une grosse à la télé"" - Interview de Clémentine Desseaux | ARTE",https://www.youtube.com/watch?v=eRbzNnBLX9M,0.016052,0.017998,0.003141,0.503469,0.727769,43.317997,2020-06-30 18:00:08,649,0.0263,2489.0000,0.0336,94818,2489,0,696,3185,301995330
Dans Gaza | Documentaire | ARTE,https://www.youtube.com/watch?v=zTpGRur6BL0,0.015513,0.020337,0.008584,0.502202,8.828528,525.131827,2026-05-06 19:01:04,4327,0.0279,774.0000,0.0336,27748,774,0,158,932,25861136
Géorgie : l'Europe en rêve | ARTE Reportage,https://www.youtube.com/watch?v=nwXk56n7qYk,0.014845,0.018107,0.014979,0.502378,0.351196,20.877574,2024-07-02 13:01:00,819,0.0263,399.0000,0.0336,15159,399,0,110,509,7715931
🧐 Le CNRS contre le progrès scientifique ??,https://www.youtube.com/watch?v=GN8xxCHMVQw,0.016853,0.019799,0.006832,0.500159,0.404242,24.094213,2022-12-02 23:00:08,60,0.0322,1012.0000,0.0335,31411,1012,0,41,1053,33075783
La double vie d'Hilma af Klint - Peintre et pionnière de l'art abstrait | ARTE,https://www.youtube.com/watch?v=fc3YagNsaTo,0.016998,0.021614,0.005590,0.500141,12.450592,744.624509,2026-05-06 13:01:23,3169,0.0324,1279.0000,0.0334,39532,1279,0,42,1321,52221772
Terrorisme d'ultradroite (2/2) | Documentaire | ARTE,https://www.youtube.com/watch?v=1Bcxm_XAfKA,0.015434,0.018980,0.006012,0.502808,6.389002,382.244592,2026-03-06 12:43:24,3048,0.0269,1175.0000,0.0334,43615,1175,0,282,1457,63547055
Mais qui est Joan Mitchell ? #shorts #art,https://www.youtube.com/watch?v=o-MYVmcE6ws,0.016437,0.019614,0.012556,0.499824,0.197135,11.781868,2022-11-17 17:47:37,60,0.0317,493.0000,0.0334,15539,493,0,26,519,8064741
Du chat sauvage au chat domestique ! 🐱 #chats #histoire,https://www.youtube.com/watch?v=9xILQgzdB7E,0.016378,0.019513,0.010572,0.500185,0.305682,18.289743,2023-08-08 14:45:31,60,0.0314,605.0000,0.0334,19296,605,0,39,644,12426624
Un jeune homme de bonne famille | Documentaire | ARTE,https://www.youtube.com/watch?v=0v6uEP7SdG8,0.016408,0.019553,0.004785,0.501445,5.139630,307.946268,2026-01-12 19:00:01,5228,0.0298,1532.0000,0.0334,51378,1532,0,182,1714,88061892
Homophobie en Afrique : une influence américaine ? (2024) | Sources | ARTE,https://www.youtube.com/watch?v=IedPq7HDv1o,0.015745,0.018396,0.004753,0.502679,1.737450,104.123442,2025-01-02 11:00:31,841,0.0274,1544.0000,0.0334,56453,1544,0,339,1883,106300999
La théorie du chaos - De l'ordre dans le désordre | Voyages au pays des maths | ARTE,https://www.youtube.com/watch?v=3Ho9WgeX-cA,0.021735,0.019973,0.000838,0.500174,5.780775,346.785957,2023-10-28 13:00:03,607,0.0329,11113.0000,0.0333,337801,11113,0,148,11261,3803977061
Qui veut la peau de la lanceuse d'alerte ? | Documentaire | ARTE,https://www.youtube.com/watch?v=-NkoPlYIQp8,0.023873,0.019334,0.000603,0.502392,76.519658,4597.216981,2026-02-25 21:35:00,3558,0.0284,16048.0000,0.0333,564231,16048,0,2734,18782,10597386642
DJ Mehdi : Made in France (6/6) | Vers l'infini | ARTE,https://www.youtube.com/watch?v=hTlPTSO6C20,0.028958,0.019537,0.000387,0.500949,21.431680,1288.188472,2024-09-15 18:00:20,2994,0.0313,26275.0000,0.0333,838459,26275,0,1623,27898,23391329182
L'Europe peut-elle se défendre seule ? | L'Europe dans l'œil du cyclone Alexandra Hoop Scheffer|ARTE,https://www.youtube.com/watch?v=nXoGAPfUWlQ,0.014791,0.017845,0.009627,0.502999,0.577312,34.675756,2024-06-02 13:00:51,1824,0.0258,676.0000,0.0333,26218,676,0,196,872,22862096
Les requins sont-ils les animaux les plus dangereux au monde ? | Data Science vs Fake | ARTE,https://www.youtube.com/watch?v=YpyIhZe6Y5Q,0.016083,0.019019,0.008049,0.501002,0.188684,11.343903,2019-10-12 10:45:00,161,0.0300,835.0000,0.0332,27806,835,0,89,924,25692744
Sauvons nos forêts: un gardien en action 🌳🌍  #documentaire #papouasie #lesgardiensdelaforêt,https://www.youtube.com/watch?v=9FE0l17sZU4,0.016661,0.019775,0.009837,0.499660,0.366397,22.042263,2023-12-17 18:30:06,53,0.0324,659.0000,0.0332,20364,659,0,17,676,13766064
"✊ La culture, pour vaincre la haine ? #racisme #amour",https://www.youtube.com/watch?v=9FY5y02GUes,0.017544,0.019577,0.002798,0.500523,1.361078,82.026160,2023-07-04 16:30:01,53,0.0318,2841.0000,0.0332,89404,2841,0,125,2966,265172264
À quel point l’Europe est-elle corrompue ? | ARTE Europe l'Hebdo,https://www.youtube.com/watch?v=5KCLw7zwwiQ,0.015863,0.022041,0.007928,0.501342,15.935539,960.467884,2026-05-29 10:00:28,669,0.0293,850.0000,0.0331,29021,850,0,112,962,27918202
Le plus gros lapin du monde ! 🐇,https://www.youtube.com/watch?v=19NNGy2sMXs,0.017543,0.019722,0.003079,0.500172,1.020595,61.629859,2022-12-30 10:00:01,44,0.0324,2546.0000,0.0331,78653,2546,0,58,2604,204812412
C'est quoi une Biosphère urbaine ? 🌆#Bio #Ecologie,https://www.youtube.com/watch?v=k4F93g9rziI,0.016597,0.019958,0.017061,0.498730,0.365810,22.037386,2025-03-12 17:00:47,59,0.0327,341.0000,0.0331,10422,341,0,4,345,3595590
📚 L'histoire méconnue de Kafka #litterature #documentaire,https://www.youtube.com/watch?v=KqT4nwNqExU,0.016732,0.019932,0.011949,0.499140,0.356580,21.512507,2024-06-19 16:00:29,56,0.0329,523.0000,0.0331,15897,523,0,3,526,8361822
Qu’est-il arrivé au drapeau arc-en-ciel ? | Gymnastique | ARTE,https://www.youtube.com/watch?v=ofjT5X3kHyo,0.015117,0.018200,0.010752,0.502095,0.395812,23.892362,2023-12-29 14:00:29,309,0.0272,593.0000,0.0331,21791,593,0,128,721,15711311
Rosa Luxemburg vs Friedrich Ebert | Duels d'Histoire | ARTE,https://www.youtube.com/watch?v=iBBcJkcYP_M,0.016698,0.019343,0.004771,0.500676,0.811127,49.018406,2023-09-23 13:00:40,778,0.0311,1537.0000,0.0331,49464,1537,0,99,1636,80923104
L'histoire tragique derrière l'opéra Carmen #Opéra #Musique,https://www.youtube.com/watch?v=RLvTx-j6kKQ,0.016808,0.019933,0.007115,0.499785,1.359247,82.134961,2025-07-01 16:00:50,135,0.0325,965.0000,0.0331,29730,965,0,18,983,29224590
Des peines d'inéligibilité automatiques ? ⚖️,https://www.youtube.com/watch?v=U3C6xBGuqp0,0.016073,0.019413,0.020486,0.499144,0.249604,15.058574,2024-11-22 17:00:36,60,0.0311,273.0000,0.0330,8778,273,0,17,290,2545620
Pique-nique sur le plan complexe | Voyages au pays des maths | ARTE,https://www.youtube.com/watch?v=M6o5CRYfNxA,0.026729,0.019561,0.000456,0.500382,6.774977,411.769820,2021-12-11 11:30:06,640,0.0321,21941.0000,0.0329,683601,21941,0,553,22494,15376920894
Faut-il se débarrasser de l'empathie ? | Les idées larges | ARTE,https://www.youtube.com/watch?v=XSeUcIHldiE,0.020659,0.019487,0.000947,0.500972,19.653107,1195.772826,2025-10-08 15:30:20,1536,0.0308,9692.0000,0.0329,314472,9692,0,644,10336,3250382592
De la chair à canon pour l’armée russe #ukraine #russie #afrique #arteinfo,https://www.youtube.com/watch?v=Y0h7zcKv3co,0.016226,0.018654,0.003224,0.502369,6.909620,420.384660,2025-12-03 07:30:28,132,0.0277,2415.0000,0.0329,87154,2415,0,449,2864,249609056
Courtisane et femme de lettres | Quelle histoire ! Enquête sur la toile (4/6) | ARTE,https://www.youtube.com/watch?v=P7T0XMKu1KE,0.016770,0.019520,0.005112,0.500229,1.125405,68.452480,2024-09-12 15:30:09,631,0.0317,1419.0000,0.0329,44767,1419,0,52,1471,65852257
Les nombres premiers : des nombres entiers pas comme les autres 💡 #mathématiques,https://www.youtube.com/watch?v=xO7-jEXGvPw,0.016738,0.019569,0.005705,0.500047,0.980969,59.754342,2024-09-11 16:01:13,50,0.0319,1249.0000,0.0328,39137,1249,0,35,1284,50251908
"Samuel, l'intégrale de la série | ARTE",https://www.youtube.com/watch?v=hY18pIQCZSM,0.032651,0.019722,0.000304,0.500310,42.855950,2614.194604,2025-05-15 15:30:22,5556,0.0321,34361.0000,0.0328,1069170,34361,0,693,35054,37478685180
USA :  la résistance contre ICE #ice #usa #artereportage,https://www.youtube.com/watch?v=0g7UVZjlSjA,0.016184,0.020106,0.009269,0.500213,3.736488,227.756370,2026-03-20 06:30:01,179,0.0309,707.0000,0.0328,22858,707,0,42,749,17120642
Italie : la pizzeria inclusive de Nico | ARTE Regards,https://www.youtube.com/watch?v=A9SnaUPK95A,0.016062,0.020554,0.018806,0.499128,2.178500,132.608523,2026-04-16 10:00:26,1817,0.0312,303.0000,0.0328,9709,303,0,15,318,3087462
"L'esclavage ne s'est jamais arrêté, y compris dans les pays occidentaux | Interview | ARTE",https://www.youtube.com/watch?v=MS-TsP-8UNQ,0.016655,0.018609,0.003038,0.501593,0.675922,41.296864,2020-08-10 10:54:58,651,0.0292,2586.0000,0.0327,88713,2586,0,317,2903,257533839
📖 Un roman très controversé #jamesjoyce #litterature,https://www.youtube.com/watch?v=ujaW54ghBFE,0.016567,0.019493,0.007587,0.499799,0.394506,24.101060,2023-04-24 16:30:16,50,0.0320,895.0000,0.0327,27980,895,0,20,915,25601700
Son village n'a plus d'eau | #glaciers,https://www.youtube.com/watch?v=7lDmYLaYYFQ,0.016479,0.020565,0.010892,0.499393,3.253046,198.643914,2026-03-29 08:00:08,87,0.0322,584.0000,0.0327,18136,584,0,9,593,10754648
Prix Nobel : où sont les femmes ? 🤔👩 #féminisme #recompense #arte #expresso,https://www.youtube.com/watch?v=IJ5zKT6fSv4,0.016177,0.019431,0.016350,0.499182,0.298218,18.196869,2024-10-11 06:00:13,56,0.0315,359.0000,0.0327,11380,359,0,13,372,4233360
Une espèce à part : L'espèce faible #planète #arte #animaux,https://www.youtube.com/watch?v=sOhvfsrw7fA,0.016166,0.019430,0.013576,0.499552,0.504384,30.794320,2025-03-20 17:01:04,152,0.0314,449.0000,0.0327,14317,449,0,19,468,6700356
🌲 Venez faire un tour dans la forêt magique | En Mode | ARTE #nature #humour,https://www.youtube.com/watch?v=7ZY4Q6TZ_AM,0.016194,0.019243,0.010385,0.499949,0.277601,16.959738,2023-04-16 16:30:01,50,0.0312,618.0000,0.0327,19825,618,0,30,648,12846600
Des maisons qui guérissent ?,https://www.youtube.com/watch?v=JdVIMcAosuI,0.016408,0.022062,0.013427,0.499151,6.028140,368.146165,2026-05-21 05:30:07,121,0.0322,455.0000,0.0327,14138,455,0,7,462,6531756
L'histoire derrière l'une des photos les plus célèbres du monde 📸 #SteveMcCurry #SharbatGula,https://www.youtube.com/watch?v=o_QCuXWrVe0,0.016583,0.019457,0.006931,0.499883,0.441962,27.030755,2023-05-01 16:30:14,60,0.0319,995.0000,0.0327,31192,995,0,24,1019,31784648
Accès interdit aux reporters #gaza #reportage #arteinfo,https://www.youtube.com/watch?v=kvPsnogSeNA,0.016212,0.019450,0.012513,0.499502,0.576297,35.338742,2025-04-10 10:01:08,173,0.0315,495.0000,0.0326,15698,495,0,16,511,8021678
Les premiers peuplements d'Amérique 🌎 #sciences #geographie,https://www.youtube.com/watch?v=5hbNAjqoPdE,0.016783,0.019351,0.004656,0.500095,0.672382,41.320626,2023-03-09 17:30:00,60,0.0317,1581.0000,0.0325,49870,1581,0,41,1622,80889140
"Dubai, la fin de la promesse de stabilité ? #dubai #iran",https://www.youtube.com/watch?v=0k3w6OxipP8,0.016302,0.024050,0.008131,0.500002,21.026052,1291.509317,2026-06-08 05:30:04,147,0.0313,825.0000,0.0325,26351,825,0,32,857,22582807
Les banques centrales sont-elles vraiment indépendantes ?,https://www.youtube.com/watch?v=RAvQ1Ge-2MA,0.016293,0.029914,0.011526,0.499464,29.778154,1828.697726,2026-06-19 05:30:38,132,0.0318,546.0000,0.0325,17195,546,0,13,559,9612005
Les refs de Kery James | #keryjames #rap,https://www.youtube.com/watch?v=lrLDAbGfjv8,0.016529,0.020119,0.005866,0.500094,5.819062,357.967807,2026-03-13 07:30:23,177,0.0315,1209.0000,0.0325,38417,1209,0,39,1248,47944416
Notre intelligence est-elle unique ? | Une espèce à part #7 | ARTE,https://www.youtube.com/watch?v=j3wfY5Jl3l0,0.017343,0.018659,0.002175,0.501284,0.794674,48.965728,2019-05-05 12:00:05,193,0.0296,3787.0000,0.0325,127856,3787,0,362,4149,530474544
Mutilation féminine | A nos corps excisés | ARTE,https://www.youtube.com/watch?v=SodVES0hoNI,0.014064,0.017038,0.011743,0.503221,0.256228,15.777783,2022-08-25 14:00:24,563,0.0241,534.0000,0.0324,22137,534,0,184,718,15894366
Russie : les bébés Poutine | ARTE Reportage,https://www.youtube.com/watch?v=xWbA-dwwzF8,0.013271,0.017458,0.011232,0.504701,5.811897,357.985849,2026-04-15 15:30:41,1453,0.0213,563.0000,0.0324,26486,563,0,296,859,22751474
Être une femme au foyer 🏠,https://www.youtube.com/watch?v=6mcGvdhbc0E,0.016110,0.019150,0.010231,0.499849,0.376593,23.233979,2024-02-08 16:00:04,36,0.0311,629.0000,0.0324,20236,629,0,26,655,13254580
Plus d'impôts pour les classes moyennes avec le Nouveau Front populaire ? 💸 #désintox,https://www.youtube.com/watch?v=51LGUNwBz00,0.015615,0.018435,0.006741,0.501367,0.795860,49.161111,2024-06-28 14:30:05,59,0.0286,1028.0000,0.0323,35889,1028,0,133,1161,41667129
Le miracle de la lentille de Fresnel💡✨ #arte #aventure #lowtech,https://www.youtube.com/watch?v=CGdODFOSUG0,0.016761,0.019320,0.004586,0.500005,0.872604,53.933547,2023-11-30 18:30:08,47,0.0317,1609.0000,0.0323,50744,1609,0,32,1641,83270904
Corée du Sud : le train du réarmement démographique ? 🚆🍼 #coreedusud #démographie #expresso,https://www.youtube.com/watch?v=aXl9BRoQcKE,0.017483,0.019178,0.002414,0.500399,2.136341,132.218743,2024-04-04 16:30:00,57,0.0312,3363.0000,0.0323,107751,3363,0,118,3481,375081231
Pourquoi la Gen Z se sent-elle si seule ? | ARTE Europe l'Hebdo,https://www.youtube.com/watch?v=v1qxDP0WDEA,0.016908,0.020118,0.002468,0.501481,31.340909,1940.078704,2026-05-01 10:01:40,661,0.0290,3279.0000,0.0323,112941,3279,0,369,3648,412008768
Nations désunies ? #onu #arteinfo #arte,https://www.youtube.com/watch?v=wP6OGgCSf9E,0.015640,0.019044,0.009952,0.500616,1.841113,113.973200,2025-12-17 06:30:34,118,0.0295,650.0000,0.0323,22038,650,0,61,711,15669018
Dictatures : un jeu sans règles | Tracks East | ARTE,https://www.youtube.com/watch?v=5jgJ8bOfUJg,0.014881,0.018345,0.016350,0.501018,0.932372,57.688048,2025-11-13 19:00:05,1887,0.0274,359.0000,0.0322,13086,359,0,63,422,5522292
Et Sheh ! 🌾 👊 #shorts,https://www.youtube.com/watch?v=71DwrJOOB34,0.018394,0.019148,0.001653,0.500328,1.794435,111.348182,2022-06-09 12:00:47,13,0.0314,5171.0000,0.0322,164810,5171,0,140,5311,875305910
Les premiers cowboys étaient... noirs ! 🇺🇸 #farwest #cowboys,https://www.youtube.com/watch?v=75I-JiRgFvM,0.016216,0.019385,0.005563,0.500522,4.075009,252.746143,2026-01-12 06:30:03,137,0.0304,1286.0000,0.0322,42300,1286,0,77,1363,57654900
TV Tropes : les motifs de l'imaginaire narratif | _Underscore | ARTE,https://www.youtube.com/watch?v=31T2TCHOk9c,0.016108,0.019254,0.005601,0.500703,3.963186,245.821662,2026-01-06 19:00:05,1326,0.0300,1276.0000,0.0322,42488,1276,0,93,1369,58166072
📸 La mystérieuse Viviane Maier ! #shorts,https://www.youtube.com/watch?v=E6Qm8NMyVVc,0.016606,0.019365,0.006298,0.499609,0.401845,24.926625,2022-09-06 13:11:30,60,0.0321,1113.0000,0.0322,34675,1113,0,4,1117,38731975
Europe : la fin de l'illusion sécuritaire #militaire #armée #europe #arte #UNO,https://www.youtube.com/watch?v=RjIahb-V_IQ,0.015512,0.037091,0.011368,0.500552,56.983270,3535.574102,2026-06-23 06:30:36,136,0.0293,555.0000,0.0322,18955,555,0,55,610,11562550
Vivre autonome au milieu du désert 🌵 #lowtech #aventure,https://www.youtube.com/watch?v=LsCnUBSPg6M,0.016125,0.019325,0.017887,0.498649,0.225528,13.975836,2024-07-03 16:00:18,59,0.0318,322.0000,0.0322,10132,322,0,4,326,3303032
Victime d'un prêtre pédocriminel | Ceci est mon corps | ARTE,https://www.youtube.com/watch?v=Uhpv1hTdpds,0.014921,0.018619,0.024336,0.499893,0.770860,47.733068,2026-01-13 14:01:03,856,0.0279,221.0000,0.0322,7926,221,0,34,255,2021130
"17 octobre 1961, un massacre colonial | Quand l'histoire fait dates | ARTE",https://www.youtube.com/watch?v=AXLmKP74w5g,0.015600,0.018144,0.004184,0.502219,3.602632,223.856205,2025-09-07 13:00:20,1599,0.0272,1789.0000,0.0322,65834,1789,0,329,2118,139436412
Tous notés | Le code a changé | ARTE,https://www.youtube.com/watch?v=4-xiJdgc-IM,0.015626,0.018598,0.009138,0.500695,0.517140,32.112565,2024-05-27 18:00:01,1052,0.0294,719.0000,0.0322,24466,719,0,68,787,19254742
La sinistre histoire du Caravage #caravaggio #peintre #shorts #caravage #arte,https://www.youtube.com/watch?v=O8LpnIEoZLI,0.016760,0.019238,0.004483,0.499871,0.545696,33.950054,2022-04-19 13:26:05,50,0.0318,1652.0000,0.0321,51980,1652,0,18,1670,86806600
Le meilleur discours de Snoop Dogg 🤩🤣 #rap #hollywood,https://www.youtube.com/watch?v=sv-XmZqbVl0,0.016208,0.019168,0.008491,0.499763,0.533859,33.194734,2024-06-04 16:30:08,35,0.0313,784.0000,0.0321,25027,784,0,20,804,20121708
La vraie vie - Rejouer son quotidien en ligne | Intégrale (1/2) | ARTE,https://www.youtube.com/watch?v=PmtSOUwMpg8,0.016319,0.018632,0.003282,0.501449,4.871093,303.387936,2025-09-30 15:30:22,2836,0.0288,2366.0000,0.0321,82214,2366,0,273,2639,216962746
"À Paris, un étudiant battu à mort par la police ? 👮 #désintox",https://www.youtube.com/watch?v=z4ULbETVKco,0.015573,0.018613,0.010939,0.500436,0.421422,26.220063,2024-06-07 14:30:31,60,0.0295,581.0000,0.0321,19692,581,0,51,632,12445344
Si le mansplaining était un produit | Big Flops | ARTE,https://www.youtube.com/watch?v=b5rmdM5LeOs,0.014439,0.017455,0.011579,0.502294,0.457062,28.452088,2024-06-14 18:00:30,306,0.0257,543.0000,0.0321,21165,543,0,136,679,14371035
Gâchons-nous le sang des règles ? | 42 - La réponse à presque tout | ARTE,https://www.youtube.com/watch?v=eNa8Y3VLnYU,0.020258,0.018660,0.000956,0.501241,10.916254,681.278019,2025-03-07 14:00:47,1730,0.0295,9594.0000,0.0320,325684,9594,0,842,10436,3398838224
Le viol comme arme de guerre | #éthiopie,https://www.youtube.com/watch?v=FimYGa2fp10,0.015977,0.019709,0.022158,0.498246,0.824849,51.323185,2026-01-26 06:30:13,129,0.0315,248.0000,0.0320,7871,248,0,4,252,1983492
Victor Hugo n'était pas qu'un écrivain ! 🧐,https://www.youtube.com/watch?v=0YLWHa5OCG0,0.016747,0.019193,0.004273,0.499886,0.837821,52.329194,2023-08-09 17:00:01,59,0.0317,1746.0000,0.0320,55151,1746,0,19,1765,97341515
Se soigner par la transe : le renouveau des psychédéliques 🍄,https://www.youtube.com/watch?v=BR8NTGSyJUY,0.016237,0.020821,0.006588,0.499997,10.390575,648.967263,2026-05-07 05:30:04,180,0.0311,1056.0000,0.0320,34008,1056,0,32,1088,37000704
A quoi tient une révolution ? | Les idées larges | ARTE,https://www.youtube.com/watch?v=9f-ayC9wUvk,0.015275,0.018135,0.007968,0.501368,0.611686,38.222732,2024-05-01 15:30:05,1516,0.0281,845.0000,0.0320,30119,845,0,118,963,29004597
Pétroliers fantômes : Cache-cache en haute mer 🛳️ #russie #pétrole #arte #expresso,https://www.youtube.com/watch?v=AksNrCYoWlY,0.014878,0.018097,0.018555,0.500497,0.345668,21.575122,2025-01-29 16:30:03,100,0.0277,308.0000,0.0320,11110,308,0,47,355,3944050
"Vélos, voitures : un conflit sans fin à Paris | ARTE Regards",https://www.youtube.com/watch?v=5qSshi63o6c,0.012903,0.016944,0.005942,0.506330,19.044298,1192.809423,2026-05-05 10:00:09,1824,0.0184,1191.0000,0.0319,64669,1191,0,873,2064,133476816
"Je suis Charlie, Joachim Roncin | L'Effet Domino | ARTE",https://www.youtube.com/watch?v=ULa69EPx1Qw,0.014027,0.017057,0.016697,0.502148,0.127826,7.994782,2021-08-25 14:30:08,996,0.0248,350.0000,0.0319,14135,350,0,101,451,6374885
Hollywood version ougandais #cinema #ouganda #arte #reportage #atrereportage,https://www.youtube.com/watch?v=SKh72YUFQSg,0.016320,0.019553,0.006746,0.499728,2.848185,178.440712,2025-12-27 17:00:55,130,0.0315,1027.0000,0.0319,32641,1027,0,14,1041,33979281
"En Europe, les armées recrutent des jeunes | ARTE Regards",https://www.youtube.com/watch?v=fwy4OyNblW4,0.014207,0.040908,0.016897,0.501795,51.474370,3221.299284,2026-06-24 10:00:10,1820,0.0254,345.0000,0.0319,13580,345,0,88,433,5880140
Peut-on voir le son ? 🔊 #ondes #science,https://www.youtube.com/watch?v=NhIv_Ey4sfI,0.016113,0.019679,0.010442,0.499392,2.115348,132.530089,2026-02-01 09:00:30,118,0.0315,614.0000,0.0319,19516,614,0,8,622,12138952
Les hallucinations d'une artiste ! 🎨🤩 Yayoi Kusama ! #shorts,https://www.youtube.com/watch?v=q874V0pDJmQ,0.016124,0.018861,0.006724,0.500038,0.361702,22.695362,2022-06-14 15:52:32,53,0.0308,1031.0000,0.0318,33475,1031,0,35,1066,35684350
« L'Église catholique ment » #amour #religion,https://www.youtube.com/watch?v=ucPOzdYLGCk,0.014622,0.017528,0.009192,0.502154,0.624852,39.220035,2024-07-31 16:00:51,60,0.0261,714.0000,0.0318,27335,714,0,156,870,23781450
La toupie de Kovalevskaïa | Voyages au pays des maths | ARTE,https://www.youtube.com/watch?v=28rlZ1NwYrc,0.018799,0.018973,0.001392,0.500267,3.322391,208.952281,2023-11-04 17:00:02,606,0.0311,6284.0000,0.0318,202041,6284,0,140,6424,1297911384
À quoi ressemblera le monde de demain? #climateaction #Sibérie #shorts #giec,https://www.youtube.com/watch?v=UDTMYZW9emU,0.015930,0.018809,0.009095,0.499840,0.240380,15.111523,2022-03-23 16:22:33,42,0.0307,723.0000,0.0318,23543,723,0,25,748,17610164
"""Projet 2025"" : le plan de Trump pour abattre la démocratie | #donaldtrump",https://www.youtube.com/watch?v=lQ2tAIdjsnY,0.016233,0.019254,0.004034,0.500759,8.090060,509.106354,2026-02-25 06:30:33,180,0.0297,1866.0000,0.0318,62804,1866,0,129,1995,125293980
Avons-nous besoin de l'homme alpha ? | 42 - La réponse à presque tout | ARTE,https://www.youtube.com/watch?v=6EbBNVA4FnM,0.016194,0.017862,0.002143,0.503295,21.534597,1356.916346,2026-03-06 14:00:09,1789,0.0249,3851.0000,0.0317,154755,3851,0,1060,4911,760001805
Le pouvoir des sentiments #musique #tristesse,https://www.youtube.com/watch?v=BIyw9u1_694,0.015761,0.018968,0.017313,0.498926,0.355909,22.400622,2025-02-28 23:00:08,62,0.0309,335.0000,0.0317,10857,335,0,9,344,3734808
"The Girl from Ipanema | Astrud Gilberto, reine de la bossa nova | ARTE",https://www.youtube.com/watch?v=t347f56kEmE,0.015967,0.019163,0.005748,0.500444,4.340226,273.782391,2026-01-28 20:00:47,3152,0.0300,1238.0000,0.0317,41286,1238,0,70,1308,54002088
"Bulgarie, un virage pro-russe ? | ARTE Europe l'Hebdo",https://www.youtube.com/watch?v=O3QbN_RNjcI,0.014547,0.018967,0.012817,0.501574,4.423808,278.906908,2026-04-24 10:00:43,562,0.0264,481.0000,0.0317,18189,481,0,95,576,10476864
Le cauchemar de l’excision chez les jeunes filles #shorts #excision #arte #fille,https://www.youtube.com/watch?v=qLRCw8wlhEs,0.014874,0.017564,0.007289,0.501969,0.364632,23.008762,2022-04-21 16:38:13,57,0.0267,938.0000,0.0317,35179,938,0,176,1114,39189406
"""Grand remplacement"", l'hypocrisie italienne 🍼🇮🇹 #immigration #europe",https://www.youtube.com/watch?v=u59gCr72YDc,0.022504,0.018521,0.000677,0.501554,37.849412,2391.262075,2025-12-03 06:30:37,133,0.0285,14120.0000,0.0317,495855,14120,0,1576,15696,7782940080
Gaza : à la recherche des disparus | ARTE Reportage,https://www.youtube.com/watch?v=u8NGz_Vmg-Q,0.014204,0.017518,0.008338,0.502878,3.367229,212.854638,2026-01-26 16:30:19,1555,0.0246,801.0000,0.0316,32555,801,0,228,1029,33499095
Peut-on tout traduire ? | Les idées larges | ARTE,https://www.youtube.com/watch?v=nBpJ0VNLg6c,0.017180,0.018671,0.002342,0.500483,1.817349,115.069694,2023-10-04 18:00:23,1306,0.0303,3482.0000,0.0316,114826,3482,0,144,3626,416359076
Le sandwich parfait de @BiosphereExperience,https://www.youtube.com/watch?v=dX7emrzrqRE,0.015898,0.018997,0.012007,0.499279,0.528025,33.390323,2025-02-12 17:00:49,45,0.0311,520.0000,0.0316,16726,520,0,8,528,8831328
Savez-vous combien d’eau vous utilisez par jour ? 😲 #écologie #eau #arte,https://www.youtube.com/watch?v=sBVAaJ-P4-8,0.015413,0.018631,0.020926,0.498970,0.280919,17.737766,2025-02-11 17:01:04,127,0.0299,266.0000,0.0316,8903,266,0,15,281,2501743
"Les hauts de Hurlevent, vous connaissez ? #shorts #bronte",https://www.youtube.com/watch?v=uDmnbGObbN4,0.016049,0.018819,0.007356,0.499778,0.362886,22.976683,2022-11-30 10:31:44,57,0.0309,928.0000,0.0316,30012,928,0,19,947,28421364
Les secrets de la poudre blanche 😎 #egypte #pure,https://www.youtube.com/watch?v=bvtgqX_jS2M,0.016476,0.018688,0.003756,0.500250,0.875071,55.526232,2023-03-20 17:30:06,58,0.0305,2026.0000,0.0315,66404,2026,0,66,2092,138917168
Les écolos face l'art  #short #désintox,https://www.youtube.com/watch?v=5bpG9IJ8FXs,0.015549,0.018576,0.015463,0.499331,0.153174,9.713012,2022-11-27 16:00:03,60,0.0302,384.0000,0.0315,12714,384,0,16,400,5085600
"Vous avez lu ""Les liaisons dangereuses"" ? #booktok #arte",https://www.youtube.com/watch?v=eQb_DZaZekM,0.016305,0.018923,0.005752,0.499647,0.493237,31.335215,2023-01-16 14:26:26,59,0.0314,1237.0000,0.0315,39452,1237,0,4,1241,48959932
Boycotter Coca Cola & Co. ? 🚫 #boycott #usa #buyfromue #expresso,https://www.youtube.com/watch?v=mmxEDqkiRao,0.015117,0.018195,0.011892,0.500540,0.632771,40.168988,2025-03-25 18:00:29,131,0.0285,526.0000,0.0315,18473,526,0,55,581,10732813
La loi de Benford | Voyages au pays des maths | ARTE,https://www.youtube.com/watch?v=wS1Tsj_fl5o,0.027345,0.018715,0.000426,0.500324,6.985919,444.380598,2021-10-02 10:30:15,543,0.0308,23643.0000,0.0314,768865,23643,0,530,24173,18585773645
L'humanité ne pourrait pas survivre sans les abeilles : Vrai ou Faux ? | Data Science vs Fake | ARTE,https://www.youtube.com/watch?v=8Y9k7wK_5WI,0.015470,0.018110,0.006803,0.500812,0.227069,14.441565,2019-10-19 10:30:01,171,0.0288,1017.0000,0.0314,35298,1017,0,92,1109,39145482
Quelle est la force des images ? | 42 - La réponse à presque tout | ARTE,https://www.youtube.com/watch?v=RsssHl0-pyw,0.015706,0.019232,0.020184,0.498431,0.740650,47.003771,2025-12-19 14:00:55,1805,0.0310,278.0000,0.0314,8980,278,0,4,282,2532360
🥊 Rockyyyy Balboaaa ! 🥊 Sylvester Stallone #shorts,https://www.youtube.com/watch?v=OSPEfGo6KXI,0.016056,0.018838,0.007865,0.499509,0.292082,18.597254,2022-06-10 14:19:31,55,0.0312,858.0000,0.0314,27506,858,0,5,863,23737678
🌋 Rentrez au cœur des volcans #documentaire #science,https://www.youtube.com/watch?v=ZGoZrAZSKBs,0.015976,0.018771,0.007390,0.499743,0.559504,35.633433,2024-03-09 17:00:33,60,0.0308,923.0000,0.0314,29965,923,0,17,940,28167100
🗣️ Corée du Nord : la politique sous silence #censure #reportage #arteinfo,https://www.youtube.com/watch?v=CqgpmXsB6J4,0.015638,0.019057,0.023313,0.498128,0.474090,30.106705,2025-10-20 15:00:23,151,0.0308,233.0000,0.0314,7557,233,0,4,237,1791009
Pourquoi Dearborn est-elle appelée la capitale arabe des États-Unis ? #trump #musulmans #arteinfo,https://www.youtube.com/watch?v=y1_viXmTC8c,0.016007,0.018386,0.003963,0.500860,2.586143,164.923596,2025-05-27 17:01:22,143,0.0291,1905.0000,0.0313,65462,1905,0,147,2052,134328024
Quel avenir pour les Kurdes de Syrie ? | Décryptage | ARTE,https://www.youtube.com/watch?v=32vRCe6Fuos,0.014473,0.018153,0.015430,0.501055,1.748857,111.426058,2026-02-18 20:00:05,656,0.0266,385.0000,0.0313,14463,385,0,68,453,6551739
Elle s'appelle Blanche 👵❤️ #arte #documentaire #alzheimer,https://www.youtube.com/watch?v=EfmWzqpPRMM,0.020364,0.018811,0.000950,0.500077,4.820264,307.828494,2023-09-22 17:30:04,59,0.0311,9655.0000,0.0313,310877,9655,0,80,9735,3026387595
Les musiciens afghans en exile #musique #Pakistan #afghanistan #arteinfo #artereportage,https://www.youtube.com/watch?v=SyIufvCnAyM,0.015699,0.018891,0.011300,0.499489,0.989916,63.158002,2025-09-11 17:00:40,127,0.0305,559.0000,0.0313,18311,559,0,14,573,10492203
Ils travaillent jour et nuit pour un salaire de misère #cambodge #artereportage #arte,https://www.youtube.com/watch?v=GTLAveb2sGU,0.018269,0.021839,0.001425,0.500843,118.691162,7597.402100,2026-06-01 05:30:22,178,0.0294,6119.0000,0.0312,208192,6119,0,385,6504,1354080768
Bertha Benz démocratise l'automobile ! 🚗 #shorts,https://www.youtube.com/watch?v=O6-Y-ULdSrU,0.015550,0.018672,0.035500,0.496626,0.048550,3.087226,2022-07-07 12:28:35,57,0.0308,138.0000,0.0312,4483,138,0,2,140,627620
Et si on travaillait tous et toutes gratuitement ? | Les idées larges | ARTE,https://www.youtube.com/watch?v=8I6TLhmpooQ,0.017739,0.017949,0.001568,0.501294,1.858603,119.129530,2022-01-19 19:00:02,1132,0.0284,5489.0000,0.0312,193090,5489,0,535,6024,1163174160
🎬 Et si Marty McFly n'avait pas été joué par Michael J. Fox ? #retourverslefutur #cinema,https://www.youtube.com/watch?v=0B6qG78tbPo,0.016041,0.018636,0.005879,0.499853,0.498011,31.905990,2023-02-11 17:30:00,54,0.0307,1206.0000,0.0312,39337,1206,0,21,1227,48266499
Sur la route de l’infini | Voyages au pays des maths | ARTE,https://www.youtube.com/watch?v=o79bss3Hc60,0.023312,0.018506,0.000615,0.500413,4.753569,304.780045,2021-10-30 10:30:17,587,0.0303,15720.0000,0.0312,518795,15720,0,462,16182,8395140690
"Érik Satie, génie incompris ? #satie #musique",https://www.youtube.com/watch?v=kE4P-PsFUUg,0.015959,0.018750,0.005883,0.499939,1.777851,114.151279,2025-07-16 14:01:18,126,0.0304,1205.0000,0.0311,39616,1205,0,28,1233,48846528
Les lettres secrètes de Marie Stuart !,https://www.youtube.com/watch?v=L13FifowtJ4,0.016439,0.018961,0.003670,0.500039,4.864311,312.509052,2025-11-22 17:15:03,168,0.0306,2081.0000,0.0311,68100,2081,0,38,2119,144303900
Les nombres irrationnels | Voyages au pays des maths | ARTE,https://www.youtube.com/watch?v=3PK2Wm7_HSI,0.022360,0.018443,0.000686,0.500431,4.297145,276.281732,2021-12-04 11:30:01,636,0.0302,13897.0000,0.0311,460604,13897,0,430,14327,6599073508
Pourquoi le vélo est-il si dangereux en France ? #vélo #voiture #paulvarry #arteinfo,https://www.youtube.com/watch?v=gcXVvQu7g1s,0.014640,0.017360,0.006483,0.502082,1.618401,104.128042,2025-05-26 17:00:51,132,0.0260,1076.0000,0.0311,41435,1076,0,211,1287,53326845
Les principaux flux migratoires vont-ils de l'Afrique vers l'Europe ? | Data Science vs Fake | ARTE,https://www.youtube.com/watch?v=Uw9sRK11Ckk,0.015201,0.017719,0.006174,0.501152,0.265119,17.062373,2019-12-07 11:30:01,117,0.0279,1139.0000,0.0311,40867,1139,0,130,1269,51860223
🐖 L'usine des animaux #maltraitanceanimale #végétarisme,https://www.youtube.com/watch?v=bN6UzcivkpU,0.016017,0.018172,0.003844,0.500658,0.923020,59.424537,2023-05-19 16:30:06,60,0.0292,1973.0000,0.0311,67503,1973,0,123,2096,141486288
Qui veut la peau des médias publics européens ? | ARTE Europe l'Hebdo,https://www.youtube.com/watch?v=sr4ieEjQQyY,0.014744,0.018999,0.014353,0.500493,3.268037,210.137556,2026-04-17 10:01:44,646,0.0277,420.0000,0.0310,15175,420,0,51,471,7147425
"""Il n'y a pas d'autres solutions. Il faut prendre les armes"" | Interview | ARTE",https://www.youtube.com/watch?v=IduMD7Quk0w,0.014080,0.016477,0.006074,0.503219,0.353888,22.791900,2020-08-12 11:24:25,684,0.0237,1161.0000,0.0310,48915,1161,0,357,1518,74252970
Espagne : la nostalgie Franco | Reportage | ARTE Regards,https://www.youtube.com/watch?v=Q7v9IF3z5Sg,0.013172,0.016016,0.006663,0.504718,4.058526,261.438469,2025-12-17 11:00:50,1823,0.0206,1042.0000,0.0310,50503,1042,0,525,1567,79138201
"🧳 Adieu Paris, bonjour Dakar #senegal #avenir",https://www.youtube.com/watch?v=8FgWnQg7Z_Q,0.015569,0.018263,0.007276,0.500192,0.396098,25.505993,2023-01-29 17:30:03,60,0.0296,940.0000,0.0310,31778,940,0,46,986,31333108
Echec du modele agricole 🌾,https://www.youtube.com/watch?v=8JbCXwkxLkA,0.015203,0.017927,0.008090,0.500652,0.320272,20.630637,2022-08-17 08:00:03,46,0.0285,830.0000,0.0310,29116,830,0,73,903,26291748
L'Europe peut-elle vraiment arrêter les drones ? | ARTE Europe l'Hebdo,https://www.youtube.com/watch?v=JJsEYzsUfx0,0.015001,0.063142,0.029244,0.498165,42.651925,2736.944720,2026-06-26 10:00:17,619,0.0290,176.0000,0.0310,6064,176,0,12,188,1140032
Carpates : soigner les soldats ukrainiens | ARTE Regards,https://www.youtube.com/watch?v=5rbrGcId-XY,0.014180,0.018577,0.019833,0.500722,2.484767,159.860664,2026-04-21 10:00:13,1835,0.0260,284.0000,0.0310,10905,284,0,54,338,3685890
Avons-nous tous un trauma caché ? | 42 - La réponse à presque tout | ARTE,https://www.youtube.com/watch?v=A6sdi9p_VPY,0.015346,0.066033,0.013161,0.499567,116.468711,7505.176803,2026-06-26 13:00:10,1682,0.0297,466.0000,0.0310,15691,466,0,20,486,7625826
Des terroristes aux passeports Ukrainiens ? #désintox,https://www.youtube.com/watch?v=qg7IanQR_tI,0.014663,0.017585,0.011892,0.500916,0.367923,23.721540,2024-04-05 14:30:19,60,0.0272,526.0000,0.0310,19310,526,0,72,598,11547380
“Chat control” :  vos messages bientôt surveillés ? #surveillance #messagerie #expresso #arteinfo,https://www.youtube.com/watch?v=iAIpePHX-Io,0.014896,0.018036,0.010259,0.500759,1.361581,87.816147,2025-10-15 07:30:32,135,0.0279,627.0000,0.0310,22509,627,0,70,697,15688773
Les antibiotiques c'est pas automatique ? 🦠 #shorts,https://www.youtube.com/watch?v=cxBnb9-WhP8,0.015493,0.018373,0.011334,0.499562,0.197596,12.740290,2022-07-04 15:24:37,55,0.0300,557.0000,0.0310,18537,557,0,17,574,10640238
"Israël-Palestine - Coexistence, mon cul ! | Documentaire | ARTE",https://www.youtube.com/watch?v=xoEWl5VKgn4,0.014875,0.018676,0.012471,0.500435,2.689910,173.604570,2026-03-18 14:01:38,5318,0.0281,497.0000,0.0309,17716,497,0,51,548,9708368
Géorgie: ces jeunes risquent leur vie ! #géorgie #artereportage #arte,https://www.youtube.com/watch?v=-DmH-wBcQGM,0.014441,0.018089,0.023898,0.499715,0.885047,57.012039,2026-02-02 07:30:00,143,0.0271,226.0000,0.0309,8342,226,0,32,258,2152236
Le côté obscur de l'industrie sucrière | SPOT | ARTE,https://www.youtube.com/watch?v=AHBU5YX3BZQ,0.015334,0.018593,0.011100,0.499824,1.394327,90.065581,2025-11-25 20:00:09,523,0.0295,571.0000,0.0309,19346,571,0,27,598,11568908
Les mots d'amour perdent-ils leur sens ? | Les Idées Larges | ARTE,https://www.youtube.com/watch?v=_7kCoJQZJ6w,0.018278,0.018355,0.001447,0.500334,2.048444,132.566744,2022-05-11 10:30:41,1167,0.0301,6015.0000,0.0309,200069,6015,0,167,6182,1236826558
🎶 Du Chopin dans Zelda ? I Jour De Play #zelda #chopin #piano,https://www.youtube.com/watch?v=uSlTxRj4zSk,0.015723,0.018594,0.006337,0.500035,2.001708,129.472979,2025-09-16 09:01:30,178,0.0299,1105.0000,0.0309,36933,1105,0,36,1141,42140553
Reconnaissez-vous cette oeuvre d'Art ? 🎨 #art #arte,https://www.youtube.com/watch?v=tHl0RdpY21o,0.015519,0.018484,0.012346,0.499309,0.336844,21.767700,2024-05-26 16:00:42,60,0.0303,503.0000,0.0309,16608,503,0,10,513,8519904
Les ultra-riches rendent-ils le monde meilleur ? | Est-il vrai que...? | ARTE,https://www.youtube.com/watch?v=w1RT9_qqXV8,0.015060,0.022263,0.006498,0.501157,28.281141,1830.638258,2026-06-07 10:00:22,1595,0.0276,1073.0000,0.0309,38838,1073,0,126,1199,46566762
"Caucase du Sud, entre peur et renouveau | Tracks East | ARTE",https://www.youtube.com/watch?v=oXIs1aOiSBs,0.013746,0.017069,0.018654,0.501507,0.823212,53.194467,2025-11-06 19:01:00,1884,0.0246,306.0000,0.0309,12439,306,0,78,384,4776576
"La chorégraphe qui décolonise la danse | Gymnastique, la culture en s'amusant | ARTE",https://www.youtube.com/watch?v=bP4lfNIeAsE,0.014633,0.017421,0.010287,0.501125,0.207361,13.418994,2021-10-08 14:00:30,304,0.0270,625.0000,0.0309,23135,625,0,89,714,16518390
"Enquête sur la face cachée des spectacles ""Shen Yun"" | Sources | ARTE",https://www.youtube.com/watch?v=ecUZB26_WHo,0.021755,0.018987,0.000726,0.501230,87.755492,5687.746177,2026-04-08 15:30:22,1237,0.0283,13045.0000,0.0309,460630,13045,0,1168,14213,6546934190
Comment a été vu la libération de 1944 ?,https://www.youtube.com/watch?v=86OiR0dNiMM,0.015507,0.018340,0.007256,0.500143,1.192128,77.240720,2025-05-10 16:00:19,110,0.0295,943.0000,0.0308,31975,943,0,43,986,31527350
La dépression | Psycho | ARTE,https://www.youtube.com/watch?v=BajgFuaHNFE,0.024705,0.018002,0.000530,0.500924,8.020110,520.445078,2023-02-12 17:30:02,1586,0.0289,18540.0000,0.0308,641138,18540,0,1219,19759,12668245742
Écosse : quand les hommes cherchent de l’aide | ARTE Regards,https://www.youtube.com/watch?v=bn0EsA_swHo,0.014444,0.017295,0.010096,0.501446,0.531088,34.422712,2024-07-24 10:00:45,1832,0.0264,639.0000,0.0308,24241,639,0,108,747,18108027
"Le ""travesti"" du Berlin des années folles | Quelle histoire ! Enquête sur la toile | ARTE",https://www.youtube.com/watch?v=NNF4u2mjrRo,0.015383,0.018200,0.008383,0.500074,0.654296,42.473596,2024-09-28 13:00:23,673,0.0294,796.0000,0.0308,27102,796,0,38,834,22603068
"Hanouna, porte parole de l'extrême droite ?! #hanouna #tpmp #désintox",https://www.youtube.com/watch?v=ERz2pQmuO6c,0.017315,0.017411,0.001600,0.501791,2.384861,154.977015,2022-12-23 23:00:05,60,0.0270,5368.0000,0.0308,198785,5368,0,749,6117,1215967845
Les pays baltes dans le collimateur de Moscou | Tracks East | ARTE,https://www.youtube.com/watch?v=Qc4JZVDN-y4,0.013434,0.050960,0.015735,0.502323,85.702363,5562.326217,2026-06-25 18:00:35,1805,0.0235,376.0000,0.0308,16031,376,0,117,493,7903283
Y a-t-il des vrais et des faux réfugiés ? | Les idées larges | ARTE,https://www.youtube.com/watch?v=pY7vrfr7344,0.014775,0.017253,0.006188,0.501642,0.416362,27.075904,2022-03-02 11:30:10,1222,0.0266,1136.0000,0.0307,42757,1136,0,178,1314,56182698
💥 Les terribles conséquences de la politique de Margaret Thatcher #politique #royaumeuni,https://www.youtube.com/watch?v=HmIQlzLooC8,0.015427,0.017710,0.004599,0.501050,0.817591,53.191206,2023-07-17 16:30:03,59,0.0280,1604.0000,0.0307,57284,1604,0,156,1760,100819840
Les gorilles menacés d'extinction 🦍 #territoire #rwanda,https://www.youtube.com/watch?v=Fjh8FCdj3Vs,0.015458,0.018243,0.009170,0.499740,0.309329,20.123174,2023-03-23 17:30:02,60,0.0298,716.0000,0.0307,24005,716,0,21,737,17691685
Les musées européens bientôt vides ? #œuvres #art #restitution #culture #afrique #ue #arteinfo,https://www.youtube.com/watch?v=YzaIy4YWa0M,0.015052,0.018074,0.007494,0.500763,2.246043,146.254880,2025-11-19 08:30:19,124,0.0281,908.0000,0.0307,32363,908,0,85,993,32136459
Le nutriscore en veut à la gastronomie italienne ? - Désintox | ARTE,https://www.youtube.com/watch?v=AMA8Ms4i4rA,0.015029,0.017874,0.011133,0.500154,0.253359,16.487821,2023-03-10 20:00:02,56,0.0286,569.0000,0.0307,19881,569,0,41,610,12127410
"Cour suprême, alliée de Trump ? | Décryptage | ARTE",https://www.youtube.com/watch?v=oQUllamMYHI,0.014543,0.017732,0.014703,0.500481,0.811985,52.835487,2025-09-18 09:01:16,596,0.0273,408.0000,0.0307,14966,408,0,51,459,6869394
Les femmes peuvent-elles se libérer de leur corps ? | Les idées larges | ARTE,https://www.youtube.com/watch?v=4WIHINvMkvs,0.016656,0.017385,0.001976,0.501682,1.529631,99.729898,2022-03-16 21:01:29,1329,0.0271,4224.0000,0.0307,156053,4224,0,562,4786,746869658
"L'opération qui soignerait épilepsie, dépression et maladie de Parkinson | #epilepsie #parkinson",https://www.youtube.com/watch?v=qIHd3_r7ZG4,0.015284,0.018737,0.010939,0.499700,2.091974,136.359322,2026-02-04 06:30:35,169,0.0295,581.0000,0.0306,19685,581,0,22,603,11870055
Ces Français qui se font justice eux-mêmes | ARTE Regards,https://www.youtube.com/watch?v=mZiQNNmcKmc,0.013415,0.034824,0.006087,0.504116,157.993958,10309.680948,2026-06-23 10:00:36,1838,0.0215,1158.0000,0.0306,53769,1158,0,489,1647,88557543
Nos animaux de compagnie menacent-ils la biodiversité ? #animaux #chien #chat #arteinfo,https://www.youtube.com/watch?v=pez9UfEkuLM,0.014070,0.018039,0.016464,0.501025,2.372388,154.563326,2026-03-31 06:30:18,108,0.0258,356.0000,0.0306,13812,356,0,67,423,5842476
"Lalla - Chanteuse, rappeuse, dangereuse | VINGT ANS | ARTE",https://www.youtube.com/watch?v=IdwAnLF5B6k,0.014769,0.017679,0.010768,0.500608,0.579810,37.810662,2024-12-10 19:00:11,1130,0.0277,592.0000,0.0306,21357,592,0,62,654,13967478
Il suffit de 58 députés pour destituer Macron ? #Désintox,https://www.youtube.com/watch?v=SrsALDJYyf8,0.015213,0.017593,0.005062,0.501117,0.950913,62.138723,2024-03-15 15:30:05,59,0.0277,1435.0000,0.0306,51885,1435,0,152,1587,82341495
Les femelles prennent le pouvoir 💪 #nature #animaux,https://www.youtube.com/watch?v=rymNWH1-bFM,0.015379,0.018260,0.011084,0.499467,0.344737,22.510258,2024-02-29 17:00:45,50,0.0299,572.0000,0.0306,19132,572,0,13,585,11192220
Le jeu de la vie | Voyages au pays des maths | ARTE,https://www.youtube.com/watch?v=gKgAaZ7a5Bs,0.021079,0.018227,0.000805,0.500252,3.542388,231.708193,2021-11-27 11:30:14,577,0.0300,11631.0000,0.0306,387915,11631,0,229,11860,4600671900
Les leaders d'extrême gauche jamais agressés ? #désintox,https://www.youtube.com/watch?v=_biiZLGAoXY,0.014691,0.017097,0.005505,0.501885,0.913993,59.766792,2024-03-13 15:30:09,59,0.0260,1302.0000,0.0306,50024,1302,0,227,1529,76486696
Raï is NOT DEAD 🎶 #EnMode,https://www.youtube.com/watch?v=H5mH1KD8PGA,0.015241,0.018225,0.015463,0.499051,0.259542,16.973019,2024-05-30 14:30:08,52,0.0298,384.0000,0.0305,12883,384,0,9,393,5063019
Si j'étais américain... #samuel #usa #animation,https://www.youtube.com/watch?v=b8-BaxAGw1o,0.015455,0.019206,0.009508,0.499448,3.682654,241.783463,2026-03-26 06:30:30,58,0.0301,686.0000,0.0304,22815,686,0,8,694,15833610
Filmer les femmes autrement: Solène Chalvon-Fioriti #reportage #arteinfo #actualité #reportage,https://www.youtube.com/watch?v=BRvkdjtFzwo,0.015320,0.018141,0.007896,0.499964,1.015051,66.700407,2025-04-17 17:00:23,136,0.0293,854.0000,0.0304,29143,854,0,32,886,25820698
Et si on était payé à ne rien faire ? | Les idées larges avec Bernard Friot | ARTE,https://www.youtube.com/watch?v=50vPCv7EPWE,0.019650,0.017028,0.000942,0.502155,6.431064,423.083744,2024-01-23 16:30:00,1511,0.0260,9751.0000,0.0304,375252,9751,0,1656,11407,4280499564
Chaos mental : le TDAH rend-il plus créatif ? | Twist | ARTE,https://www.youtube.com/watch?v=RwS3lixA8tU,0.014812,0.023886,0.014855,0.499749,13.511654,887.703171,2026-06-12 15:30:38,1823,0.0284,403.0000,0.0304,14191,403,0,28,431,6116321
Turquie : les défis de la communauté LGBTQ+ | ARTE Regards,https://www.youtube.com/watch?v=_QwUQwq2ZjQ,0.014056,0.017269,0.009913,0.501772,2.253502,148.260357,2026-01-05 11:01:10,1819,0.0253,653.0000,0.0304,25823,653,0,131,784,20245232
Les oubliés de la Belle Étoile - Quand l'école maltraite | Documentaire | ARTE,https://www.youtube.com/watch?v=wIYoppuPrYY,0.014165,0.017364,0.007010,0.502186,4.594455,302.488139,2026-02-18 14:01:32,6405,0.0250,982.0000,0.0304,39338,982,0,212,1194,46969572
Pourquoi chantons-nous ? | 42 - La réponse à presque tout | ARTE,https://www.youtube.com/watch?v=v2zjv7rPNXc,0.016227,0.018560,0.003014,0.500308,9.054128,597.122915,2026-01-30 14:01:35,1712,0.0293,2609.0000,0.0303,89000,2609,0,89,2698,240122000
"Tom Cruise, acteur vertigineux 🏔 #shorts #shortstories #cinema",https://www.youtube.com/watch?v=Ou-Vx-Ir_yw,0.015093,0.017959,0.012642,0.499488,0.239854,15.809549,2023-08-06 17:45:00,33,0.0293,489.0000,0.0303,16709,489,0,17,506,8454754
Sortir le bazooka contre le chantage de Trump ? #usa #trump #expresso #arte,https://www.youtube.com/watch?v=IshY0mVRRIE,0.014862,0.018097,0.008584,0.500510,2.665836,175.996021,2026-01-22 06:30:11,140,0.0279,774.0000,0.0303,27695,774,0,64,838,23208410
🩰 Vivre sa passion malgré la pauvreté #danse #art,https://www.youtube.com/watch?v=i5E1xlOrJik,0.015335,0.018050,0.008575,0.499680,0.365456,24.128415,2023-07-09 16:30:08,60,0.0296,775.0000,0.0303,26178,775,0,17,792,20732976
🇫🇷 La France championne des voitures électriques ? 🚗🔌⚡ #désintox #voitureelectrique,https://www.youtube.com/watch?v=zLdCnALPZ5g,0.015001,0.017988,0.015168,0.499287,0.346655,22.860598,2024-11-15 17:01:10,60,0.0291,393.0000,0.0303,13486,393,0,15,408,5502288
Comment survivre grâce au low-tech ? 🔄🛠️ #arte #biosphère #désert,https://www.youtube.com/watch?v=vGDv2flHczU,0.015271,0.018107,0.011166,0.499356,0.304369,20.095770,2023-11-23 18:30:39,55,0.0298,567.0000,0.0302,19048,567,0,9,576,10971648
Légalisation du Cannabis en Allemagne #arte #cannabis #expresso,https://www.youtube.com/watch?v=8KrUKlajmoA,0.036357,0.017735,0.000263,0.500863,25.208799,1667.403609,2024-03-02 10:00:05,59,0.0285,40288.0000,0.0302,1414318,40288,0,2476,42764,60481894952
🎤 Connaissez-vous réellement l'icône Lizzo ? #juice #musicqueens,https://www.youtube.com/watch?v=KNN4A2sCXAw,0.015093,0.018006,0.015331,0.499095,0.184732,12.188584,2023-07-14 16:30:02,60,0.0295,388.0000,0.0302,13163,388,0,10,398,5238874
"Jugé ""indécent"" par Napoléon III ! #peinture #impressionnisme #manet",https://www.youtube.com/watch?v=6wd5myz-vew,0.015546,0.019035,0.005960,0.499879,6.568584,434.393705,2026-03-28 09:00:13,110,0.0296,1187.0000,0.0302,40076,1187,0,24,1211,48532036
"Videur de boîte de nuit, Flex parle de son travail #Travail #Métiers",https://www.youtube.com/watch?v=RrlF4UaUGGo,0.015238,0.018147,0.010342,0.499506,0.675641,44.673195,2025-03-15 17:00:25,61,0.0296,621.0000,0.0302,20993,621,0,13,634,13309562
Retour chez mes potes trumpistes | HIGH SCHOOL RADICAL (1/4) | ARTE,https://www.youtube.com/watch?v=F4p-KHV2-Qw,0.033555,0.018198,0.000295,0.500564,78.529054,5200.547207,2025-11-05 16:30:07,1415,0.0290,35486.0000,0.0302,1221842,35486,0,1413,36899,45084747958
La Hongrie aujourd'hui : vers un changement de pouvoir ? | Tracks East | ARTE,https://www.youtube.com/watch?v=zf-scNnD1UE,0.012736,0.016400,0.009579,0.504045,5.731928,379.297075,2026-04-02 18:01:01,1852,0.0206,680.0000,0.0302,32954,680,0,315,995,32789230
Le procès de Emma Bovary ⚖️,https://www.youtube.com/watch?v=u8hD_ok0F00,0.015204,0.017770,0.006582,0.500274,0.646351,42.808992,2024-02-18 15:29:00,57,0.0287,1057.0000,0.0302,36858,1057,0,55,1112,40986096
Ces femmes afghanes rêvent de partir ailleurs #artereportage #afghanistan #arte,https://www.youtube.com/watch?v=a4826Vg1Vb8,0.014419,0.017508,0.010096,0.500934,1.590840,105.347981,2025-11-13 17:00:00,106,0.0267,639.0000,0.0302,23906,639,0,82,721,17236226
Togo : de plus en plus d’attaques terroristes #togo #actualité #arte #expresso,https://www.youtube.com/watch?v=5twTFK6G7zw,0.015199,0.017196,0.003777,0.501457,1.631546,108.266822,2024-08-01 16:00:05,60,0.0267,2013.0000,0.0301,75350,2013,0,257,2270,171044500
Une grotte préhistorique s’explore d’abord avec les oreilles 👂 #shorts,https://www.youtube.com/watch?v=_5omvEkQACc,0.015216,0.017863,0.008131,0.499855,0.299112,19.841765,2022-08-04 09:56:48,32,0.0292,825.0000,0.0301,28259,825,0,26,851,24048409
Les mégabassines : une mauvaise solution ?,https://www.youtube.com/watch?v=oljy0dMpQAg,0.015763,0.017664,0.003113,0.500920,3.816388,253.567183,2025-07-07 16:01:24,132,0.0279,2514.0000,0.0301,90261,2514,0,202,2716,245148876
"Wikipédia, nouvelle cible des conspirationnistes | Citizen Facts (4/5) | ARTE",https://www.youtube.com/watch?v=p3cDqp5-Bbk,0.014858,0.016194,0.002908,0.503083,1.807272,120.114637,2023-11-10 19:00:32,2049,0.0236,2718.0000,0.0301,115411,2718,0,754,3472,400706992
💥 Comment a commencé la première guerre de l'opium ? #drogue #guerre,https://www.youtube.com/watch?v=ADYTwA98IQA,0.015538,0.017786,0.004611,0.500275,0.763100,50.712000,2023-07-03 16:30:02,60,0.0289,1599.0000,0.0301,55324,1599,0,65,1664,92059136
L’hormonothérapie : une solution pour les mineurs transgenres ? | Les questions qui fâchent | ARTE,https://www.youtube.com/watch?v=Lbaerh416p8,0.011379,0.014338,0.016091,0.505282,0.948717,63.028300,2025-07-17 09:00:27,1631,0.0168,366.0000,0.0301,21824,366,0,290,656,14316544
Connaissez-vous vraiment Angèle ? 📀 #musique #féminisme,https://www.youtube.com/watch?v=HEjmzMbGFn4,0.015308,0.017974,0.008115,0.499646,0.381705,25.370260,2023-06-21 16:30:03,60,0.0296,827.0000,0.0301,27982,827,0,14,841,23532862
La galaxie des parasites | Déclics | ARTE,https://www.youtube.com/watch?v=pV99lHCU2q0,0.014765,0.024012,0.010647,0.500128,21.096804,1403.036079,2026-06-13 10:00:20,1622,0.0281,600.0000,0.0300,21348,600,0,41,641,13684068
D'où vient la violence ? | Les idées larges | ARTE,https://www.youtube.com/watch?v=rMUqgISWBEI,0.016195,0.017313,0.002304,0.501218,2.236380,148.937173,2024-02-07 16:30:11,1420,0.0273,3546.0000,0.0300,129865,3546,0,353,3899,506343635
"En l’an 2040, les radis pousseront comme des champignons 🍄 #Bio #Radis",https://www.youtube.com/watch?v=dPq1VNb3qHg,0.015106,0.018108,0.015265,0.498873,0.405608,26.981646,2025-02-26 17:00:47,41,0.0297,390.0000,0.0300,13138,390,0,4,394,5176372
L’Europe a-t-elle coupé le cordon sanitaire ? | ARTE Europe l'Hebdo,https://www.youtube.com/watch?v=uZzUauOwQns,0.013209,0.018210,0.038143,0.499175,1.667146,110.490074,2026-05-11 15:30:37,637,0.0238,126.0000,0.0300,5302,126,0,33,159,843018
"Entretien avec un Nobel | Philippe Aghion, Prix Nobel d’économie | ARTE",https://www.youtube.com/watch?v=5hfsJB6Jgf4,0.015005,0.017619,0.004710,0.501121,4.343581,289.719632,2025-12-11 20:00:04,1393,0.0271,1560.0000,0.0300,57596,1560,0,166,1726,99410696
Élections en Hongrie : un tournant pour l'UE ? | ARTE Europe l'Hebdo,https://www.youtube.com/watch?v=HaUgFiRbuWY,0.012322,0.015896,0.008024,0.504982,8.432690,562.377112,2026-04-10 10:00:24,636,0.0188,838.0000,0.0300,44549,838,0,497,1335,59472915
"Tito, héros ou tyran ? #urss #histoire",https://www.youtube.com/watch?v=fbMur-u1hNY,0.015096,0.021171,0.005556,0.500601,26.133091,1743.152922,2026-06-02 05:30:00,180,0.0280,1288.0000,0.0300,46025,1288,0,91,1379,63468475
"🖊️ Milan Kundera, écrivain engagé #politique #tchécoslovaquie",https://www.youtube.com/watch?v=M3GAKtq6JE0,0.015131,0.017927,0.011633,0.499294,0.222285,14.810876,2023-02-09 17:30:02,59,0.0295,540.0000,0.0300,18290,540,0,8,548,10022920
Est-il vrai que la morale a mis fin à l'esclavage ? | Est-il vrai que...? | ARTE,https://www.youtube.com/watch?v=tQtTz9ZLS_c,0.019538,0.017507,0.000937,0.502297,55.285008,3692.405277,2026-03-15 11:01:23,1556,0.0252,9804.0000,0.0299,388342,9804,0,1824,11628,4515640776
Des exilés russes contre Poutine | ARTE Regards,https://www.youtube.com/watch?v=B0xQz1D9t1c,0.012747,0.015430,0.010783,0.503581,0.502288,33.510968,2024-03-14 11:00:13,1804,0.0211,591.0000,0.0299,28021,591,0,248,839,23509619
Les syriens de retour en Syrie ? #Spot #Documentaire #Syrie,https://www.youtube.com/watch?v=oMdRcMMslUE,0.014782,0.017846,0.021121,0.498654,0.287861,19.158542,2025-03-09 17:00:56,139,0.0288,263.0000,0.0299,9118,263,0,10,273,2489214
L'espérance de vie des hommes 🧑‍⚕️ #shorts,https://www.youtube.com/watch?v=-7z5_8HDy8Q,0.014565,0.016454,0.004005,0.502364,0.782743,52.267646,2022-06-30 15:51:57,60,0.0247,1882.0000,0.0299,76257,1882,0,401,2283,174094731
Les femmes gouvernent-elles mieux ? | Square idée | ARTE,https://www.youtube.com/watch?v=deJsJItqlvU,0.012539,0.015283,0.014526,0.503347,0.169806,11.328561,2021-09-07 16:30:08,1611,0.0208,414.0000,0.0299,19881,414,0,181,595,11829195
Devenir père transforme le cerveau des hommes ! 🧠 #paternité,https://www.youtube.com/watch?v=_DykCFeQzAE,0.016054,0.018155,0.002997,0.500321,6.894565,460.622847,2025-12-13 09:00:56,132,0.0289,2626.0000,0.0299,90861,2626,0,93,2719,247051059
🧠 Êtes-vous synesthète ? #synesthesie #sens,https://www.youtube.com/watch?v=3VFBhJp2iAA,0.015472,0.017733,0.004766,0.500182,0.709109,47.379544,2023-05-31 16:30:00,59,0.0289,1539.0000,0.0299,53252,1539,0,54,1593,84830436
Quelle case est la plus foncée ? 👁️ #cerveau #illusiondoptique,https://www.youtube.com/watch?v=qk0ucdx11IU,0.015185,0.019126,0.007888,0.499774,6.148373,410.826277,2026-04-18 07:30:25,91,0.0292,855.0000,0.0299,29300,855,0,21,876,25666800
"Aux européennes, une consigne de dessiner sur les bulletins ? #désintox",https://www.youtube.com/watch?v=Z7gR81CHFQo,0.014565,0.017490,0.016238,0.499588,0.260765,17.402691,2024-06-14 16:00:35,60,0.0280,362.0000,0.0299,12947,362,0,25,387,5010489
"Ukraine, le chauffeur de Boutcha | ARTE Reportage",https://www.youtube.com/watch?v=fnfWn0QswPA,0.013509,0.016286,0.010056,0.502307,0.830012,55.475538,2025-02-25 16:30:15,1499,0.0237,642.0000,0.0299,27069,642,0,167,809,21898821
Réduire par 10 le volume de son frigo ? 💡 avec @BiosphereExperience  #frigo #astuce #ecologie,https://www.youtube.com/watch?v=1MIkAEaaxEE,0.014982,0.017902,0.012862,0.499294,0.458087,30.618141,2025-01-08 17:00:02,78,0.0292,479.0000,0.0299,16409,479,0,11,490,8040410
Pourquoi les chats retombent-ils sur leurs pattes ? #chat #shorts  #chaton #animaux #arte,https://www.youtube.com/watch?v=i0LaJPZUaTk,0.015185,0.017766,0.007609,0.499799,0.299394,20.031607,2022-04-22 13:08:15,50,0.0291,892.0000,0.0299,30610,892,0,22,914,27977540
Climat : que reste-t-il de l'accord de Paris ? | Décryptage | ARTE,https://www.youtube.com/watch?v=QBCsuAZZBFg,0.013983,0.017264,0.021871,0.499844,0.637324,42.545784,2025-11-14 16:30:12,622,0.0262,252.0000,0.0299,9613,252,0,35,287,2758931
Un village espagnol prend soin de ses aînés | ARTE Regards,https://www.youtube.com/watch?v=-AqSSboy3y0,0.014446,0.019972,0.035705,0.497297,1.923289,128.009899,2026-05-21 10:00:01,1822,0.0280,137.0000,0.0298,4892,137,0,9,146,714232
"DJ Mehdi ""Je fais de l'imposture"" 🎧🎼 #djmehdi",https://www.youtube.com/watch?v=UEeGAvhd2X8,0.016150,0.017790,0.002818,0.500264,2.227736,149.283629,2024-09-14 15:00:24,60,0.0290,2818.0000,0.0298,97334,2818,0,86,2904,282657936
L’Ukraine a bombardé un hôpital de Kyiv ? #désintox,https://www.youtube.com/watch?v=Jc-WLHc7PiA,0.014249,0.017188,0.017796,0.499878,0.253163,16.927395,2024-07-19 14:30:10,51,0.0270,324.0000,0.0298,12002,324,0,34,358,4296716
"Amérique latine, un continent sous influences #geographie #geopolitics",https://www.youtube.com/watch?v=gCpGwBD6Rh0,0.019003,0.018055,0.001110,0.500218,13.900442,932.496928,2025-09-04 09:01:03,179,0.0293,8108.0000,0.0298,277191,8108,0,155,8263,2290429233
Le mystère des oiseaux géants 😲 #animaux #documentaire,https://www.youtube.com/watch?v=lxMeOrx8TiU,0.014851,0.017720,0.013526,0.499373,0.304844,20.418679,2024-05-23 16:00:41,50,0.0288,451.0000,0.0298,15640,451,0,15,466,7288240
Google raye la Palestine de sa carte ? #désintox,https://www.youtube.com/watch?v=tBo_MlkLSm4,0.014577,0.017046,0.006283,0.501160,0.849357,56.976119,2024-06-21 14:30:19,55,0.0266,1116.0000,0.0298,41993,1116,0,135,1251,52533243
"Marvin Gaye, visionnaire de la soul | Documentaire | ARTE",https://www.youtube.com/watch?v=gLOAFgOFR8w,0.015377,0.018158,0.004550,0.500350,5.775504,387.549900,2026-02-01 11:01:12,3171,0.0285,1624.0000,0.0298,57037,1624,0,75,1699,96905863
Les Cowboys Noirs oubliés #shorts #cowboys #western,https://www.youtube.com/watch?v=bJw1p_-ESvs,0.015000,0.017497,0.006792,0.500232,0.400596,26.896716,2022-10-29 15:00:24,55,0.0283,1019.0000,0.0298,35988,1019,0,52,1071,38543148
Qui profite des amis avatar? #ia #ai #arteinfo,https://www.youtube.com/watch?v=a2d6dzQfz4A,0.014574,0.017743,0.008191,0.500670,2.941177,197.452782,2026-01-27 07:30:01,124,0.0272,818.0000,0.0298,30076,818,0,77,895,26918020
Afghanistan : l’impossible voyage des femmes | ARTE Reportage,https://www.youtube.com/watch?v=TCfLVzA0yqo,0.014165,0.018347,0.009556,0.501120,6.281176,421.789011,2026-04-27 13:00:45,1465,0.0260,682.0000,0.0297,26189,682,0,97,779,20401231
L'Europe sous le parapluie nucléaire français ? #défense #expresso #arte,https://www.youtube.com/watch?v=V_8FouIOFO8,0.014630,0.017390,0.008748,0.500449,0.853335,57.307826,2025-03-05 18:00:32,136,0.0275,757.0000,0.0297,27501,757,0,61,818,22495818
"Retraités vs Travailleurs, qui gagne le plus ? #retraites #désintox",https://www.youtube.com/watch?v=sdZ8EqpbMIQ,0.013184,0.016016,0.013576,0.502186,0.457364,30.717750,2024-10-04 18:00:22,60,0.0231,449.0000,0.0297,19410,449,0,128,577,11199570
Retour de reportage : Solène Chalvon-Fioriti en Afghanistan | ARTE,https://www.youtube.com/watch?v=EHlWttl2qU8,0.013984,0.016819,0.012795,0.500895,0.420529,28.258066,2024-09-06 18:00:07,658,0.0258,482.0000,0.0297,18647,482,0,72,554,10330438
Que deviennent les détenus de Guantanamo ? #guantanamo #etatsunis #arte #artereportage,https://www.youtube.com/watch?v=o780yc9xvfo,0.014527,0.017496,0.015982,0.499520,0.398642,26.783061,2025-02-20 17:00:55,103,0.0280,369.0000,0.0297,13202,369,0,23,392,5175184
Les victimes de viol se battent pour la justice en Inde #inde #reportage #artereportage,https://www.youtube.com/watch?v=w6Z5_xfRgcQ,0.014581,0.017785,0.018358,0.499127,0.666088,44.731124,2025-10-24 16:01:52,100,0.0282,312.0000,0.0297,11047,312,0,16,328,3623416
GAZA : une femme reporter en première ligne | Reportage 2025 | ARTE Reportage,https://www.youtube.com/watch?v=NoFDWfQYsGU,0.013922,0.016829,0.008948,0.501590,1.707239,114.978909,2025-10-16 13:00:47,932,0.0251,737.0000,0.0297,29330,737,0,133,870,25517100
Miles Davis: Birth of the Cool | Documentaire | ARTE,https://www.youtube.com/watch?v=C5MDuDdBBP4,0.014957,0.019801,0.005370,0.500657,18.915464,1274.778856,2026-05-21 13:00:24,6928,0.0276,1340.0000,0.0297,48557,1340,0,100,1440,69922080
Pourquoi le changement climatique ne nous fait pas paniquer ? #shorts #climat #arte,https://www.youtube.com/watch?v=uJ959_ZSCPc,0.015123,0.017159,0.004229,0.500885,0.630323,42.487483,2022-04-28 09:30:08,59,0.0273,1767.0000,0.0297,64676,1767,0,151,1918,124048568
Un portrait de Manet inspiré... du Japon ! #manet #ukiyoe #hokusai,https://www.youtube.com/watch?v=XoPMzx7aZ2w,0.015154,0.018962,0.008106,0.499574,5.357680,360.950545,2026-04-11 08:00:28,125,0.0293,828.0000,0.0297,28262,828,0,10,838,23683556
"Comment fonctionne le plaisir féminin ? (Pas merci, Freud) #sexualité #freud",https://www.youtube.com/watch?v=ZXo_axzvUpo,0.014947,0.046864,0.008320,0.499895,122.385165,8245.498459,2026-06-25 05:30:10,145,0.0286,803.0000,0.0296,28061,803,0,29,832,23346752
"Hé mecs, qu'est-ce qui nous arrive ? | Twist | ARTE",https://www.youtube.com/watch?v=bd7qDlycAHU,0.013920,0.017615,0.008787,0.501604,5.305061,357.584924,2026-04-05 18:00:26,1808,0.0251,753.0000,0.0296,29995,753,0,136,889,26665555
Travailleurs chinois : les oubliés de la première guerre mondiale | #premiereguerremondiale,https://www.youtube.com/watch?v=pQPeA4oVHDQ,0.014480,0.017885,0.010245,0.500337,2.716150,183.182591,2026-02-23 06:30:33,138,0.0273,628.0000,0.0296,22964,628,0,52,680,15615520
40 jours sous terre 🕳️⏳🌄🔦#expérience #cognition #documentaire,https://www.youtube.com/watch?v=imgBOBW1ey0,0.014711,0.017528,0.013427,0.499467,0.240384,16.204093,2023-10-16 17:00:32,59,0.0285,455.0000,0.0296,15976,455,0,18,473,7556648
Le tableau de Frida Kahlo perdu en URSS | #fridakahlo #peinture #urss,https://www.youtube.com/watch?v=EiIxUOoBnY4,0.014944,0.018207,0.008787,0.499757,2.746555,185.427858,2026-02-07 08:45:01,94,0.0287,753.0000,0.0296,26195,753,0,22,775,20301125
Femmes et hommes n'ont-ils jamais été égaux ? | Est-il vrai que...? | ARTE,https://www.youtube.com/watch?v=fio_au0v8dM,0.020558,0.017537,0.000817,0.501028,26.659667,1802.479865,2025-11-09 11:01:23,1476,0.0274,11432.0000,0.0296,416685,11432,0,893,12325,5135642625
Pourquoi obéit-on ? | Les idées larges | ARTE,https://www.youtube.com/watch?v=kGAnFW7vjus,0.015526,0.017443,0.003076,0.500938,5.548816,375.599789,2025-10-22 18:00:47,1524,0.0273,2549.0000,0.0295,93480,2549,0,212,2761,258098280
👶 Qui est responsable de l'infertilité ? #crisedusperme #andologie,https://www.youtube.com/watch?v=b9Ql4dEwj3g,0.014743,0.017393,0.009302,0.499971,0.302397,20.450882,2023-02-22 17:30:03,42,0.0282,704.0000,0.0295,24989,704,0,34,738,18441882
"En Espagne, carton rouge pour les machos | ARTE Regards | ARTE",https://www.youtube.com/watch?v=uJLHRoa_CXQ,0.013570,0.016447,0.017796,0.500767,0.242378,16.385986,2024-04-25 10:00:48,1831,0.0249,324.0000,0.0295,13014,324,0,60,384,4997376
Julian Assange : l’homme à faire taire #julianassange,https://www.youtube.com/watch?v=BNpbI5KBUvQ,0.015102,0.017997,0.007283,0.499715,2.112055,143.014414,2025-11-14 07:30:11,139,0.0290,939.0000,0.0295,32367,939,0,16,955,30910485
A qui profite le don ? | Les idées larges | ARTE,https://www.youtube.com/watch?v=scCUfaV37RU,0.014776,0.017257,0.006797,0.500394,0.535525,36.295182,2023-09-20 13:00:48,1146,0.0277,1018.0000,0.0295,36734,1018,0,65,1083,39782922
Comment l’Europe est-elle devenue le centre du monde ? | Les idées larges | ARTE,https://www.youtube.com/watch?v=p5mBCfP5D6I,0.014667,0.017667,0.006221,0.500746,4.265934,289.208794,2026-02-04 14:01:23,1156,0.0271,1129.0000,0.0295,41660,1129,0,99,1228,51158480
Comment fonctionne le plaisir féminin ? | 42 - La réponse à presque tout | ARTE,https://www.youtube.com/watch?v=YIxVMnvA_H0,0.021082,0.017748,0.000764,0.500568,27.577965,1871.233812,2025-11-07 14:01:06,1809,0.0283,12322.0000,0.0295,436088,12322,0,531,12853,5605039064
Les crises humanitaires oubliées | Décryptage | ARTE,https://www.youtube.com/watch?v=QwpjMhDa1KM,0.014559,0.017616,0.017842,0.499027,0.484070,32.775998,2025-07-15 13:01:02,505,0.0283,323.0000,0.0295,11409,323,0,13,336,3833424
Le changement climatique dû aux modifications de l'orbite terrestre ? - Désintox | ARTE,https://www.youtube.com/watch?v=J-Niy2ckgi8,0.013890,0.016329,0.007147,0.501858,0.534096,36.255149,2023-07-21 19:00:07,60,0.0247,960.0000,0.0294,38896,960,0,185,1145,44535920
"Femme, vie, liberté - Une révolution iranienne | ARTE",https://www.youtube.com/watch?v=Bu6hfGNyH74,0.014043,0.017231,0.010163,0.500952,2.238242,151.939317,2026-01-18 19:00:24,3179,0.0259,634.0000,0.0294,24438,634,0,85,719,17570922
Ils ont tourné un documentaire dans un jeu vidéo | La vraie vie | ARTE,https://www.youtube.com/watch?v=0wKIFTy43Vs,0.014297,0.017234,0.009913,0.500548,1.330414,90.319928,2025-10-01 19:00:02,577,0.0268,653.0000,0.0294,24372,653,0,64,717,17474724
Les étoiles filantes vont-elles nous détruire?? 💫,https://www.youtube.com/watch?v=EhMX2nW0Q3k,0.015314,0.017511,0.004815,0.500021,0.549676,37.346922,2022-08-10 12:34:02,57,0.0287,1521.0000,0.0294,52962,1521,0,37,1558,82514796
Madame Arthur : le cabaret du mélange des genres | Reportage | ARTE Regards,https://www.youtube.com/watch?v=mG_8O31Xuy8,0.014936,0.017356,0.004796,0.500701,2.803405,190.682668,2025-09-08 10:01:18,1958,0.0273,1528.0000,0.0294,55911,1528,0,115,1643,91861773
"""Je comprends pourquoi Trump veut le Groenland !"" #groenland",https://www.youtube.com/watch?v=krtdzVG6uT4,0.014856,0.023494,0.008959,0.499691,23.044216,1567.433462,2026-06-12 05:30:05,170,0.0286,736.0000,0.0294,25711,736,0,19,755,19411805
"Tiktok, cheval de Troie du parti communiste chinois ? | #tiktok #chine #usa #tiktokban",https://www.youtube.com/watch?v=vNq4Cm62bJU,0.014531,0.017644,0.007445,0.500552,3.452814,235.112221,2026-02-05 06:30:27,177,0.0271,915.0000,0.0293,33706,915,0,74,989,33335234
Le Paradoxe Dolly Parton ! #Dolly,https://www.youtube.com/watch?v=6Tl2gL-GBBk,0.014859,0.017702,0.008857,0.499676,1.187861,80.892568,2025-08-10 15:00:12,164,0.0286,746.0000,0.0293,26048,746,0,18,764,19900672
"À Vienne, les migrantes s’entraident | ARTE Regards",https://www.youtube.com/watch?v=0qLR3WwL_i4,0.012170,0.016157,0.038873,0.500264,1.003259,68.061085,2026-04-02 10:00:03,1822,0.0207,123.0000,0.0293,5936,123,0,51,174,1032864
La Moldavie sous influence russe | Reportage | ARTE Regards,https://www.youtube.com/watch?v=rijCWqBUTiI,0.012384,0.015286,0.011892,0.503496,1.388609,94.627466,2025-09-29 10:01:24,1828,0.0204,526.0000,0.0293,25759,526,0,229,755,19448045
Les gardiens de l'histoire #histoire #arte #evq,https://www.youtube.com/watch?v=2D5tGvk63RQ,0.014856,0.017880,0.012534,0.499078,0.884786,60.282685,2025-09-20 05:00:04,138,0.0291,494.0000,0.0293,16965,494,0,3,497,8431605
Cloner des champignons ? 🍄 #Champignon #Science,https://www.youtube.com/watch?v=KsBkHOypYO4,0.014610,0.017613,0.021942,0.498302,0.267751,18.209142,2025-03-05 17:00:32,72,0.0287,251.0000,0.0293,8739,251,0,5,256,2237184
Les retraites des sénateurs financées sans l'Etat ? - Désintox | Arte,https://www.youtube.com/watch?v=MsiTbPjwHfw,0.013908,0.016568,0.010845,0.500964,0.279863,19.082431,2023-03-17 20:00:06,96,0.0257,587.0000,0.0293,22876,587,0,83,670,15326920
Le loup et la pomme 🐺🍎 #loup  #documentaire  #artefamily,https://www.youtube.com/watch?v=6S9wGthkx-0,0.015018,0.017504,0.006735,0.499794,0.580841,39.654302,2024-01-06 18:30:05,54,0.0287,1029.0000,0.0293,35842,1029,0,20,1049,37598258
Les médias publics européens ont-ils un avenir ? | Décryptage | ARTE,https://www.youtube.com/watch?v=eTEtjbyq9qg,0.013397,0.016616,0.027734,0.499594,0.457267,31.126935,2025-10-27 19:00:47,523,0.0248,188.0000,0.0292,7590,188,0,34,222,1684980
Principauté d’Arbézie | Bienvenue en Géozarbie | ARTE,https://www.youtube.com/watch?v=FjfFFlfuWHM,0.015163,0.017446,0.004616,0.500216,1.941988,132.865700,2025-04-27 18:00:25,656,0.0282,1597.0000,0.0292,56718,1597,0,60,1657,93981726
Un art de vivre | L’appart du futur – Bienvenue dans la « biosphère urbaine » (7/8) | ARTE,https://www.youtube.com/watch?v=7LhqufuK5sI,0.014440,0.017517,0.012885,0.499625,1.067862,73.108157,2025-11-05 14:00:11,1086,0.0278,478.0000,0.0292,17184,478,0,23,501,8609184
Le pylône qui valait 5 millions d'euros I Le code a changé I ARTE,https://www.youtube.com/watch?v=YWdDk7jjCn0,0.016225,0.017237,0.002225,0.500495,2.609965,179.130974,2024-06-19 13:00:27,800,0.0279,3690.0000,0.0291,132394,3690,0,167,3857,510643658
Allemagne : le village qui soigne les enfants | ARTE Regards,https://www.youtube.com/watch?v=lb0Qg_5E1rg,0.013831,0.017307,0.039377,0.497214,0.426281,29.082559,2026-01-22 11:01:18,1838,0.0265,121.0000,0.0291,4571,121,0,12,133,607943
"Visitez l’appartement du futur : 0 déchets, 100 % vivant ! | L'Expérience Biosphère | ARTE",https://www.youtube.com/watch?v=OzgkisPNHz8,0.019749,0.017026,0.000903,0.500934,9.831661,676.551650,2024-12-17 19:00:15,947,0.0271,10226.0000,0.0291,377408,10226,0,742,10968,4139410944
"Punk un jour, punk toujours ? | Twist | ARTE",https://www.youtube.com/watch?v=inHi2DfGFHU,0.013920,0.017332,0.007936,0.501290,4.987718,342.915846,2026-03-22 19:00:41,1829,0.0253,849.0000,0.0291,33551,849,0,126,975,32712225
Les milices de l'Iran : qui sont les proxys ? | Le Dessous des Cartes | ARTE,https://www.youtube.com/watch?v=zVXPtckHMY4,0.015025,0.016631,0.003166,0.501405,2.382452,164.019877,2024-11-23 11:01:09,748,0.0258,2466.0000,0.0290,95488,2466,0,307,2773,264788224
Hommage à David Hockney | Le temps retrouvé | ARTE,https://www.youtube.com/watch?v=-eSHRrRHxA4,0.014495,0.023401,0.011761,0.499589,17.440914,1199.267490,2026-06-12 18:00:24,3181,0.0280,533.0000,0.0290,19047,533,0,20,553,10532991
Euthanasie : l'ultime voyage | ARTE Regards,https://www.youtube.com/watch?v=WP2y0Iy0N0I,0.013413,0.016586,0.008817,0.501977,3.472710,239.026854,2026-02-16 11:01:01,1814,0.0237,750.0000,0.0290,31593,750,0,167,917,28970781
Steinstücken - Pas complètement à l’ouest | Bienvenue en Géozarbie | ARTE,https://www.youtube.com/watch?v=aU82NNEBqW4,0.014741,0.017391,0.007803,0.499798,0.991351,68.318554,2025-04-05 18:00:02,659,0.0282,866.0000,0.0290,30667,866,0,23,889,27262963
Silicon F***ing Valley (6/6) | À la recherche du rêve américain | ARTE,https://www.youtube.com/watch?v=2XbZdORA34Y,0.016568,0.017108,0.001865,0.500609,4.011353,277.046022,2024-11-13 16:30:00,832,0.0275,4512.0000,0.0290,163996,4512,0,236,4748,778653008
L' Homme descend du singe : Vrai ou Faux ? | Data Science vs Fake,https://www.youtube.com/watch?v=ZcU9gSshpZs,0.012472,0.014555,0.006483,0.504280,0.328657,22.703559,2019-10-26 10:30:00,189,0.0194,1076.0000,0.0289,55333,1076,0,525,1601,88588133
Le contrôle coercitif : quand la femme est contrôlée et isolée.,https://www.youtube.com/watch?v=dkqg6YeZyf0,0.014056,0.018102,0.010602,0.500420,4.977176,343.824202,2026-04-23 05:30:16,118,0.0264,603.0000,0.0289,22831,603,0,57,660,15068460
Le communautarisme : un frein au vivre ensemble ? | Les questions qui fâchent | ARTE,https://www.youtube.com/watch?v=ouIGNuKEqqA,0.011283,0.014141,0.017186,0.504299,0.755513,52.200024,2025-06-20 09:01:21,1643,0.0173,338.0000,0.0289,19484,338,0,225,563,10969492
Église et abus sexuels : briser le silence | ARTE Regards,https://www.youtube.com/watch?v=YARFO0MlmAI,0.012726,0.015567,0.016127,0.501880,0.490467,33.935776,2025-03-04 11:00:45,1836,0.0224,365.0000,0.0288,16329,365,0,106,471,7690959
Italie : les nouvelles lois sur la sécurité menacent-elles la démocratie ? | Décryptage | ARTE,https://www.youtube.com/watch?v=B20xk6Ar2pE,0.012652,0.015513,0.013233,0.502395,0.931737,64.553655,2025-08-04 18:00:16,336,0.0219,463.0000,0.0288,21166,463,0,147,610,12911260
Travaillait-on vraiment jusqu'à 80h par semaine ? #travail #histoire #arte #evq,https://www.youtube.com/watch?v=stwn1LafZcM,0.014578,0.017322,0.008225,0.499849,1.315940,91.237475,2025-08-12 17:01:07,121,0.0279,814.0000,0.0288,29189,814,0,27,841,24547949
"Pourquoi les poulpes nous fascinent ? | Gymnastique, la culture en s'amusant | ARTE",https://www.youtube.com/watch?v=dVac7T07B_w,0.014413,0.016888,0.008057,0.500154,0.296395,20.568635,2022-06-03 10:30:06,331,0.0273,834.0000,0.0288,30569,834,0,46,880,26900720
Le problème de Monty Hall ou les probabilités changent de porte | Voyages au pays des maths | ARTE,https://www.youtube.com/watch?v=ZPSH6l_darY,0.023058,0.017038,0.000599,0.500506,7.405576,514.473482,2023-05-20 13:00:20,577,0.0277,16184.0000,0.0288,583974,16184,0,627,16811,9817186914
La circulation sanguine : au cœur de l’histoire | Déclics | ARTE,https://www.youtube.com/watch?v=S8hHLgpylaE,0.014387,0.018831,0.017751,0.498727,2.901321,201.344716,2026-05-02 10:00:43,1584,0.0282,325.0000,0.0287,11520,325,0,6,331,3813120
Mitard: Le Silence Brisé #prison #isolement #punition,https://www.youtube.com/watch?v=91lWTicWfTk,0.013455,0.015977,0.009280,0.501555,0.411305,28.601148,2023-09-12 17:00:04,60,0.0242,706.0000,0.0287,29171,706,0,132,838,24445298
La trêve : utopie olympique ? 🕊️ #expresso,https://www.youtube.com/watch?v=0hVRsg3Wc-Y,0.014360,0.017137,0.014047,0.499231,0.317574,22.071410,2024-07-29 14:00:01,60,0.0279,431.0000,0.0287,15429,431,0,12,443,6835047
🌎 Un des pays les plus dangereux au monde pour les militants écolos #philippines #écologie,https://www.youtube.com/watch?v=RSwYeVQ7S60,0.014649,0.017149,0.008057,0.499655,0.368941,25.687860,2023-05-03 16:30:04,59,0.0282,834.0000,0.0287,29591,834,0,15,849,25122759
Jusqu'au fond de son être | Une espèce à part #9 | ARTE,https://www.youtube.com/watch?v=ZqDjfHXAA70,0.015276,0.016650,0.002967,0.500806,0.549674,38.316669,2019-05-18 17:30:00,182,0.0267,2657.0000,0.0287,99543,2657,0,198,2855,284195265
Le théorème de Gödel | Voyages au pays des maths | ARTE,https://www.youtube.com/watch?v=Brj1LC42vLM,0.022331,0.017105,0.000644,0.500220,4.516245,315.105713,2021-11-20 11:30:03,596,0.0282,14915.0000,0.0287,529741,14915,0,269,15184,8043587344
Ce microbe prend le contrôle du cerveau des souris ! 🧠🦠 #microbes #parasite,https://www.youtube.com/watch?v=rvOjEbKihd4,0.014701,0.017053,0.005883,0.500056,0.988038,68.969336,2024-10-05 14:00:50,53,0.0277,1205.0000,0.0286,43523,1205,0,41,1246,54229658
Des offrandes pour Trump 💸 #trump #meta #expresso #arte,https://www.youtube.com/watch?v=h6vMuaMqJS4,0.014369,0.017079,0.010470,0.499659,0.591456,41.254538,2025-01-08 16:00:45,137,0.0277,612.0000,0.0286,22111,612,0,21,633,13996263
"""C'est vite devenu dangereux et j'ai arrêté"" - Un médecin russe témoigne #russie #guerre #arte",https://www.youtube.com/watch?v=iAUNRX2O0qI,0.013422,0.016297,0.020991,0.499874,0.264876,18.446921,2024-12-03 16:00:37,173,0.0251,265.0000,0.0286,10551,265,0,37,302,3186402
"Allemagne : la littérature ""new adult"" en vogue | ARTE Regards",https://www.youtube.com/watch?v=Vw1M07pbZ_c,0.014271,0.017496,0.007992,0.500269,3.795268,264.991774,2026-03-02 11:00:57,1838,0.0269,842.0000,0.0286,31315,842,0,54,896,28058240
Fixers : sur la ligne de front en Ukraine | ARTE,https://www.youtube.com/watch?v=wgCBPYfm5GY,0.021512,0.017406,0.000706,0.500458,37.462153,2618.586266,2025-12-24 10:01:44,1461,0.0276,13468.0000,0.0286,487619,13468,0,483,13951,6802772669
🐱 Les frontières du royaume animal #animaux #territoire,https://www.youtube.com/watch?v=PuE0mHB5PYA,0.014535,0.017147,0.010587,0.499337,0.246000,17.169342,2023-01-31 17:30:06,55,0.0283,604.0000,0.0286,21357,604,0,7,611,13049127
La nuit de l'invasion de l'Ukraine : 24 février 2022 | #ukraine #guerreukraine #russie,https://www.youtube.com/watch?v=pN6mSwc1qOU,0.014952,0.017289,0.003469,0.500842,9.205181,643.380765,2026-02-18 06:30:23,180,0.0265,2220.0000,0.0286,83872,2220,0,179,2399,201208928
La conjecture de Poincaré  | Voyages au pays des maths | ARTE,https://www.youtube.com/watch?v=czY7sp5c_Xs,0.028848,0.016941,0.000382,0.500407,8.048527,563.550155,2021-10-23 10:30:14,593,0.0277,26692.0000,0.0286,963217,26692,0,820,27512,26500026104
Une histoire de la musique d'ascenseur - De la Muzak au streaming | ARTE,https://www.youtube.com/watch?v=SNrndwXxAMo,0.013649,0.017134,0.012817,0.500499,2.481643,173.457679,2026-03-11 20:00:23,3157,0.0255,481.0000,0.0286,18872,481,0,58,539,10172008
👩 Les femmes et l'horreur de la guerre du Vietnam #guerre #vietnam,https://www.youtube.com/watch?v=z4wTP1RXjIo,0.014624,0.016996,0.006792,0.499851,0.425176,29.774517,2023-02-15 17:30:07,57,0.0278,1019.0000,0.0285,36590,1019,0,25,1044,38199960
Il protège l’écosystème 🌿🦋🐘 #documentaire #gabon #lesgardiensdelaforêt,https://www.youtube.com/watch?v=EETb238gIyE,0.014152,0.016927,0.017617,0.498943,0.184830,12.935931,2023-12-21 20:51:00,44,0.0276,328.0000,0.0285,11898,328,0,11,339,4033422
L'incendie du Reichstag #democratie #allemagne,https://www.youtube.com/watch?v=0MiztSIHsgY,0.014274,0.016886,0.011084,0.499609,0.248971,17.451459,2023-03-25 17:30:00,55,0.0275,572.0000,0.0285,20783,572,0,20,592,12303536
"Paul Watson : ""Je n'ai pas peur de la mort""  🏴‍☠️ #paulwatson #seashepherd",https://www.youtube.com/watch?v=7I7clQJ_lBg,0.014077,0.016900,0.017617,0.499063,0.273521,19.149695,2024-10-09 15:00:07,48,0.0273,328.0000,0.0285,12007,328,0,14,342,4106394
Flâneries infinitésimales | Voyages au pays des maths | ARTE,https://www.youtube.com/watch?v=NsYxAZPmWho,0.023942,0.016982,0.000547,0.500249,5.320783,373.590427,2021-10-16 10:30:03,584,0.0279,17907.0000,0.0285,641154,17907,0,355,18262,11708754348
Est-il vrai qu'il n'y a pas de progrès sans guerre ? | Est-il vrai que...? | ARTE,https://www.youtube.com/watch?v=fh9kUOSKf8s,0.013945,0.018182,0.009774,0.500392,6.430654,450.928480,2026-05-03 10:00:59,1551,0.0262,664.0000,0.0285,25349,664,0,58,722,18301978
Comment la laïcité a-t-elle changé le monde ? | Les idées larges | ARTE,https://www.youtube.com/watch?v=leIfDgY-pws,0.016352,0.015944,0.001603,0.502073,4.982788,349.897893,2024-10-02 18:00:35,1150,0.0241,5355.0000,0.0285,221794,5355,0,961,6316,1400850904
"Le speedrun, c’est pas très poli  | Jour de Play | ARTE",https://www.youtube.com/watch?v=rx0eH_b_9tM,0.011639,0.014343,0.017980,0.503208,0.281800,19.750581,2024-02-24 10:00:39,1075,0.0189,320.0000,0.0285,16891,320,0,161,481,8124571
Pollution : il faut sauver Marseille ! | ARTE Regards,https://www.youtube.com/watch?v=cxjAQtSHHyI,0.012584,0.015333,0.015701,0.501870,0.401039,28.110576,2024-10-29 11:00:46,1832,0.0221,377.0000,0.0285,17068,377,0,109,486,8295048
Le réveil des lionnes 🚺 💪🌐  #iran #combat  #liberté,https://www.youtube.com/watch?v=7_wULIQxccw,0.014022,0.016721,0.013886,0.499629,0.234330,16.426364,2023-10-14 17:00:09,59,0.0269,437.0000,0.0285,16228,437,0,25,462,7497336
Des insectes dans nos assiettes ? - Désintox | ARTE,https://www.youtube.com/watch?v=rqs5w4glo40,0.012773,0.015242,0.009875,0.502421,0.340909,23.936999,2023-02-03 20:00:26,60,0.0221,656.0000,0.0285,29701,656,0,189,845,25097345
La radioactivité : pour le meilleur et pour le pire | Déclics | ARTE,https://www.youtube.com/watch?v=bldccXD3mPY,0.013630,0.028365,0.013138,0.500381,31.708069,2225.772521,2026-06-20 10:00:20,1508,0.0255,467.0000,0.0284,18286,467,0,53,520,9508720
"l'IA, gourmande en énergie ! #ia #énergie #écologie #arte #expresso",https://www.youtube.com/watch?v=RS1CRLxWdfU,0.014086,0.016939,0.017228,0.499049,0.350324,24.576544,2025-02-12 16:00:28,129,0.0274,337.0000,0.0284,12312,337,0,13,350,4309200
Trump et Poutine en Alaska | Masha on Russia | ARTE,https://www.youtube.com/watch?v=OLN2zMltlyo,0.013863,0.016778,0.013940,0.499855,0.764137,53.655762,2025-08-25 18:00:21,748,0.0264,435.0000,0.0284,16466,435,0,33,468,7706088
Un verre de vin à chaque repas est bon pour la santé : Vrai ou Faux ? | Data Science vs Fake | ARTE,https://www.youtube.com/watch?v=hGfeBZ-C8sM,0.014123,0.016043,0.004716,0.501408,0.366258,25.779632,2019-11-09 11:30:01,152,0.0249,1558.0000,0.0284,62468,1558,0,216,1774,110818232
Comment les fourmis combattent les épidémies ? 🐜 #fourmis #épidémie,https://www.youtube.com/watch?v=WrfpdP0Lugk,0.014302,0.017295,0.008216,0.499972,2.621711,184.524060,2026-01-17 08:00:45,95,0.0272,815.0000,0.0284,29948,815,0,35,850,25455800
Des arbres abattus pour les J.O à Paris ? 🌳 #désintox,https://www.youtube.com/watch?v=IH-g5x2y4ko,0.013975,0.016704,0.013755,0.499630,0.343630,24.186243,2024-08-16 16:00:15,60,0.0268,442.0000,0.0284,16470,442,0,25,467,7691490
Fabien Roussel veut une classe ouvrière qui parle français ? - Désintox | ARTE #FabienRoussel,https://www.youtube.com/watch?v=Y9-GQa_9lz0,0.011693,0.014493,0.029927,0.501455,0.122761,8.624970,2023-09-22 13:00:28,100,0.0196,171.0000,0.0284,8712,171,0,76,247,2151864
Majorque : prières versus fiesta | ARTE Regards,https://www.youtube.com/watch?v=PjMF5kda7Sw,0.012888,0.015434,0.009875,0.502129,0.649386,45.756123,2024-10-01 10:00:24,1839,0.0226,656.0000,0.0284,29065,656,0,168,824,23949560
Langue des oiseaux | Documentaire | La Lucarne | ARTE,https://www.youtube.com/watch?v=_xfeyB25bgY,0.013676,0.017553,0.013280,0.500204,3.347301,235.721185,2026-04-13 18:00:39,3274,0.0258,461.0000,0.0283,17887,461,0,46,507,9068709
"""Le deuxième sexe"", sur les traces de Simone de Beauvoir | Documentaire | ARTE",https://www.youtube.com/watch?v=lLjhWeMWcjg,0.013937,0.017572,0.012144,0.499908,3.011439,212.163585,2026-03-29 15:30:21,5557,0.0266,513.0000,0.0283,19304,513,0,34,547,10559288
De héros national russe à déserteur | Masha on Russia | ARTE,https://www.youtube.com/watch?v=Vx-w--A-5iM,0.014275,0.016621,0.004591,0.501078,4.344222,307.087556,2025-12-05 10:01:02,1588,0.0255,1607.0000,0.0283,63019,1607,0,175,1782,112299858
Avons-nous toujours été accros aux jeux ? | Est-il vrai que...? | ARTE,https://www.youtube.com/watch?v=V4hNhkIdW5I,0.013792,0.023543,0.027041,0.498194,7.245515,510.070202,2026-06-14 10:00:10,1426,0.0268,194.0000,0.0283,7251,194,0,11,205,1486455
"Arabie saoudite : derrière les influenceurs, le règne de la peur",https://www.youtube.com/watch?v=aZr7IFiya1E,0.013668,0.016387,0.009712,0.500695,1.116742,78.944355,2025-07-29 15:00:05,126,0.0254,669.0000,0.0283,26368,669,0,76,745,19644160
Est-il vrai que nous avons toujours mangé de la viande ? | Est-il vrai que...? | ARTE,https://www.youtube.com/watch?v=MP8JB4Y-bD0,0.012672,0.015576,0.009416,0.502513,2.571733,181.928019,2026-01-04 11:00:40,1461,0.0218,694.0000,0.0282,31869,694,0,206,900,28682100
🐶 La plus longue course de chiens de traineau du monde ! #alaska #chien,https://www.youtube.com/watch?v=jjRLUeHdQzE,0.013923,0.016496,0.011084,0.500007,0.249204,17.622108,2023-02-18 17:30:04,60,0.0265,572.0000,0.0282,21603,572,0,38,610,13177830
Pourquoi aimons-nous l'horreur ? | 42 - La réponse à presque tout | ARTE,https://www.youtube.com/watch?v=2aeQutQLGG4,0.014245,0.017204,0.009849,0.499637,1.711697,121.101294,2025-12-12 14:00:05,1817,0.0274,658.0000,0.0282,23984,658,0,19,677,16237168
Le face cachée des des kits ADN,https://www.youtube.com/watch?v=R0IXlo4fmNw,0.014319,0.016881,0.007134,0.500044,1.437106,101.746507,2025-07-14 16:00:44,164,0.0271,962.0000,0.0282,35506,962,0,40,1002,35577012
Adeline Chetail raconte comment Miyazaki l'a choisie #miyazaki #doublage,https://www.youtube.com/watch?v=wF7dskCJAdc,0.014595,0.017038,0.006741,0.499636,0.973873,68.987384,2025-01-11 17:00:53,108,0.0280,1028.0000,0.0282,36765,1028,0,9,1037,38125305
Un arc en ciel sur l’arc de triomphe pour la Pride ? - Désintox - ARTE,https://www.youtube.com/watch?v=0oSsqSNma9g,0.011828,0.014588,0.027154,0.501441,0.121324,8.577767,2023-06-07 19:00:00,98,0.0201,193.0000,0.0282,9580,193,0,77,270,2586600
Pourquoi se dispute-t-on avec ceux qu'on aime ? | Les idées larges | ARTE,https://www.youtube.com/watch?v=icZNfugCBIU,0.021714,0.016823,0.000682,0.500322,9.622831,683.067529,2024-06-12 13:00:51,1500,0.0275,13993.0000,0.0282,509630,13993,0,365,14358,7317267540
L'amour expliqué par les enfants 🫰 #amour,https://www.youtube.com/watch?v=RhMySDqgVt4,0.014390,0.018653,0.006735,0.499978,10.796876,765.757018,2026-05-10 07:30:13,156,0.0272,1029.0000,0.0282,37767,1029,0,35,1064,40184088
Turquie : Erdogan pour toujours ? | Tracks East | ARTE,https://www.youtube.com/watch?v=MAZOZvjC7cY,0.010320,0.012939,0.014555,0.505818,1.039351,73.701962,2025-05-27 18:00:20,1885,0.0141,413.0000,0.0282,29251,413,0,411,824,24102824
Et s'il n'y en avait pas assez pour tout le monde ? | Les idées larges | ARTE,https://www.youtube.com/watch?v=cZfRkmuxk5M,0.014745,0.017188,0.003268,0.501071,13.796873,979.172031,2026-03-25 19:00:41,1561,0.0256,2378.0000,0.0282,92865,2378,0,238,2616,242934840
Une espèce à part : Jusqu'au fond de son être - Sommes-nous vraiment seuls dans notre propre corps ?,https://www.youtube.com/watch?v=2PvEMxUupUM,0.014691,0.016897,0.004875,0.500059,1.781896,126.430321,2025-04-21 16:00:04,162,0.0274,1499.0000,0.0282,54740,1499,0,43,1542,84409080
Elle l'a bien cherché | Documentaire | ARTE,https://www.youtube.com/watch?v=LUI43VazoXg,0.013224,0.023705,0.006820,0.502064,51.724955,3670.469557,2026-06-16 15:30:14,3024,0.0230,1014.0000,0.0282,43996,1014,0,225,1239,54511044
"Les romantiques sont venus pour choquer, tant pis pour les classicistes ! #theatre #Littérature",https://www.youtube.com/watch?v=BzB9h0ox688,0.014194,0.017079,0.025075,0.497664,0.198176,14.011231,2025-01-04 17:00:11,64,0.0282,213.0000,0.0282,7565,213,0,0,213,1611345
"En Turquie, les chiens errants dans le viseur | ARTE Regards",https://www.youtube.com/watch?v=oYJAgOO5DC8,0.010833,0.013224,0.010245,0.505658,1.224236,86.930239,2025-03-11 11:01:11,1838,0.0152,628.0000,0.0281,41220,628,0,532,1160,47815200
Rejetés à la mer : enquête sur les refoulements en Grèce | Sources | ARTE,https://www.youtube.com/watch?v=vjOV4kNt36M,0.011407,0.014107,0.017442,0.503389,0.420830,29.865755,2024-10-30 16:30:12,1114,0.0183,332.0000,0.0281,18097,332,0,177,509,9211373
La Hongrie préside le Conseil de l'UE  🇪🇺 #expresso,https://www.youtube.com/watch?v=fhZBPj2NqGY,0.013753,0.016525,0.018505,0.499202,0.228074,16.168992,2024-07-07 09:00:33,56,0.0265,309.0000,0.0281,11662,309,0,19,328,3825136
Climat : la planète au bord du basculement | Décryptage | ARTE,https://www.youtube.com/watch?v=ueL11D0WesM,0.011655,0.014109,0.007645,0.504745,3.010470,213.967155,2025-11-03 19:01:02,566,0.0175,887.0000,0.0281,50676,887,0,538,1425,72213300
Argentine : les gardiennes de la vérité | ARTE Reportage,https://www.youtube.com/watch?v=dYafowICLMM,0.013148,0.015858,0.013966,0.500827,0.441578,31.350311,2024-12-02 16:30:08,1527,0.0242,434.0000,0.0281,17962,434,0,71,505,9070810
Le réchauffement climatique est un problème commun 🌍 #climat #arte,https://www.youtube.com/watch?v=kOwQPpV-3zI,0.013759,0.016482,0.016127,0.499466,0.245902,17.462206,2024-04-28 16:00:37,42,0.0264,365.0000,0.0281,13812,365,0,23,388,5359056
Le combat des mères espagnoles pour leurs enfants en danger | Reportage | ARTE Regards,https://www.youtube.com/watch?v=Yxoy_3yLYrM,0.012544,0.015645,0.018960,0.501177,0.941684,66.892028,2025-12-10 11:01:10,1834,0.0224,300.0000,0.0281,13390,300,0,76,376,5034640
"L'Homme, espèce faible | Une espèce à part #6 | ARTE",https://www.youtube.com/watch?v=bSQji17780o,0.014382,0.015867,0.003519,0.501467,0.474409,33.780199,2019-04-27 14:00:06,174,0.0247,2184.0000,0.0281,88472,2184,0,300,2484,219764448
Comment la peste a ravagé la ville de Sienne #histoire,https://www.youtube.com/watch?v=499FyES6h94,0.014481,0.026376,0.007217,0.499606,46.092964,3280.723165,2026-06-18 05:30:36,145,0.0278,949.0000,0.0281,34129,949,0,9,958,32695582
L'ouverture des camps de concentration : et après ?,https://www.youtube.com/watch?v=J2PWIhq8XjE,0.013959,0.017157,0.011035,0.499806,2.186302,155.549037,2026-02-10 06:30:11,121,0.0267,575.0000,0.0281,21522,575,0,29,604,12999288
La vérité sort de la bouche des enfants,https://www.youtube.com/watch?v=8DcydxwlYg4,0.013964,0.017022,0.007459,0.500465,3.900762,277.718419,2026-02-22 09:00:08,103,0.0260,913.0000,0.0281,35064,913,0,71,984,34502976
"La foi, source de bien-être | Unhappy | ARTE",https://www.youtube.com/watch?v=Z6c_2L-TQrM,0.013082,0.018252,0.012046,0.501129,8.246278,587.919046,2026-05-22 15:30:22,1569,0.0238,518.0000,0.0280,21745,518,0,91,609,13242705
Pétrole : le jour où l'Iran a exproprié l'Angleterre | #iran #pétrole #cia,https://www.youtube.com/watch?v=szeMfMiSvcw,0.016138,0.018662,0.001958,0.500374,47.669231,3403.802935,2026-05-13 05:30:18,159,0.0270,4268.0000,0.0280,157947,4268,0,155,4423,698599581
Remèdes antiques : médicaments du futur ?,https://www.youtube.com/watch?v=uiXtXU7Ekno,0.013751,0.017260,0.014157,0.499664,2.179927,155.354500,2026-03-16 06:30:28,109,0.0263,427.0000,0.0280,16213,427,0,27,454,7360702
L'empreinte irréversible de l'homme sur la terre,https://www.youtube.com/watch?v=bH2z4OngNW4,0.013786,0.016713,0.035098,0.496937,0.151163,10.726333,2025-03-02 17:00:41,140,0.0270,140.0000,0.0280,5180,140,0,5,145,751100
Quelle solution face à la sécheresse et au manque d'eau ? @vivremoinscon nous parle des #Canaries.,https://www.youtube.com/watch?v=kGsGpYePL6w,0.015624,0.016768,0.002502,0.500155,2.637351,188.392501,2024-10-10 15:00:52,60,0.0274,3228.0000,0.0280,117935,3228,0,73,3301,389303435
Des prêtres gays brisent le silence | Reportage 2O25 | ARTE Regards,https://www.youtube.com/watch?v=ZTfb0zooYTI,0.013998,0.014848,0.002613,0.503727,8.338066,595.768148,2025-10-16 10:01:05,1838,0.0202,3072.0000,0.0280,152049,3072,0,1183,4255,646968495
Faut-il chasser les chats ?  | Reportage | ARTE Regards,https://www.youtube.com/watch?v=ZgnqG36B1nA,0.010416,0.013343,0.024247,0.504077,0.716770,51.127213,2025-09-18 10:00:59,1839,0.0153,222.0000,0.0280,14480,222,0,183,405,5864400
"Photographier les animaux, c'est un métier ! 🐐",https://www.youtube.com/watch?v=CM1Y4gVGro8,0.014110,0.018087,0.013966,0.499041,3.135669,223.748849,2026-04-19 07:30:05,122,0.0276,434.0000,0.0280,15734,434,0,6,440,6922960
Que perdons-nous à gagner du temps ? | Les idées larges | ARTE,https://www.youtube.com/watch?v=7Grl9wa6evE,0.014881,0.016369,0.003278,0.500584,0.962629,68.855155,2022-11-30 20:00:02,1358,0.0264,2370.0000,0.0279,89911,2370,0,143,2513,225946343
Sabotage à Auschwitz-Birkenau - Le soulèvement des oubliées | ARTE,https://www.youtube.com/watch?v=jmcuJbjBtpY,0.014160,0.017113,0.008191,0.499852,2.646077,189.167956,2026-01-19 14:01:17,3089,0.0270,818.0000,0.0279,30276,818,0,28,846,25613496
Comment parler des lieux qu'on aime ? | Les idées larges | ARTE,https://www.youtube.com/watch?v=9A9n5e-PjjA,0.013731,0.016292,0.011067,0.500083,0.331916,23.730934,2023-12-13 16:30:02,1071,0.0260,573.0000,0.0279,22021,573,0,42,615,13542915
Demain commence ici | L’appart du futur – Bienvenue dans la « biosphère urbaine » (8/8) | ARTE,https://www.youtube.com/watch?v=pgHNHc9LyAM,0.013514,0.016419,0.012105,0.500265,1.209153,86.567664,2025-11-06 14:01:27,1201,0.0254,515.0000,0.0279,20261,515,0,50,565,11447465
Quand étudier est une question d'argent | Décryptage | ARTE,https://www.youtube.com/watch?v=J8MUX_7r-ts,0.013871,0.016483,0.008259,0.500300,1.310160,93.857581,2025-08-01 09:00:23,342,0.0261,810.0000,0.0279,31091,810,0,57,867,26955897
Moi et le traumatisme | Psycho | ARTE,https://www.youtube.com/watch?v=aJROT75hniw,0.014254,0.016849,0.006193,0.500114,2.725190,195.412002,2025-11-23 14:00:03,1590,0.0268,1135.0000,0.0279,42414,1135,0,47,1182,50133348
Populistes : le vent en poupe | Tracks East | ARTE,https://www.youtube.com/watch?v=57lhr1vVBBU,0.012354,0.014754,0.008613,0.502924,0.979347,70.269561,2025-01-14 16:30:01,1850,0.0207,771.0000,0.0278,37239,771,0,266,1037,38616843
Dans les coulisses de l’ordinateur quantique - Avec le Prix Nobel Alain Aspect | Scope | ARTE,https://www.youtube.com/watch?v=0mXWJkR9NQ0,0.014252,0.027445,0.005740,0.500240,72.387845,5196.679471,2026-06-19 15:30:28,1268,0.0266,1240.0000,0.0278,46699,1240,0,60,1300,60708700
"Victimes de vi*l : 8 femmes, 1 combat pour la justice",https://www.youtube.com/watch?v=ttU03ig3elw,0.013906,0.016895,0.012840,0.499437,1.195040,85.697328,2025-12-02 06:30:36,91,0.0269,480.0000,0.0278,17856,480,0,17,497,8874432
C'est quoi être développeuse avec @DéveloppeuseDuDimanche  | AFK - Jour de Play | ARTE,https://www.youtube.com/watch?v=WmzyJ1PrXoM,0.013683,0.016321,0.013678,0.499703,0.274887,19.711804,2024-02-17 11:00:32,314,0.0262,445.0000,0.0278,16995,445,0,28,473,8038635
Le plus grand roman du XXe siècle ? | ARTE Book Club | ARTE,https://www.youtube.com/watch?v=tGHh8L5BFZM,0.021151,0.016392,0.000721,0.500554,3.752530,269.747148,2021-06-24 16:00:18,898,0.0266,13149.0000,0.0278,493628,13149,0,584,13733,6778993324
Ces villes qui n'existent pas | PhantasIA #7 | ARTE,https://www.youtube.com/watch?v=EKwilJIa1ro,0.013479,0.017963,0.013940,0.499997,4.667643,335.009057,2026-05-08 18:00:23,1392,0.0255,435.0000,0.0278,17046,435,0,39,474,8079804
Eddie Murphy : L'humoriste qui a brisé les barrières 👑🎬🎥  #documentaire  #cinéma  #hollywood,https://www.youtube.com/watch?v=tMVUibPNtJw,0.022690,0.016558,0.000610,0.500313,8.367450,602.594302,2023-10-30 18:30:41,48,0.0271,15859.0000,0.0278,585638,15859,0,404,16263,9524230794
Qui sont les habitants du Groenland ? #inuit #groenland,https://www.youtube.com/watch?v=gNNAog6IlJY,0.013853,0.017123,0.008566,0.500165,3.918985,281.976904,2026-03-15 09:00:54,141,0.0261,776.0000,0.0278,29680,776,0,48,824,24456320
Chine : les influenceurs de la colonisation | Sources | ARTE,https://www.youtube.com/watch?v=_rRkjNuWihQ,0.013693,0.014264,0.002732,0.503997,2.254168,162.352998,2023-12-15 19:00:16,807,0.0194,2920.0000,0.0278,150313,2920,0,1253,4173,627256149
La Seconde Guerre mondiale : une arme politique contemporaine | Tracks East | ARTE,https://www.youtube.com/watch?v=j2KZ91frbQ0,0.012344,0.015011,0.012685,0.502108,0.759061,54.621068,2025-05-09 15:30:21,1938,0.0215,487.0000,0.0277,22667,487,0,142,629,14257543
Irak : le retour des chrétiens à Mossoul ? | ARTE Reportage,https://www.youtube.com/watch?v=rVLroxfgNvM,0.013162,0.017674,0.011651,0.500828,6.425505,462.449239,2026-05-11 13:01:44,1451,0.0242,539.0000,0.0277,22239,539,0,78,617,13721463
Toutes les vies se valent-elles ? | Les Idées Larges | ARTE,https://www.youtube.com/watch?v=fv7XxuD9U9U,0.013920,0.016088,0.006250,0.500595,0.410211,29.550053,2022-06-08 16:30:08,1162,0.0257,1123.0000,0.0277,43762,1123,0,91,1214,53127068
La fabrique à patriotes de Poutine | Tracks East | ARTE,https://www.youtube.com/watch?v=_uFatWlpvJU,0.012792,0.014994,0.006422,0.502623,1.434895,103.416982,2025-02-25 19:00:20,1897,0.0216,1088.0000,0.0277,50451,1088,0,311,1399,70580949
Est-il vrai qu’autrefois les migrations n’étaient pas aussi nombreuses ? | Est-il vrai que... | ARTE,https://www.youtube.com/watch?v=R39EikLlXR4,0.011681,0.014571,0.012265,0.503312,1.945304,140.262764,2025-12-21 11:00:54,1360,0.0191,507.0000,0.0277,26534,507,0,228,735,19502490
Afghanistan : des femmes sous pression #taliban #journalisme #arteinfo #artereportage,https://www.youtube.com/watch?v=c6ZnD_z6gQ4,0.013572,0.016422,0.011988,0.500006,1.103940,79.629314,2025-10-17 13:01:23,117,0.0258,521.0000,0.0277,20233,521,0,39,560,11330480
Viril - La masculinité mise à mâle (intégrale) | ARTE,https://www.youtube.com/watch?v=xSbw9zs0yMA,0.014642,0.015709,0.002684,0.501676,3.618605,261.425762,2025-03-10 14:05:58,3433,0.0240,2979.0000,0.0277,124189,2979,0,458,3437,426837593
Volodymyr Zelensky devenu le symbole de la résistance. #shorts,https://www.youtube.com/watch?v=k243dOtg0hE,0.012352,0.014852,0.013114,0.501959,0.197990,14.287633,2022-05-05 09:44:33,52,0.0216,468.0000,0.0277,21649,468,0,131,599,12967751
🎙️ « I Will Always Love You » : le chant de liberté de Dolly Parton #DollyParton #biopic #country,https://www.youtube.com/watch?v=gNYh1UpTe_o,0.014074,0.016829,0.009952,0.499442,1.175083,84.819307,2025-09-20 09:01:05,101,0.0272,650.0000,0.0277,23856,650,0,10,660,15744960
🍴 Pourquoi on a inventé les restaurants ? #histoire #restaurant,https://www.youtube.com/watch?v=XJWZiOiAYUY,0.014086,0.016466,0.008049,0.499773,0.390474,28.198685,2023-06-24 16:30:05,58,0.0269,835.0000,0.0277,31017,835,0,23,858,26612586
Le jeu vidéo a-t-il tout piqué au jeu de rôle ? | Jour de Play | ARTE,https://www.youtube.com/watch?v=K_KaA54CCS4,0.013406,0.016128,0.019663,0.499248,0.200981,14.491408,2024-05-18 10:00:16,1459,0.0257,287.0000,0.0276,11176,287,0,22,309,3453384
Le Gentilhomme | Scandale dans le monde de l'art (3/3) | ARTE,https://www.youtube.com/watch?v=SMIvogsDmd0,0.013596,0.018140,0.009978,0.500256,7.604651,549.400770,2026-05-13 13:00:51,1609,0.0256,648.0000,0.0276,25322,648,0,52,700,17725400
"""La guerre est dans notre quotidien"" - un chef de projet russe témoigne",https://www.youtube.com/watch?v=ggTxa8JRYeo,0.012574,0.015399,0.030068,0.499321,0.180422,13.002782,2024-12-10 07:00:20,132,0.0231,170.0000,0.0276,7351,170,0,33,203,1492253
1816 - Frankenstein | Quand l'histoire fait dates | ARTE,https://www.youtube.com/watch?v=eF7LmSVqWec,0.014621,0.016636,0.004072,0.500107,3.003891,217.735450,2025-08-16 13:01:09,1598,0.0268,1846.0000,0.0276,68824,1846,0,52,1898,130627952
Comment s’occupe-t-on de nos vieux parents ? | Les idées larges | ARTE,https://www.youtube.com/watch?v=fgMqDaTlxHA,0.013165,0.016144,0.013704,0.500371,1.247845,90.350015,2025-12-10 16:30:30,1470,0.0246,444.0000,0.0276,18065,444,0,54,498,8996370
L' Entscheidungsproblem ou la fin des mathématiques ? | Voyages au pays des maths | ARTE,https://www.youtube.com/watch?v=Zci9m08HQws,0.019318,0.016480,0.000920,0.500209,5.313847,385.701298,2023-11-11 16:30:05,638,0.0270,10009.0000,0.0276,370252,10009,0,192,10201,3776940652
Biodiversité : des pansements sur une jambe de bois ? | Les questions qui fâchent | ARTE,https://www.youtube.com/watch?v=rYb0Derg7cs,0.013198,0.017164,0.026708,0.498628,1.438282,103.969122,2026-04-14 13:01:44,1814,0.0252,197.0000,0.0275,7807,197,0,18,215,1678505
💥 L'escalade des violences policières #interview #police,https://www.youtube.com/watch?v=NCT-r2nUZgo,0.014353,0.016049,0.003948,0.500671,0.926490,67.274101,2023-06-16 16:30:03,47,0.0257,1913.0000,0.0275,74536,1913,0,139,2052,152947872
Un coach sportif chinois raconte #voixdechine #arteinfo,https://www.youtube.com/watch?v=jLaNkZq69TY,0.013870,0.016048,0.005265,0.500861,2.005734,145.624846,2025-06-18 05:00:49,113,0.0251,1371.0000,0.0275,54671,1371,0,134,1505,82279855
🧠 Venez découvrir les pouvoirs du cerveau avec  @enmodevhs9549 | En Mode | ARTE #neuroscience #QI,https://www.youtube.com/watch?v=BREjd57SDGo,0.013921,0.016233,0.007480,0.500058,0.444934,32.318187,2023-07-23 16:30:01,56,0.0263,910.0000,0.0275,34611,910,0,42,952,32949672
"Les druides, prêtres des peuples celtes #druide #arte #histoire",https://www.youtube.com/watch?v=uwIc_3Fqjws,0.014651,0.016693,0.004172,0.499910,2.836394,206.232770,2025-08-11 15:01:49,172,0.0271,1795.0000,0.0275,66202,1795,0,25,1820,120487640
Est-il vrai que l'écart entre riches et pauvres est à son apogée ? | Est-il vrai que...? | ARTE,https://www.youtube.com/watch?v=lQw95ETLcwc,0.014090,0.018604,0.004265,0.500931,27.275070,1983.256809,2026-05-24 10:00:43,1460,0.0251,1750.0000,0.0275,69841,1750,0,170,1920,134094720
Peut-on vraiment quitter sa classe sociale ? | Les idées Larges | ARTE,https://www.youtube.com/watch?v=x2tj3CE2qQE,0.030008,0.016174,0.000362,0.500619,9.332437,678.973686,2022-02-16 11:30:22,1030,0.0262,28358.0000,0.0275,1081709,28358,0,1377,29735,32164617115
"📚 Pourquoi les nazis ont détesté « À l’Ouest, rien de nouveau » #propagande #histoire #litterature",https://www.youtube.com/watch?v=tMBk_iPDdVA,0.014191,0.016690,0.006269,0.499877,2.246759,163.329790,2025-10-16 09:01:19,73,0.0268,1119.0000,0.0275,41691,1119,0,27,1146,47777886
Cap sur l’hypothèse de Riemann | Voyages au pays des maths | ARTE,https://www.youtube.com/watch?v=02rHA_Ay13M,0.024049,0.016379,0.000536,0.500259,5.660697,411.897676,2021-12-18 11:30:01,648,0.0269,18325.0000,0.0275,680930,18325,0,390,18715,12743604950
"Un pissenlit et un pneu de voiture, quel est le rapport ? | ARTE",https://www.youtube.com/watch?v=2aA8FQkZeoE,0.013675,0.016277,0.017796,0.498873,0.069940,5.077032,2019-12-07 17:30:00,360,0.0266,324.0000,0.0275,12159,324,0,10,334,4061106
Climat : qui a allumé le feu ? | Les idées larges | ARTE,https://www.youtube.com/watch?v=Ny88IuuNy7Q,0.014523,0.015813,0.003162,0.500995,0.835060,60.822756,2022-01-19 19:00:06,1216,0.0251,2470.0000,0.0274,98584,2470,0,236,2706,266768304
"Maga, le monde merveilleux selon Trump | Tracks East | ARTE",https://www.youtube.com/watch?v=aLEvYz6DUJA,0.014356,0.016010,0.003260,0.501218,5.371498,391.383094,2025-10-23 18:00:02,1866,0.0246,2385.0000,0.0274,97017,2385,0,277,2662,258259254
Lettonie : sous influence russe ? | ARTE Reportage,https://www.youtube.com/watch?v=-jtXhXVcygs,0.011084,0.013195,0.008356,0.505025,0.898175,65.459784,2024-06-01 13:00:01,760,0.0161,799.0000,0.0274,49559,799,0,560,1359,67350681
Le psychiatre-clown de Cracolandia #bresil #saopaulo #drogue #psy #arteinfo #artereportage,https://www.youtube.com/watch?v=p-dU5hVsNog,0.014012,0.016741,0.010245,0.499292,1.080488,78.689533,2025-09-08 17:01:10,91,0.0272,628.0000,0.0274,23050,628,0,4,632,14567600
Des contraceptifs bientôt détruits dans l’UE ? #contraception #aide #sante #trump #usa #arteinfo,https://www.youtube.com/watch?v=t6jtCUU2Bfk,0.013697,0.016419,0.011283,0.499672,0.900213,65.560093,2025-08-07 17:01:15,132,0.0263,560.0000,0.0274,21302,560,0,24,584,12440368
"Dans les appartements, la pollution est plus présente dedans que dehors, mais pourquoi ? 🤔",https://www.youtube.com/watch?v=BUPPsmkXilY,0.013846,0.016502,0.012367,0.499247,0.518298,37.748724,2025-02-19 17:00:14,77,0.0269,502.0000,0.0274,18645,502,0,9,511,9527595
La canicule causée par les chemtrails ? #désintox,https://www.youtube.com/watch?v=Z0vpbdxA4Eo,0.011016,0.013397,0.012577,0.504208,0.345834,25.205922,2023-05-04 19:00:13,59,0.0170,492.0000,0.0274,29008,492,0,303,795,23061360
Faut-il partager les dépenses à 50/50 dans un couple ? #Féminisme #Égalité,https://www.youtube.com/watch?v=xcGkJaCErCE,0.012304,0.015000,0.015947,0.501403,0.504432,36.756123,2025-03-25 17:01:06,121,0.0219,370.0000,0.0274,16905,370,0,93,463,7827015
"À Gaza, un blessé créé par IA ? #désintox",https://www.youtube.com/watch?v=_xNDl_IbGtk,0.013503,0.016081,0.012930,0.499738,0.313496,22.852982,2024-04-12 14:30:13,53,0.0258,476.0000,0.0274,18443,476,0,29,505,9313715
Qui est éco-anxieux ? 😨🌍 #ecologie #anxiété #expresso #arte,https://www.youtube.com/watch?v=ziwk6bOeqDQ,0.013430,0.016162,0.014824,0.499593,0.510706,37.232983,2025-05-02 16:01:46,121,0.0257,404.0000,0.0274,15711,404,0,26,430,6755730
Les incroyables découvertes du télescope James Webb !,https://www.youtube.com/watch?v=qMT7UCS2tQY,0.014057,0.016947,0.007071,0.499789,3.547069,259.032258,2026-02-08 09:01:10,180,0.0268,972.0000,0.0274,36331,972,0,22,994,36113014
Des activistes écolos amputées ? 🌍 | Désintox | ARTE #écologie #manifestations #Desintox,https://www.youtube.com/watch?v=21QT5l5jt7I,0.013580,0.015887,0.007609,0.500501,0.560843,40.977459,2024-02-16 15:30:00,58,0.0252,892.0000,0.0273,35363,892,0,75,967,34196021
Hong Kong : La prison ou l’exil pour les opposants | Interview de Antoine Védeilhé | ARTE,https://www.youtube.com/watch?v=01uHem1Pio0,0.013019,0.015783,0.025462,0.498921,0.185604,13.518689,2024-10-11 15:30:00,651,0.0247,209.0000,0.0273,8449,209,0,22,231,1951719
La musique a sauvé la carrière de ce peintre ! #peinture #musique #kandinsky,https://www.youtube.com/watch?v=Fbd51TYJa_Y,0.013889,0.016843,0.012244,0.499124,1.307096,95.471519,2025-12-14 09:30:09,79,0.0271,508.0000,0.0273,18735,508,0,4,512,9592320
Pourquoi l'extrême droite allemande se rapproche du mouvement MAGA ? #usa #info #arteinfo,https://www.youtube.com/watch?v=YPVnVLDKrfA,0.013140,0.016013,0.010752,0.500656,1.716243,125.416975,2025-12-16 07:30:16,131,0.0243,593.0000,0.0273,24371,593,0,73,666,16231086
Lavage de cerveau : pourquoi on tombe dans le piège des sectes,https://www.youtube.com/watch?v=gk--9IhbV_Y,0.014345,0.018312,0.004467,0.500168,18.930484,1385.107969,2026-05-14 05:30:30,135,0.0264,1659.0000,0.0273,62888,1659,0,59,1718,108041584
Nanoparticules et complots | Le code a changé | ARTE,https://www.youtube.com/watch?v=bKhR9guLGLM,0.012510,0.014741,0.007727,0.502374,0.735439,53.842281,2024-05-29 13:00:37,1108,0.0214,876.0000,0.0273,40925,876,0,241,1117,45713225
La difficulté de faire son coming out 🏳‍🌈 #soshomophobie #témoignage,https://www.youtube.com/watch?v=705N6gLmn-k,0.013543,0.015927,0.009181,0.500194,0.329053,24.081036,2023-04-21 16:30:01,54,0.0255,715.0000,0.0273,28029,715,0,50,765,21442185
Des âmes sœurs ? Pourquoi les animaux nous font du bien | Twist | ARTE,https://www.youtube.com/watch?v=Y7DxMwFs6a4,0.013303,0.017227,0.010109,0.500444,5.581879,408.542621,2026-04-26 18:00:36,1808,0.0248,638.0000,0.0273,25690,638,0,63,701,18008690
"Être juif : images anciennes, nouvelles réalités | Tracks East | ARTE",https://www.youtube.com/watch?v=VxZpYJltJDc,0.011295,0.014058,0.027499,0.501525,0.261978,19.154982,2025-01-21 16:30:08,2018,0.0190,190.0000,0.0273,10017,190,0,83,273,2734641
Il a refusé le contrôle des labels sur sa musique | #marvingaye #musique #motow,https://www.youtube.com/watch?v=CsWDnyJ62vg,0.013881,0.017083,0.009291,0.499538,3.174187,232.664845,2026-03-07 09:00:12,127,0.0268,705.0000,0.0272,26351,705,0,13,718,18920018
CPI : la justice internationale défie les puissants | Décryptage | ARTE,https://www.youtube.com/watch?v=IVsPo4nrGn8,0.012953,0.015996,0.011166,0.500840,2.229098,163.430592,2026-02-02 20:00:21,767,0.0238,567.0000,0.0272,23828,567,0,82,649,15464372
Arménie : le dessus des cartes | ARTE Reportage,https://www.youtube.com/watch?v=_YyJ7DTtAK4,0.012443,0.014517,0.006797,0.502710,0.691434,50.761231,2023-11-08 10:00:34,758,0.0208,1018.0000,0.0272,48894,1018,0,313,1331,65077914
Le « négrillon » de Versailles | Quelle histoire ! Enquête sur la toile (1/6) | ARTE,https://www.youtube.com/watch?v=j1cB8GdrhHs,0.014013,0.015725,0.004038,0.500991,1.558967,114.513908,2024-09-07 13:00:48,731,0.0247,1864.0000,0.0272,75475,1864,0,190,2054,155025650
La Lettonie s'arme contre Poutine | ARTE Regards,https://www.youtube.com/watch?v=FCEosGPEuQc,0.012662,0.015724,0.011780,0.501233,2.214093,162.466911,2026-02-05 11:00:32,1816,0.0229,532.0000,0.0272,23261,532,0,101,633,14724213
Turquie : ces femmes devenues maires | ARTE Regards,https://www.youtube.com/watch?v=X4hZNsTtGBA,0.011760,0.014422,0.015947,0.502188,0.562649,41.292390,2025-04-09 10:00:52,1829,0.0201,370.0000,0.0272,18384,370,0,130,500,9192000
Pourquoi a-t-on besoin de jeter ?  | Les idées larges | ARTE,https://www.youtube.com/watch?v=QbI_TpP_xn4,0.015022,0.016022,0.002638,0.500467,1.343062,98.744515,2023-03-29 19:00:17,1410,0.0259,3039.0000,0.0272,117194,3039,0,148,3187,373497278
The Cimarons - Les légendes vivantes du reggae en Europe | Documentaire | ARTE,https://www.youtube.com/watch?v=Uoz3uxSb8UE,0.013047,0.017048,0.013627,0.500251,3.897806,286.324380,2026-04-25 18:00:33,6013,0.0244,447.0000,0.0272,18291,447,0,50,497,9090627
La police face aux dégâts de la société 👮‍♂️ #politique #précarité,https://www.youtube.com/watch?v=rqyPSPv_qoQ,0.013699,0.015929,0.007185,0.500242,0.433983,31.912315,2023-04-19 16:30:08,49,0.0256,954.0000,0.0272,37208,954,0,57,1011,37617288
La presse supprime des articles sur Biden ? 📰 🇺🇸 #désintox,https://www.youtube.com/watch?v=MDMPLAM74MQ,0.013278,0.015851,0.013044,0.499930,0.366172,26.903944,2024-08-02 14:30:08,59,0.0252,471.0000,0.0272,18699,471,0,37,508,9499092
Arménie : les quatre guerres du Colonel | ARTE,https://www.youtube.com/watch?v=Sq4HnzWe_0U,0.012466,0.014577,0.007256,0.502476,0.488641,35.943349,2023-02-04 11:00:30,1462,0.0212,943.0000,0.0272,44576,943,0,268,1211,53981536
IKEA incite-t-il à la surconsommation ? 🧐 #écologie #fastfashion,https://www.youtube.com/watch?v=UfEgePzEu9g,0.012877,0.015468,0.014824,0.500366,0.311835,22.916837,2024-06-22 16:00:31,53,0.0240,404.0000,0.0272,16866,404,0,54,458,7724628
Bombardement de Kiev #shorts #kiev,https://www.youtube.com/watch?v=qLuhV4p_h3U,0.013340,0.015853,0.013305,0.499773,0.186793,13.730808,2022-11-19 16:00:33,60,0.0254,460.0000,0.0272,18083,460,0,31,491,8878753
Pourquoi Trump s’intéresse au Groenland ? 🌎 #groenland #trump #mondialisation #expresso,https://www.youtube.com/watch?v=UJyjRMwG9i8,0.013610,0.016157,0.010558,0.499714,0.597392,43.936701,2025-01-15 16:00:24,118,0.0261,606.0000,0.0272,23241,606,0,25,631,14665071
Être supportrice de footbball en Iran,https://www.youtube.com/watch?v=dGb19zSekIk,0.013357,0.016129,0.016619,0.499278,0.502750,36.968359,2025-06-23 16:01:07,176,0.0257,352.0000,0.0271,13677,352,0,19,371,5074167
La gaffe de François Braun #ministre #covid #desintox,https://www.youtube.com/watch?v=kjIvIPsaeFo,0.013539,0.015981,0.010860,0.499767,0.238563,17.562146,2022-12-17 16:00:31,60,0.0259,586.0000,0.0271,22637,586,0,28,614,13899118
"Pakistan : curé, fan de foot et ... sauveur d'esclaves | ARTE Reportage",https://www.youtube.com/watch?v=fiyw4UikHwo,0.011450,0.013953,0.017980,0.502380,0.107724,7.928711,2020-09-29 16:30:03,1482,0.0192,320.0000,0.0271,16634,320,0,131,451,7501934
"Appartement proche Paris, charme atypique | La vie en face | ARTE",https://www.youtube.com/watch?v=CBQbpiv1g7g,0.019577,0.015575,0.000856,0.501506,14.984750,1105.719022,2025-05-15 18:00:10,3378,0.0240,10850.0000,0.0271,452109,10850,0,1403,12253,5539691577
Projetés dans la vie d'adultes à 15 ans ! #hotellerie #restauration,https://www.youtube.com/watch?v=Js3O8XlalmU,0.014642,0.018045,0.003248,0.500324,26.306259,1941.262697,2026-05-12 05:30:12,58,0.0260,2395.0000,0.0271,92022,2395,0,98,2493,229410846
"Pas de toit, pas de voix? ✉️ 🇪🇺 #élections2024 #européennes #expresso",https://www.youtube.com/watch?v=HLU61Tyo8m4,0.013598,0.016229,0.016201,0.498883,0.246673,18.167377,2024-06-06 15:00:15,58,0.0266,363.0000,0.0271,13662,363,0,7,370,5054940
La drogue peut-elle conduire à des vérités ? | Les idées larges | ARTE,https://www.youtube.com/watch?v=jip-z-_sVOI,0.013977,0.019301,0.003566,0.501300,48.566090,3591.889580,2026-06-03 15:30:06,1470,0.0240,2151.0000,0.0270,89749,2151,0,275,2426,217731074
Dominations | Une espèce à part #5 | ARTE,https://www.youtube.com/watch?v=Pg2naFbH3qM,0.014407,0.015895,0.003637,0.500364,0.419261,31.008559,2019-04-20 14:00:02,193,0.0258,2103.0000,0.0270,81430,2103,0,98,2201,179227430
Allemagne : la fin de l’accueil des Afghans ? | Reportage | ARTE Regards,https://www.youtube.com/watch?v=4fbO_phKw8I,0.010396,0.013375,0.020007,0.503878,1.335732,98.656515,2025-12-29 11:00:08,1839,0.0157,281.0000,0.0270,17874,281,0,202,483,8633142
"Un réseau entre voisins écologique, c'est possible ! ♻️ #Internet #Écologie",https://www.youtube.com/watch?v=N_AZket7_bY,0.013434,0.016146,0.016897,0.499009,0.384183,28.371595,2025-03-19 17:00:33,80,0.0261,345.0000,0.0270,13219,345,0,12,357,4719183
Mères migrantes : des femmes médecins s’engagent | Reportage | ARTE Regards,https://www.youtube.com/watch?v=OQf3mHwY-2s,0.012129,0.014940,0.018604,0.501028,0.627426,46.347606,2025-08-27 10:00:41,1943,0.0217,307.0000,0.0270,14146,307,0,75,382,5403772
Ukraine : sur la piste des enfants volés | Sources | ARTE,https://www.youtube.com/watch?v=_Yle_tUd_-U,0.011779,0.013845,0.007645,0.503516,0.573034,42.407204,2023-06-14 18:00:26,1171,0.0188,887.0000,0.0270,47067,887,0,384,1271,59822157
"Oups, on a tué le plus vieil être vivant sur Terre | Big Flops | ARTE",https://www.youtube.com/watch?v=PT-DjtRXIXo,0.013811,0.015925,0.006366,0.500110,0.393992,29.167763,2022-07-02 18:00:08,268,0.0259,1099.0000,0.0270,42494,1099,0,48,1147,48740618
À la rencontre de @DocGeraud | AFK | Jour de play | ARTE,https://www.youtube.com/watch?v=i5VvFOPZ2W0,0.013452,0.015930,0.011266,0.499730,0.338958,25.086309,2024-02-10 19:00:30,356,0.0257,561.0000,0.0270,21796,561,0,27,588,12816048
Sarkozy et les délinquants sexuels #sarkozy #désintox #délinquant,https://www.youtube.com/watch?v=Q2NY7IjanAM,0.013012,0.015621,0.015041,0.499950,0.349474,25.851462,2024-10-11 09:45:39,60,0.0246,397.0000,0.0270,16163,397,0,39,436,7047068
👨 Ces femmes choisissent de vivre comme des hommes #burrnesha #albanie,https://www.youtube.com/watch?v=lEcfx4Ms2q0,0.032561,0.015963,0.000318,0.500488,13.707688,1016.370712,2023-02-05 17:30:03,57,0.0260,32697.0000,0.0270,1259185,32697,0,1267,33964,42766959340
"FTX, magouilles à hauts risques | Big Flops | ARTE",https://www.youtube.com/watch?v=VYMJDXgreuA,0.013283,0.015683,0.009404,0.500337,0.498537,36.916832,2024-06-01 10:00:21,403,0.0249,695.0000,0.0270,27954,695,0,59,754,21077316
"Endométriose, vers de nouvelles thérapies | Documentaire | ARTE",https://www.youtube.com/watch?v=8zZf9CIaZXY,0.014494,0.015841,0.002925,0.500911,4.866089,361.047276,2025-08-30 13:00:15,3168,0.0248,2700.0000,0.0269,109069,2700,0,239,2939,320553791
ARTE fait sa rentrée | Découvrez la programmation 2025-2026,https://www.youtube.com/watch?v=ISD5vnQF_Rc,0.012600,0.015552,0.039377,0.497474,0.232326,17.128138,2025-09-04 15:15:33,6036,0.0238,121.0000,0.0269,5087,121,0,16,137,696919
"""Si on retire les métaphores homosexuelles de la poésie arabe, que reste-t-il ?""",https://www.youtube.com/watch?v=KC7evo-eeZY,0.013509,0.016433,0.010328,0.499738,1.950572,144.660884,2026-01-13 06:30:13,114,0.0258,622.0000,0.0269,24066,622,0,26,648,15594768
🪶 La création des teen série fantastique (feat @HortyUnderscore) | PLOT TWITCH | REPLAY LIVE I ARTE,https://www.youtube.com/watch?v=hjMkhyYD8s0,0.012947,0.015724,0.025462,0.498686,0.245697,18.177255,2025-03-21 15:30:16,10129,0.0248,209.0000,0.0269,8434,209,0,18,227,1914518
La Gen Z de l'Est de l'Europe | Tracks East | ARTE,https://www.youtube.com/watch?v=1Llw8VCwO98,0.012935,0.016193,0.017442,0.499715,1.420357,105.269444,2026-02-19 19:00:00,1855,0.0245,332.0000,0.0269,13563,332,0,33,365,4950495
Ces médecins étrangers devenus indispensables | ARTE Regards,https://www.youtube.com/watch?v=lVacRS6OGjc,0.012564,0.015978,0.020735,0.499928,1.398718,103.622073,2026-03-09 11:01:19,1830,0.0234,269.0000,0.0269,11520,269,0,41,310,3571200
Les guerres civiles nous ont-elles civilisés ? | Les idées larges | ARTE,https://www.youtube.com/watch?v=PglYfQ7AYMM,0.013226,0.016194,0.011003,0.500108,1.972208,146.354941,2026-01-21 16:30:16,1663,0.0250,577.0000,0.0269,23116,577,0,45,622,14378152
"Qui est Greg Bovino, le traqueur de migrants ? #ice #trump #info #arteinfo #expresso",https://www.youtube.com/watch?v=w62AV-iDLDo,0.013106,0.015878,0.007565,0.500982,3.362641,249.782955,2026-01-28 17:01:36,110,0.0238,898.0000,0.0269,37698,898,0,116,1014,38225772
La solitude des femmes au foyer 💔 #documentaire #60's,https://www.youtube.com/watch?v=gMD0nTKT_QE,0.013899,0.015846,0.005108,0.500323,0.842434,62.598041,2024-01-22 17:30:10,36,0.0255,1420.0000,0.0269,55581,1420,0,75,1495,83093595
Stonehenge Vs Collégiens : le déplacement des pierres #shorts #stonehenge #arte,https://www.youtube.com/watch?v=kGc4UQspBsY,0.013198,0.015673,0.013476,0.499759,0.157267,11.679899,2022-04-08 16:00:33,39,0.0252,453.0000,0.0269,18010,453,0,31,484,8716840
Dissolution du PKK : un espoir de paix ? | ARTE Regards,https://www.youtube.com/watch?v=wPxt4YrH3Rc,0.011610,0.014730,0.015666,0.502194,1.869901,139.021499,2026-02-11 11:01:36,1811,0.0198,378.0000,0.0268,19070,378,0,134,512,9763840
L’empire plastique de Coca Cola 🥤,https://www.youtube.com/watch?v=IGj3URFDskk,0.013875,0.015766,0.005081,0.500328,0.531321,39.569639,2022-08-11 09:49:45,59,0.0255,1429.0000,0.0268,56079,1429,0,76,1505,84398895
Qui est vraiment le président syrien ? #syrie #arte #guerre #arteinfo,https://www.youtube.com/watch?v=VeO4_1E5Iqk,0.014683,0.015994,0.002669,0.500780,7.821229,583.597393,2025-12-04 06:30:17,150,0.0249,2999.0000,0.0268,120432,2999,0,228,3227,388634064
Géorgie : le rêve d'Europe envolé ? | ARTE Reportage,https://www.youtube.com/watch?v=7dbgu0KtMBQ,0.012990,0.015152,0.006396,0.501437,1.361271,101.541859,2025-03-17 16:30:02,1352,0.0230,1093.0000,0.0268,47516,1093,0,180,1273,60487868
Énergie noire : le fantôme du cosmos | Déclics | ARTE,https://www.youtube.com/watch?v=gp7PocDo9Jg,0.013169,0.097989,0.024792,0.498289,93.377711,6940.390905,2026-06-27 10:00:27,1587,0.0256,216.0000,0.0268,8436,216,0,10,226,1906536
Israël : de l’Holocauste aux portes de Gaza | ARTE Reportage,https://www.youtube.com/watch?v=vTcbeQQ7xb8,0.009458,0.011902,0.019441,0.505445,0.389189,29.011379,2024-04-15 09:30:42,1497,0.0125,291.0000,0.0268,23332,291,0,334,625,14582500
Croyons-nous encore à l'amour ? | Les idées larges | ARTE,https://www.youtube.com/watch?v=6qbpUH6hzz0,0.028505,0.015952,0.000394,0.500506,26.434951,1973.828026,2025-02-05 16:30:01,1516,0.0257,25800.0000,0.0268,1002596,25800,0,1054,26854,26923712984
"11 septembre 1973, l'autre 11 septembre | Quand l'histoire fait dates | ARTE",https://www.youtube.com/watch?v=qWLsjKxLEu4,0.013935,0.015735,0.003588,0.501134,5.828395,435.160713,2025-12-06 11:01:52,1598,0.0240,2136.0000,0.0268,88848,2136,0,243,2379,211369392
Des enfants martyrisés dans un centre de redressement catholique | #témoignage,https://www.youtube.com/watch?v=4uJDeG3ID24,0.013089,0.016453,0.015911,0.499533,1.819651,135.586863,2026-03-11 06:30:01,149,0.0250,371.0000,0.0268,14828,371,0,26,397,5886716
Le travail à l'usine 🔧 #travailleurs #ouvrier,https://www.youtube.com/watch?v=GiIMETcbdeU,0.024052,0.015554,0.000540,0.500954,8.305307,620.599812,2023-04-06 16:30:04,59,0.0248,18146.0000,0.0268,731653,18146,0,1436,19582,14327229046
Gaza : les enfants dans la guerre | ARTE Reportage,https://www.youtube.com/watch?v=9UWueBhBmrc,0.012722,0.014387,0.004594,0.502793,1.996393,149.116821,2025-01-20 16:30:05,810,0.0206,1606.0000,0.0268,78129,1606,0,485,2091,163367739
"Mon frère, mort en Ukraine | ARTE Regards",https://www.youtube.com/watch?v=W8EURBjxHps,0.012210,0.015525,0.011035,0.501767,3.766802,281.149511,2026-03-25 11:00:50,1839,0.0215,575.0000,0.0268,26758,575,0,141,716,19158728
Israël : elles s'arment | ARTE Reportage,https://www.youtube.com/watch?v=ANHDLVVvWVg,0.010847,0.013294,0.011615,0.504127,1.178572,88.002781,2025-06-24 13:00:17,1487,0.0167,541.0000,0.0268,32481,541,0,328,869,28225989
"Israël-Palestine : Coexistence, mon cul ! #israel #palestine #standupcomedy",https://www.youtube.com/watch?v=jQPuVUEQs-Q,0.013196,0.016568,0.011149,0.499980,3.187873,238.188655,2026-03-25 06:30:22,98,0.0250,568.0000,0.0267,22714,568,0,39,607,13787398
Faut-il boycotter Shein ? 💰 #shein #info #bhv #arte #arteinfo,https://www.youtube.com/watch?v=cBxXCODi1IE,0.012513,0.015144,0.009627,0.501444,1.719242,128.554240,2025-11-05 08:30:16,115,0.0224,676.0000,0.0267,30246,676,0,132,808,24438768
Jordan Bardella censuré ? 🤔 #politique #désintox,https://www.youtube.com/watch?v=-L3NAG77Q3A,0.012889,0.015392,0.011949,0.500379,0.487499,36.443492,2024-11-08 17:00:00,60,0.0240,523.0000,0.0267,21754,523,0,58,581,12639074
Le Crooner Soul par excellence Barry White ! #barrywhite #soul,https://www.youtube.com/watch?v=fPtmeu9t4yQ,0.013462,0.015950,0.012998,0.499222,0.233148,17.428327,2023-08-25 16:00:38,58,0.0261,473.0000,0.0267,18090,473,0,10,483,8737470
La cruauté des enfants vue par Lino Ventura 👀 #école #acteur,https://www.youtube.com/watch?v=X5PhY0SD-Os,0.017854,0.015867,0.001125,0.500338,3.856941,288.998061,2023-07-26 16:30:08,50,0.0259,7990.0000,0.0267,308634,7990,0,247,8237,2542218258
Afrique du Sud : l'archet dans la plaie | ARTE Reportage,https://www.youtube.com/watch?v=32X9tmoTvWw,0.012900,0.015963,0.019663,0.499293,0.896835,67.021204,2026-01-05 16:30:02,1515,0.0246,287.0000,0.0267,11658,287,0,24,311,3625638
Et si on arrêtait de prendre les gens pour des cons ? | Les idées larges | ARTE,https://www.youtube.com/watch?v=A9kl3_vnXjI,0.022568,0.015426,0.000614,0.501061,6.856984,514.200975,2023-01-25 19:29:01,1303,0.0245,15735.0000,0.0267,642659,15735,0,1404,17139,11014532601
🦦 Comment les bébés loutres apprennent à survivre dans la nature ? #nature #animaux,https://www.youtube.com/watch?v=S7ngKivsFtg,0.013663,0.016019,0.009497,0.499389,0.312347,23.394500,2023-06-13 16:30:07,35,0.0264,687.0000,0.0267,25990,687,0,6,693,18011070
Pourquoi ces musiques de film sont aussi mythiques ? | #composition #musique,https://www.youtube.com/watch?v=jHgWMGmVtz4,0.013913,0.017116,0.005597,0.499854,8.419598,632.168280,2026-04-12 07:30:32,139,0.0261,1277.0000,0.0266,48879,1277,0,24,1301,63591579
😲 L'une des plus grandes révolutions de l'Histoire #astronomie #copernic,https://www.youtube.com/watch?v=WHQJO1bVVpw,0.013505,0.015677,0.006908,0.500182,0.632727,47.508521,2024-03-17 17:30:07,56,0.0252,999.0000,0.0266,39570,999,0,54,1053,41667210
L'avenir de mon fils | Mon enfant après moi | ARTE,https://www.youtube.com/watch?v=s3ea6HkLv_Q,0.012975,0.015447,0.014585,0.499747,0.157808,11.845144,2022-08-18 16:30:07,535,0.0247,412.0000,0.0266,16701,412,0,32,444,7415244
"""DJ Mehdi était une des rares personnes qui savaient vraiment qui j'étais"" Kery James 🎙️ #djmehdi",https://www.youtube.com/watch?v=0OX8hB1jcyI,0.014230,0.015834,0.003776,0.500198,1.596527,120.063460,2024-09-13 15:40:01,57,0.0257,2014.0000,0.0266,78399,2014,0,70,2084,163383516
Diagnostic : sclérose en plaques | ARTE Regards,https://www.youtube.com/watch?v=djJA6gaSog0,0.013088,0.018169,0.025364,0.498176,2.805037,210.122769,2026-05-20 10:00:55,1839,0.0255,210.0000,0.0266,8240,210,0,9,219,1804560
Qu'est-ce qu'un Hardcore gamer ? | BiTS | ARTE,https://www.youtube.com/watch?v=AhM9BZEQrts,0.013232,0.015242,0.006472,0.500777,0.244855,18.412289,2019-11-02 15:00:00,675,0.0241,1078.0000,0.0266,44742,1078,0,111,1189,53198238
Qui a inventé la “nature” ? | Les idées larges | ARTE,https://www.youtube.com/watch?v=UD1vw-d8ZJ0,0.014392,0.015543,0.003058,0.500594,1.012360,76.173691,2022-10-19 19:00:10,1605,0.0250,2566.0000,0.0266,102670,2566,0,162,2728,280083760
L'hôpital est-il malade ? 🤒 #santé #témoignage,https://www.youtube.com/watch?v=3r2c1ooHIlY,0.013332,0.015843,0.013476,0.499269,0.290082,21.789067,2024-04-14 16:30:00,52,0.0258,453.0000,0.0266,17539,453,0,13,466,8173174
"Photographe, il immortalise la chute du World Trade Center #photographie",https://www.youtube.com/watch?v=PeF2ciU2kOE,0.013380,0.016023,0.018604,0.498505,0.259578,19.487558,2024-11-06 14:00:22,39,0.0263,307.0000,0.0266,11674,307,0,3,310,3618940
"La ""naine"" de la cour d’Espagne | Quelle histoire ! Enquête sur la toile | ARTE",https://www.youtube.com/watch?v=j1rjH6x3Ri4,0.013494,0.015665,0.006652,0.500208,0.855470,64.417995,2024-09-22 13:00:51,683,0.0252,1044.0000,0.0265,41491,1044,0,57,1101,45681591
Le désir de loi va-t-il contre la loi du désir ? | Les idées larges | ARTE,https://www.youtube.com/watch?v=CRXZDu8MBis,0.012984,0.015319,0.008024,0.500767,1.050348,79.127704,2025-04-09 13:00:15,1495,0.0238,838.0000,0.0265,35219,838,0,96,934,32894546
-1350 : la révolution religieuse d'Akhenaton | Quand l'histoire fait dates | ARTE,https://www.youtube.com/watch?v=yJz4jiDS3ak,0.013008,0.065801,0.018026,0.499183,85.322451,6416.046997,2026-06-26 15:30:05,1596,0.0250,319.0000,0.0265,12746,319,0,19,338,4308148
USA - Le scandale des stérilisations forcées | Documentaire | ARTE,https://www.youtube.com/watch?v=Achcz0qSlIc,0.012897,0.016962,0.013678,0.499947,4.111105,309.477226,2026-04-30 15:30:06,3140,0.0244,445.0000,0.0265,18255,445,0,39,484,8835420
Vennbahn - Une ligne à tenir | Bienvenue en Géozarbie | ARTE,https://www.youtube.com/watch?v=jxLpcR0o4-E,0.013849,0.015819,0.004462,0.500409,2.963647,223.441458,2025-09-05 09:01:18,640,0.0251,1661.0000,0.0265,66196,1661,0,94,1755,116173980
Israël : en guerre pour toujours ? | Tracks East | ARTE,https://www.youtube.com/watch?v=2Yx6YHaiaA8,0.011699,0.017958,0.009247,0.502822,20.157259,1519.319517,2026-06-04 15:30:21,1843,0.0195,709.0000,0.0265,36443,709,0,257,966,35203938
Crèches privées : violence normalisée 🍼 #creches #privatisation,https://www.youtube.com/watch?v=nm4xO6QqMvY,0.013376,0.015802,0.007466,0.500180,1.618617,122.006182,2025-09-03 05:30:34,158,0.0251,912.0000,0.0265,36407,912,0,53,965,35132755
Le fléau des chèvres addicts à l'urine 🐐 #yukon,https://www.youtube.com/watch?v=CJTX3e-TJf4,0.013872,0.016199,0.004713,0.500210,5.037878,380.057479,2026-01-18 08:30:06,120,0.0254,1559.0000,0.0265,61295,1559,0,65,1624,99543080
Une fraude massive aux retraites en Algérie ?  #désintox #fakenews,https://www.youtube.com/watch?v=FRFq5gC-Mz8,0.012399,0.015065,0.023072,0.499558,0.235274,17.700256,2024-11-29 17:00:23,69,0.0232,236.0000,0.0265,10194,236,0,34,270,2752380
Moi et le harcèlement | Psycho | ARTE,https://www.youtube.com/watch?v=62p-6x_YmvQ,0.012698,0.015655,0.017442,0.499761,0.959337,72.247478,2025-12-18 20:00:05,1604,0.0240,332.0000,0.0265,13857,332,0,35,367,5085519
"Le vrai danger, c'est le retour sur Terre | #artemis2 #artemisii",https://www.youtube.com/watch?v=VCRLPrqckSM,0.013304,0.017486,0.011334,0.499518,5.392954,407.299088,2026-05-06 05:30:25,148,0.0256,557.0000,0.0264,21751,557,0,18,575,12506825
Tout se passe comme sur des roulettes ! 👌  #série #comédie #politique,https://www.youtube.com/watch?v=OAZyExtWsnw,0.013085,0.015603,0.016018,0.499228,0.192058,14.499903,2023-09-27 17:30:02,54,0.0253,368.0000,0.0264,14571,368,0,17,385,5609835
Le Yeezygate | Big Flops | ARTE,https://www.youtube.com/watch?v=rI3t6aciQus,0.012658,0.015101,0.012346,0.500478,0.370949,28.031147,2024-05-25 09:00:42,302,0.0235,503.0000,0.0264,21423,503,0,63,566,12125418
La Russie a-t-elle les moyens d'anéantir l'Europe ? | SPOT | ARTE,https://www.youtube.com/watch?v=7KyC4IlPFfA,0.012634,0.015433,0.005788,0.502002,7.763508,587.578241,2026-03-23 20:00:10,635,0.0216,1228.0000,0.0264,56877,1228,0,274,1502,85429254
Survivant de la Shoah et star de Tik Tok | ARTE Regards,https://www.youtube.com/watch?v=5sgHvowwLs4,0.012358,0.015064,0.027154,0.499043,0.213661,16.110632,2025-01-27 11:00:13,1809,0.0232,193.0000,0.0264,8332,193,0,27,220,1833040
Astreinte à une double journée 🏭🏡  #Ouvrière #documentaire #arte,https://www.youtube.com/watch?v=jzx7VpK2DfE,0.013957,0.015369,0.003602,0.500721,1.257290,95.251347,2023-12-29 18:00:31,51,0.0245,2126.0000,0.0264,86858,2126,0,166,2292,199078536
Un basketteur mort du vaccin contre la Covid ? - Désintox | ARTE #ChampionBasketMort #CovidComplot,https://www.youtube.com/watch?v=whAM7zBm78M,0.009123,0.011586,0.025267,0.504871,0.228551,17.292733,2023-09-08 19:00:28,90,0.0119,211.0000,0.0264,17705,211,0,256,467,8268235
Les terribles méthodes de Poutine pour faire taire ses opposants #russie #politique,https://www.youtube.com/watch?v=F_NyuvkMQ_Y,0.012861,0.015224,0.011149,0.500266,0.278387,21.080573,2023-06-05 16:30:03,60,0.0241,568.0000,0.0264,23588,568,0,54,622,14671736
📉​ Corée du Nord : une économie fragile ? #reportage #arteinfo,https://www.youtube.com/watch?v=AfJmBW2emoI,0.013104,0.016000,0.024336,0.498096,0.447046,33.767656,2025-10-16 15:00:12,139,0.0257,221.0000,0.0264,8611,221,0,6,227,1954697
Faut-il libérer les animaux domestiques ? | Les idées larges | ARTE,https://www.youtube.com/watch?v=dlaHrTgjixg,0.013627,0.014596,0.003121,0.501978,1.295704,98.274221,2023-04-26 10:00:27,1319,0.0220,2507.0000,0.0264,113921,2507,0,496,3003,342104763
Rihanna est devenue héroïne nationale de la Barbade 🇧🇧 #rihanna #pondereplay,https://www.youtube.com/watch?v=cl-POuy08ck,0.013333,0.015741,0.010356,0.499526,0.471163,35.747755,2024-08-21 15:30:12,60,0.0257,620.0000,0.0263,24165,620,0,16,636,15368940
La mer de Chine méridionale devenue un poudrière #chine #philippines #artereportage,https://www.youtube.com/watch?v=zAAfycgPJW4,0.013362,0.016514,0.009579,0.499586,3.250707,246.923364,2026-03-13 06:30:34,138,0.0257,680.0000,0.0263,26510,680,0,17,697,18477470
"Booktok, le retour des salonnières | Gymnastique | ARTE",https://www.youtube.com/watch?v=_QbPbwpmTSA,0.013081,0.015493,0.011724,0.499721,0.316792,24.059347,2024-01-20 11:00:29,302,0.0250,535.0000,0.0263,21417,535,0,28,563,12057771
L’amour aujourd’hui : comment ça marche ? | Twist | ARTE,https://www.youtube.com/watch?v=JRXXfTwQs4I,0.013372,0.016997,0.005670,0.500544,12.132673,922.405287,2026-05-03 18:00:27,1823,0.0244,1258.0000,0.0263,51546,1258,0,97,1355,69844830
Moi et la schizophrénie | Psycho | ARTE,https://www.youtube.com/watch?v=BAd2ZWER9tA,0.013541,0.015658,0.004606,0.500717,4.393348,334.127009,2025-12-12 20:00:09,1604,0.0242,1601.0000,0.0263,66090,1601,0,136,1737,114798330
Les bastions de Maduro face à Trump #venezuela #trump #maduro #artereportage #arte,https://www.youtube.com/watch?v=L32dBjmwvGM,0.012598,0.015698,0.018555,0.499619,1.144881,86.869921,2026-01-30 17:00:28,148,0.0238,308.0000,0.0263,12937,308,0,32,340,4398580
"Monnaie coloniale, monnaie locale | MONEY | ARTE",https://www.youtube.com/watch?v=7QglQsVqs1E,0.013653,0.019157,0.003485,0.501358,54.662766,4161.200341,2026-06-05 15:30:21,1410,0.0231,2209.0000,0.0263,95651,2209,0,303,2512,240275312
L'art du zen au Japon #Zen #Japon,https://www.youtube.com/watch?v=0PsFwTUsIYY,0.013301,0.015860,0.012620,0.499166,0.563392,42.853997,2025-04-12 16:00:03,107,0.0259,490.0000,0.0262,18940,490,0,7,497,9413180
Internet devient-il une dictature ? | Les idées larges | ARTE,https://www.youtube.com/watch?v=DJTIy4UQhPM,0.013092,0.014868,0.004518,0.501611,2.657376,202.484294,2025-07-02 18:00:14,1380,0.0224,1637.0000,0.0262,73073,1637,0,280,1917,140080941
Plus de 400 cobayes ont testé les low-tech de l'appartement-écosystème ! #Bio #Ecologie,https://www.youtube.com/watch?v=wagYIfT7pCo,0.013241,0.015762,0.011817,0.499372,0.592692,45.125182,2025-03-26 17:01:08,54,0.0256,530.0000,0.0262,20709,530,0,13,543,11244987
"Solitude, un drame silencieux | Tracks East | ARTE",https://www.youtube.com/watch?v=dcg00ZvWFD8,0.012298,0.016552,0.013966,0.500693,4.880369,371.602479,2026-05-07 19:00:40,1712,0.0225,434.0000,0.0262,19264,434,0,71,505,9728320
Cambodge-Thaïlande : les origines du conflit #conflit #cambodge #thailande #arteinfo #expresso,https://www.youtube.com/watch?v=VynncOw50uU,0.013217,0.015328,0.005670,0.500770,2.075551,158.240489,2025-07-30 17:00:43,134,0.0239,1258.0000,0.0262,52682,1258,0,123,1381,72753842
Les canons de beauté restent-ils éternels ? | Est-il vrai que...? | ARTE,https://www.youtube.com/watch?v=isXOS9txpmg,0.016317,0.015753,0.001502,0.500431,10.200023,778.301532,2025-09-07 10:01:08,1437,0.0252,5764.0000,0.0262,228988,5764,0,237,6001,1374156988
La lutte des sans-papiers #travailleurs #clandestins,https://www.youtube.com/watch?v=SvPG7LijGf4,0.012333,0.014585,0.009824,0.501272,0.364758,27.828856,2023-07-22 16:30:08,34,0.0221,660.0000,0.0262,29831,660,0,121,781,23298011
"Violence sexuelle dans le sport, INTERVIEW | ARTE",https://www.youtube.com/watch?v=gcxMj8FjfIc,0.012684,0.015125,0.016697,0.499608,0.091984,7.013978,2020-10-26 15:00:07,695,0.0241,350.0000,0.0262,14526,350,0,30,380,5519880
Engagés dans une milice volontaire à 12 ans ? #iran #militaire #arteinfo,https://www.youtube.com/watch?v=5Acm6OLGH_c,0.011241,0.014900,0.015876,0.502216,3.444569,262.957824,2026-04-15 07:30:06,118,0.0190,372.0000,0.0261,19543,372,0,139,511,9986473
Face à des ours 🤯,https://www.youtube.com/watch?v=ITZbEQ14Jd8,0.013408,0.015664,0.008427,0.499596,0.467525,35.725616,2024-02-17 15:30:08,41,0.0257,791.0000,0.0261,30795,791,0,14,805,24789975
Espagne : sauvetage en haute mer | ARTE Regards,https://www.youtube.com/watch?v=E_Une3lmPH4,0.012054,0.015093,0.015598,0.500817,1.577957,120.521230,2026-02-04 11:00:32,1832,0.0219,380.0000,0.0261,17376,380,0,74,454,7888704
Bonne nouvelle pour les amateurs de train ! 🚆#train #ue #transport #europe #arte #expresso,https://www.youtube.com/watch?v=mQF1noAUVo8,0.012997,0.015509,0.013427,0.499480,0.429016,32.774289,2024-12-19 17:00:48,122,0.0250,455.0000,0.0261,18220,455,0,21,476,8672720
Où sont les enfants volés par la dictature ? #syrie #artereportage #arteinfo,https://www.youtube.com/watch?v=h6iafR-lo0A,0.013000,0.016107,0.017061,0.498982,1.243679,94.969311,2026-02-06 07:30:27,142,0.0252,341.0000,0.0261,13516,341,0,12,353,4771148
Le journal d'une femme nwar | Documentaire | ARTE,https://www.youtube.com/watch?v=H49rk4LTtSQ,0.012624,0.019058,0.021661,0.499040,5.519958,421.230575,2026-06-03 13:00:03,6026,0.0241,255.0000,0.0261,10569,255,0,21,276,2917044
Vivre avec les loups | Documentaire | ARTE,https://www.youtube.com/watch?v=9WZNJI6PCw4,0.013241,0.016261,0.005041,0.500906,10.770619,824.694712,2026-04-15 13:00:31,5342,0.0236,1442.0000,0.0261,61102,1442,0,153,1595,97457690
Interview Guillaume Meurice et Guillaume Podrovnik | Margaret Thatcher L'inoxydable | ARTE,https://www.youtube.com/watch?v=4NgXQQcTuEQ,0.012177,0.014311,0.008455,0.501759,0.457871,35.069310,2023-08-08 18:00:02,769,0.0213,788.0000,0.0261,36994,788,0,177,965,35699210
La poésie fait son comeback : Rainer Maria Rilke 2.0 | Twist | ARTE,https://www.youtube.com/watch?v=gFKPIbgKiIE,0.012741,0.015589,0.012729,0.499988,1.449073,110.910489,2025-12-28 19:00:41,1818,0.0240,485.0000,0.0261,20168,485,0,41,526,10608368
Portrait des membres du Black Panthers Party | ARTE,https://www.youtube.com/watch?v=T-_OiAYSx0I,0.013442,0.015296,0.005534,0.500283,0.353451,27.088616,2021-03-15 16:10:07,838,0.0247,1294.0000,0.0261,52307,1294,0,70,1364,71346748
Ukraine : des civils aux portes de l’enfer | ARTE Reportage,https://www.youtube.com/watch?v=TXZaKVeS5w0,0.012475,0.031340,0.009812,0.500928,63.478727,4862.637560,2026-06-22 15:30:33,1512,0.0227,661.0000,0.0261,29109,661,0,98,759,22093731
Introversion : le silence dans un monde bruyant | Twist | ARTE,https://www.youtube.com/watch?v=djWiyNryk-A,0.015349,0.015771,0.001965,0.500370,9.283537,712.011146,2025-11-02 19:00:37,1824,0.0251,4250.0000,0.0261,169345,4250,0,165,4415,747658175
"Femmes tsiganes, s'émanciper | ARTE Regards",https://www.youtube.com/watch?v=Uce84rurNiU,0.012572,0.030911,0.011651,0.500438,48.505556,3715.058999,2026-06-22 10:00:02,1838,0.0233,539.0000,0.0261,23092,539,0,63,602,13901384
📖 Les livres que Hitler n'a pas brûlés #secondeguerremondiale #lecture,https://www.youtube.com/watch?v=96oB8sh8K0U,0.013442,0.015321,0.005479,0.500298,0.602470,46.187047,2023-05-08 16:30:03,51,0.0247,1309.0000,0.0261,52974,1309,0,72,1381,73157094
Prévenir le harcèlement scolaire | Kids | ARTE,https://www.youtube.com/watch?v=En2fpVLBojI,0.012473,0.015074,0.019833,0.499491,0.282740,21.622875,2024-12-18 14:00:15,1601,0.0236,284.0000,0.0261,12045,284,0,30,314,3782130
Le jeu vidéo est-il la meilleure activité au monde ? |Jour de play | ARTE,https://www.youtube.com/watch?v=7q_l1PMh_bA,0.012310,0.014604,0.010190,0.501142,0.465389,35.665188,2024-04-21 09:00:07,1275,0.0222,632.0000,0.0261,28470,632,0,110,742,21124740
"Les araignées, entre phobie et fascination | ARTE Regards",https://www.youtube.com/watch?v=6WfAYHgoZbg,0.012780,0.015762,0.011706,0.500057,2.087316,159.907807,2026-02-09 11:00:17,1810,0.0241,536.0000,0.0261,22255,536,0,44,580,12907900
Des frappes de drones sur une école maternelle #fsr #soudan #drone #milice #arteinfo,https://www.youtube.com/watch?v=DLIOtZ7rN8A,0.013100,0.016524,0.015598,0.498923,2.035918,156.052064,2026-03-25 08:15:01,127,0.0256,380.0000,0.0260,14870,380,0,7,387,5754690
Tout sur les origines de nos croyances #arte #histoire #evq,https://www.youtube.com/watch?v=k0hnc8mtj-4,0.013063,0.015784,0.014382,0.499142,0.805838,61.804596,2025-10-04 05:00:57,114,0.0254,419.0000,0.0260,16528,419,0,11,430,7107040
Cyberesclaves libérés #cyberesclavage #mafia #thailande #arteinfo,https://www.youtube.com/watch?v=uedmEVBkn9I,0.013067,0.015660,0.016503,0.498847,0.373548,28.646879,2025-02-27 18:00:49,110,0.0255,355.0000,0.0260,13919,355,0,7,362,5038678
Inde : la grande purge des intellectuels | ARTE,https://www.youtube.com/watch?v=FQaZO9qEwGU,0.012406,0.014692,0.009965,0.500951,0.487005,37.425879,2024-05-20 15:30:03,747,0.0226,649.0000,0.0260,28780,649,0,99,748,21527440
Une île pour deux | Bienvenue en Géozarbie | ARTE,https://www.youtube.com/watch?v=hkAFSDDS7hY,0.013224,0.015545,0.008131,0.499851,0.978830,75.257842,2025-04-17 09:01:02,663,0.0251,825.0000,0.0260,32907,825,0,30,855,28135485
Colonisation en Cisjordanie : la stratégie des collines | Sources | ARTE,https://www.youtube.com/watch?v=_QBIxzxIsmw,0.013023,0.013945,0.003267,0.502785,2.412297,185.672753,2024-09-25 13:00:44,1231,0.0200,2379.0000,0.0260,119033,2379,0,713,3092,368050036
L'histoire du rôle de la secrétaire #Éducation #Histoire,https://www.youtube.com/watch?v=gjS4E9l0V3Y,0.013242,0.015747,0.011854,0.499152,0.592268,45.523535,2025-04-04 16:01:05,127,0.0258,528.0000,0.0260,20484,528,0,4,532,10897488
🌍 Les évangéliques vont-ils conquérir le monde ? #religion #bible,https://www.youtube.com/watch?v=2U_tkN983GA,0.013169,0.014859,0.004853,0.501012,0.763889,58.821287,2023-06-23 16:30:00,60,0.0233,1507.0000,0.0260,64759,1507,0,174,1681,108859879
"Pourquoi a-t-on brûlé Bambi ? | Gymnastique, la culture en s'amusant | ARTE",https://www.youtube.com/watch?v=u2vmC1Au1ew,0.013026,0.015297,0.010456,0.499733,0.179162,13.786822,2021-08-04 18:00:32,294,0.0249,613.0000,0.0259,24663,613,0,27,640,15784320
🎹 Ces enfants chinois sont des virtuoses du piano ! #chine #pianomania,https://www.youtube.com/watch?v=LSm6XnHu9sc,0.013162,0.015338,0.008225,0.499907,0.357039,27.492442,2023-03-27 16:30:03,60,0.0249,814.0000,0.0259,32687,814,0,34,848,27718576
Est-il vrai que toute l'Afrique a été colonisée par les Européens ? | Est-il vrai que...? | ARTE,https://www.youtube.com/watch?v=nNEIrKw6xTU,0.014381,0.016205,0.002340,0.501427,31.369162,2417.782521,2026-04-26 10:01:14,1547,0.0228,3485.0000,0.0259,152840,3485,0,480,3965,606010600
Être une femme célibataire en Corée du Sud #coreedusud  #mariage,https://www.youtube.com/watch?v=uPYVHG_y-f0,0.021299,0.015128,0.000685,0.500829,7.180951,554.107441,2023-08-24 15:12:24,58,0.0242,13925.0000,0.0259,575717,13925,0,996,14921,8590273357
Castré pour la gloire | Quelle histoire ! Enquête sur la toile (2/6) | ARTE,https://www.youtube.com/watch?v=IE1aAtM30mo,0.013097,0.015218,0.006998,0.500295,0.797611,61.504171,2024-09-08 10:00:25,645,0.0243,984.0000,0.0259,40483,984,0,65,1049,42466667
"Faire un documentaire sur la lumière | Origines, un conte de la lumière | ARTE",https://www.youtube.com/watch?v=VIOczgyoCIE,0.012596,0.015567,0.024516,0.498558,0.609312,46.831473,2025-12-17 19:00:35,480,0.0242,219.0000,0.0259,9031,219,0,15,234,2113254
🌱 Vivre en autonomie au cœur du désert 🏜️  #arte #biosphère,https://www.youtube.com/watch?v=iiZFEGe0BmI,0.013042,0.015392,0.011334,0.499487,0.302676,23.367624,2023-11-21 18:30:34,52,0.0251,557.0000,0.0259,22196,557,0,17,574,12740504
Comprendre ses amis d'enfance devenus pro-trump | #usa #trump,https://www.youtube.com/watch?v=Fd5UH6RQp34,0.012588,0.015294,0.009532,0.500593,2.187984,169.011035,2026-01-05 06:30:21,169,0.0232,684.0000,0.0259,29469,684,0,78,762,22455378
De plombier à oligarque : anatomie d'un miracle hongrois | Sources | ARTE,https://www.youtube.com/watch?v=NBB3dZ0Obvk,0.011885,0.014333,0.008016,0.502205,2.682138,207.285245,2025-12-10 19:00:21,837,0.0203,839.0000,0.0259,41424,839,0,232,1071,44365104
"L'art au service de vos fesses | Gymnastique, la culture en s'amusant | ARTE",https://www.youtube.com/watch?v=t8hGdWKJB7A,0.012730,0.014994,0.010499,0.500161,0.235576,18.198862,2022-08-25 16:30:08,334,0.0239,610.0000,0.0258,25532,610,0,50,660,16851120
La mystérieuse Amanda Lear ✨ #musique #disco,https://www.youtube.com/watch?v=eboNex68tGk,0.013412,0.015082,0.004677,0.500541,0.739509,57.182589,2023-05-15 16:30:07,51,0.0241,1573.0000,0.0258,65185,1573,0,112,1685,109836725
"Rachel, en action | VINGT ANS | ARTE",https://www.youtube.com/watch?v=lu-i4cIWa6M,0.011628,0.014218,0.023395,0.500294,0.253605,19.558518,2024-12-09 19:00:33,1276,0.0210,232.0000,0.0258,11067,232,0,54,286,3165162
A-t-on déjà réellement crucifié quelqu'un ? #mythe #histoire,https://www.youtube.com/watch?v=oEh7yO_4_ys,0.015340,0.015467,0.001968,0.500142,2.663773,206.186201,2024-04-06 16:30:15,60,0.0253,4243.0000,0.0258,167618,4243,0,87,4330,725785940
Une retraite à 11 000€ pour François Hollande ? - Désintox | ARTE,https://www.youtube.com/watch?v=FjAR6Bcj9qQ,0.012973,0.014782,0.005567,0.500911,0.582818,45.146757,2023-02-17 20:00:05,60,0.0232,1285.0000,0.0258,55386,1285,0,144,1429,79146594
"Appartement proche Paris, la série (Intégrale) | ARTE",https://www.youtube.com/watch?v=xIDPGQbhJiw,0.013255,0.015973,0.004286,0.501048,12.595713,976.057533,2026-04-12 13:01:34,3913,0.0231,1740.0000,0.0258,75244,1740,0,201,1941,146048604
Chine : Dans un centre de redressement pour mineurs | Documentaire | ARTE,https://www.youtube.com/watch?v=src8mavAb2c,0.013381,0.017782,0.002907,0.502381,65.322145,5064.573099,2026-06-02 15:30:04,3468,0.0207,2719.0000,0.0258,131611,2719,0,675,3394,446687734
La Palestine dans un tissu | Faire l'histoire | ARTE,https://www.youtube.com/watch?v=ZkhP9TXjfBg,0.011954,0.013930,0.007565,0.502136,0.427018,33.095436,2022-11-06 11:30:08,956,0.0204,898.0000,0.0258,44022,898,0,237,1135,49964970
4000 euthanasies clandestines par an ? - Désintox | Arte,https://www.youtube.com/watch?v=6Jz8Pe9ylrE,0.012393,0.014776,0.014296,0.500109,0.203139,15.729045,2023-04-28 19:00:04,60,0.0232,422.0000,0.0258,18196,422,0,47,469,8533924
Le temps des fous | Documentaire | ARTE,https://www.youtube.com/watch?v=g_I9uP6waPc,0.012620,0.039438,0.017796,0.499246,42.293903,3273.010288,2026-06-24 13:00:33,3187,0.0242,324.0000,0.0258,13388,324,0,21,345,4618860
Vigilance sécheresse #météoextrême #sécheresse #pluie #arteinfo,https://www.youtube.com/watch?v=xntIQd_uAzs,0.013051,0.015537,0.010190,0.499567,0.971865,75.357569,2025-07-28 17:01:19,95,0.0250,632.0000,0.0258,25239,632,0,18,650,16405350
Bébés gorilles à vendre : enquête sur un trafic international | Sources | ARTE,https://www.youtube.com/watch?v=MDoAsQSGjo4,0.012251,0.014199,0.006545,0.501868,0.972215,75.444211,2024-08-28 13:00:32,1015,0.0211,1064.0000,0.0258,50479,1064,0,236,1300,65622700
Voulons-nous vivre éternellement ?  | Les questions qui fâchent | ARTE,https://www.youtube.com/watch?v=8AX3jDXC-xE,0.012075,0.014015,0.006457,0.502231,1.246263,96.734798,2024-12-26 19:00:04,1642,0.0204,1081.0000,0.0257,53092,1081,0,286,1367,72576764
"""Aimer son pays, ce n'est pas agiter un drapeau ou chanter un hymne."" #russie",https://www.youtube.com/watch?v=nZYPO8u3z2E,0.012609,0.015522,0.011687,0.500086,2.008788,155.825552,2026-02-03 06:30:32,148,0.0237,537.0000,0.0257,22651,537,0,46,583,13205533
"Futurs champions, le prix de la gloire | Interview de Valentine Sabatou | ARTE",https://www.youtube.com/watch?v=DmLKcLXeEmE,0.012333,0.014831,0.016857,0.499832,0.297428,23.055684,2024-09-19 10:00:11,730,0.0232,346.0000,0.0257,14922,346,0,38,384,5730048
"En vélo, Simone ! | Gymnastique, la culture en s'amusant | ARTE",https://www.youtube.com/watch?v=cXaGUdtQs5A,0.012482,0.014848,0.014382,0.499905,0.153697,11.920749,2022-05-27 10:30:19,335,0.0235,419.0000,0.0257,17800,419,0,39,458,8152400
Cybercrunch 2077 : La pire release de l’histoire du gaming | Big Flops | ARTE,https://www.youtube.com/watch?v=IGONOzLthys,0.011643,0.013766,0.008948,0.502298,0.605386,47.046070,2024-04-26 18:00:08,264,0.0198,737.0000,0.0257,37302,737,0,222,959,35772618
Quelle est la raison du crime ? | Les idées larges | ARTE,https://www.youtube.com/watch?v=41EtmTj14b4,0.013314,0.015240,0.005732,0.500104,0.851331,66.232744,2024-05-29 15:30:01,1471,0.0247,1242.0000,0.0257,50336,1242,0,51,1293,65084448
Surprises japonaises 🎌🎁✨ | En mode | ARTE #gachagacha,https://www.youtube.com/watch?v=BubzzLZq6gw,0.012993,0.015307,0.010907,0.499487,0.312542,24.300114,2023-11-11 18:15:00,60,0.0250,583.0000,0.0257,23325,583,0,16,599,13971675
IA : data centers vs climat ? | Décryptage | ARTE,https://www.youtube.com/watch?v=7Z0YDbJ7xNs,0.014841,0.015172,0.002007,0.501122,11.981293,933.623396,2025-12-18 19:00:06,633,0.0232,4151.0000,0.0257,179107,4151,0,445,4596,823175772
Des Ukrainiennes dans les mines de charbon | ARTE Regards,https://www.youtube.com/watch?v=E06OEKPuRTk,0.012158,0.016663,0.026492,0.498828,2.312530,179.547707,2026-05-11 10:00:18,1836,0.0230,199.0000,0.0256,8657,199,0,23,222,1921854
La découverte du tombeau du dernier prince celte,https://www.youtube.com/watch?v=QyG_Rd3Idfg,0.013974,0.015422,0.003385,0.500226,3.586288,279.603220,2025-08-02 15:00:47,117,0.0248,2284.0000,0.0256,92271,2284,0,82,2366,218313186
Relation cachée avec un prêtre #église  #prêtre #arte #shorts,https://www.youtube.com/watch?v=eO6JfFencUw,0.012376,0.014197,0.006184,0.501646,0.504440,39.344824,2022-10-20 14:15:02,60,0.0215,1137.0000,0.0256,52999,1137,0,221,1358,71972642
"Pourquoi le ""Made in Europe"" divise les Européens ? #europe #buyeuropean #UE #expresso #arte",https://www.youtube.com/watch?v=0xaCMlPgNrI,0.012195,0.015148,0.010442,0.500919,2.906312,226.602405,2026-02-26 07:30:00,121,0.0222,614.0000,0.0256,27718,614,0,96,710,19679780
Qu'est-ce qui définit un artiste ? 🎤🎸🎹  #marvingaye #documentaire  #arte,https://www.youtube.com/watch?v=v5c9zsY3IWU,0.012971,0.015398,0.015073,0.498869,0.212425,16.544807,2023-11-27 18:30:43,56,0.0254,396.0000,0.0256,15616,396,0,4,400,6246400
Ukraine : la vie sous terre | ARTE Reportage,https://www.youtube.com/watch?v=2Orxe6lI7nU,0.012013,0.014821,0.008718,0.501581,3.693937,288.231288,2026-02-23 20:00:05,1493,0.0211,760.0000,0.0256,35971,760,0,161,921,33129291
Chat ou Marsupial ? 🤯   #Tasmanie #écosystème,https://www.youtube.com/watch?v=CFvUxz3qwf8,0.013019,0.015355,0.011836,0.499224,0.265342,20.695654,2023-09-20 17:30:01,56,0.0253,529.0000,0.0256,20942,529,0,7,536,11224912
Comprendre la rareté des métaux rares | Data Science | ARTE,https://www.youtube.com/watch?v=3NR3RDedd5w,0.015236,0.015189,0.001946,0.500251,1.207368,94.339453,2021-06-21 07:20:53,287,0.0249,4299.0000,0.0256,172955,4299,0,127,4426,765498830
Cuire sa blanquette avec les rayons de Becquerel ? 🧐🔥 #shorts #science #arte,https://www.youtube.com/watch?v=hwiQfDBbnFQ,0.012915,0.015288,0.014644,0.498998,0.135973,10.603279,2022-04-13 13:27:36,47,0.0252,410.0000,0.0256,16298,410,0,7,417,6796266
Les dessous du phénomène K-pop 🎤 #musique #idol,https://www.youtube.com/watch?v=PEwXvlRcocg,0.012846,0.015147,0.011368,0.499588,0.260373,20.319928,2023-06-14 16:30:06,60,0.0246,555.0000,0.0256,22554,555,0,22,577,13013658
"Comment faire un vrai faux ? | Gymnastique, la culture en s'amusant | ARTE",https://www.youtube.com/watch?v=6QAXz_9PIvQ,0.012745,0.014980,0.010342,0.499934,0.242434,18.924548,2022-10-06 10:30:01,332,0.0241,621.0000,0.0256,25760,621,0,38,659,16975840
"2025, une année en état d’urgence | Tracks East | ARTE",https://www.youtube.com/watch?v=P4ctdTTgDPQ,0.012782,0.015428,0.009269,0.500059,2.036892,159.061516,2025-12-25 19:00:32,1818,0.0240,707.0000,0.0256,29401,707,0,45,752,22109552
🔴 Replay Live | ARTE Book Club #1 | « Huis Clos » de Sartre (Le Mock & Val Och) | ARTE,https://www.youtube.com/watch?v=KdtSvFSsHU4,0.013022,0.015026,0.007243,0.500065,0.218711,17.094727,2020-04-12 19:09:59,2878,0.0244,945.0000,0.0256,38768,945,0,46,991,38419088
Pédocriminalité : Ils infiltrent le dark web #pédocriminel #arte,https://www.youtube.com/watch?v=SxpZfGXakkU,0.013466,0.026828,0.004325,0.500391,108.295785,8469.087379,2026-06-20 05:30:34,135,0.0242,1722.0000,0.0256,71165,1722,0,97,1819,129449135
Le nucléaire peut-il vraiment sauver l’Europe ? #climat #arteinfo #nucléaire,https://www.youtube.com/watch?v=hTI35WVk8y8,0.011966,0.014473,0.013755,0.500746,0.682134,53.274816,2025-06-13 05:00:42,94,0.0218,442.0000,0.0256,20267,442,0,76,518,10498306
Le service militaire : obligatoire ou volontaire ? | Les questions qui fâchent | ARTE,https://www.youtube.com/watch?v=vCgKsk1fJoo,0.011039,0.013733,0.014644,0.502238,1.347922,105.343788,2025-12-01 19:01:07,1791,0.0186,410.0000,0.0255,22000,410,0,152,562,12364000
Vie unique | Une espèce à part #2 | ARTE,https://www.youtube.com/watch?v=N6nGHW7cTDA,0.015248,0.014931,0.001848,0.500607,0.912126,71.417842,2019-03-30 12:30:00,189,0.0241,4557.0000,0.0255,189051,4557,0,271,4828,912738228
Manquons-nous d'utopies ? | 42 - La réponse à presque tout | ARTE,https://www.youtube.com/watch?v=IBSxzjhQONM,0.013085,0.014984,0.005904,0.500325,0.732717,57.372637,2024-02-09 14:00:20,1559,0.0240,1200.0000,0.0255,49917,1200,0,74,1274,63594258
Est-il vrai qu’il y avait moins de violence dans le passé ? | ARTE,https://www.youtube.com/watch?v=eCGmbzc2kT0,0.013249,0.015418,0.004097,0.500943,8.504411,666.348047,2026-03-01 11:00:59,1313,0.0231,1833.0000,0.0255,79411,1833,0,193,2026,160886686
Des étudiants vont redoubler à cause des JO ? #désintox,https://www.youtube.com/watch?v=Q83Lj5w1xJ4,0.012543,0.014879,0.011911,0.499952,0.363293,28.457487,2024-05-10 15:30:06,56,0.0237,525.0000,0.0255,22168,525,0,40,565,12524920
Bienvenue en Géozarbie | Cooch Behar |  ARTE,https://www.youtube.com/watch?v=nzBfyIiM7Q4,0.012833,0.015132,0.009926,0.499759,0.551671,43.249097,2024-10-19 10:00:53,648,0.0244,652.0000,0.0255,26694,652,0,28,680,18151920
Russie : la nouvelle opposante à Poutine | ARTE Reportage,https://www.youtube.com/watch?v=Ut_l0hPuolQ,0.011399,0.013428,0.008501,0.502644,0.635342,49.858680,2024-03-19 14:00:22,754,0.0189,783.0000,0.0255,41435,783,0,272,1055,43713925
Les animaux comprennent-ils la mort ?,https://www.youtube.com/watch?v=FDsoh9QMHjg,0.012980,0.015527,0.007336,0.500013,2.876570,225.890520,2026-01-10 08:00:27,113,0.0243,931.0000,0.0254,38243,931,0,42,973,37210439
L’émancipation des jeunes | Décryptage | ARTE,https://www.youtube.com/watch?v=6Flk0nTb_cI,0.012792,0.015164,0.008320,0.500109,1.469386,115.425190,2025-09-11 09:00:18,261,0.0240,803.0000,0.0254,33503,803,0,49,852,28544556
Mesurer le bonheur | Data Science | ARTE,https://www.youtube.com/watch?v=9dE2KVWHw-0,0.013519,0.014896,0.003959,0.500425,0.551637,43.375024,2021-06-26 10:30:01,475,0.0240,1907.0000,0.0254,79298,1907,0,109,2016,159864768
"""L'absence de projet pour ces quartiers fait qu'ils se débrouillent par eux-mêmes"" Interview | ARTE",https://www.youtube.com/watch?v=mWxk39_6Q1M,0.011153,0.013340,0.012599,0.502237,0.151126,11.876968,2020-07-02 17:03:20,577,0.0189,491.0000,0.0254,25974,491,0,169,660,17142840
Quel pouvoir a le son ? | Les idées larges | ARTE,https://www.youtube.com/watch?v=k4pX5gXX2xw,0.014052,0.015040,0.002996,0.500329,1.454438,114.438766,2023-11-29 16:30:15,1392,0.0244,2627.0000,0.0254,107795,2627,0,112,2739,295250505
La Moldavie sera-t-elle le prochain poste avancé de la Russie ? #russie #moldavie #arteinfo,https://www.youtube.com/watch?v=SyM5ckT44To,0.012744,0.015341,0.012751,0.499400,0.906387,71.232650,2025-09-24 17:00:49,145,0.0245,484.0000,0.0254,19726,484,0,17,501,9882726
Mères à perpétuité | Interview de Sofia Fischer | ARTE,https://www.youtube.com/watch?v=W3ttdOUHlo8,0.012232,0.014273,0.007323,0.501343,0.904218,71.157643,2024-10-30 14:00:34,800,0.0216,933.0000,0.0254,43125,933,0,162,1095,47221875
Merci pour les 3 millions d'abonnés 🎉| ARTE,https://www.youtube.com/watch?v=cJ9to6EmElQ,0.012963,0.014509,0.004614,0.501049,0.823837,64.858208,2023-07-07 15:30:08,46,0.0227,1598.0000,0.0254,70500,1598,0,192,1790,126195000
🎮 To Hell With the Ugly #jeuvideo #aventure,https://www.youtube.com/watch?v=P4Q2HL1pk0Y,0.012577,0.015036,0.020798,0.498597,0.127056,9.982286,2023-06-26 16:30:05,41,0.0245,268.0000,0.0254,10960,268,0,10,278,3046880
Les promesses du sol : itinéraire d'un danseur parisien | ARTE,https://www.youtube.com/watch?v=0G1s8Khp8vQ,0.013330,0.014769,0.004257,0.500527,0.372770,29.381453,2019-08-09 16:17:09,2692,0.0237,1754.0000,0.0254,73893,1754,0,120,1874,138475482
"Le style, plus qu'une simple question d'apparence ? | Jour de play | ARTE",https://www.youtube.com/watch?v=WBtMjOwk1Jc,0.012379,0.014901,0.021387,0.498858,0.212353,16.686202,2024-09-14 10:00:25,1341,0.0238,259.0000,0.0254,10883,259,0,17,276,3003708
Le patrimoine architectural italien en péril | ARTE Regards,https://www.youtube.com/watch?v=1KTGkoud9k0,0.012475,0.022485,0.033765,0.497119,5.826433,456.504829,2026-06-15 10:00:15,1838,0.0244,147.0000,0.0254,6033,147,0,6,153,923049
La vision de Françoise Sagan #ecriture #sagan,https://www.youtube.com/watch?v=JBtsTurITws,0.017707,0.015079,0.001076,0.500300,3.399461,268.073137,2023-01-04 16:41:51,35,0.0246,8395.0000,0.0254,340704,8395,0,245,8640,2943682560
Il n'y pas de gravité dans l'espace : Vrai ou Faux ? | Data Science vs Fake - ARTE,https://www.youtube.com/watch?v=Bd7ez4vb020,0.012219,0.014305,0.009258,0.500878,0.167622,13.205288,2019-11-16 11:30:01,140,0.0222,708.0000,0.0254,31906,708,0,101,809,25811954
La génération sans tabac est-elle possible d’ici 2040 ? 🚬 #tabac #cigarette #expresso #arte,https://www.youtube.com/watch?v=hGwP6BoSBTE,0.012077,0.014417,0.010150,0.500953,0.930735,73.339923,2025-05-28 17:00:54,131,0.0219,635.0000,0.0253,29037,635,0,101,736,21371232
"""Il est faux de dire que les Afro-Américains refusent les lois !"" Kamala Harris #kamalaharris #arte",https://www.youtube.com/watch?v=wprxi4Xmllk,0.012127,0.014375,0.010300,0.500828,0.535069,42.175690,2024-08-27 15:00:56,56,0.0221,624.0000,0.0253,28258,624,0,92,716,20232728
La femme la plus détestée d'Angleterre 😱 #politique #thatcher,https://www.youtube.com/watch?v=jXetdzpzkoE,0.012276,0.014496,0.010096,0.500597,0.436791,34.433495,2024-03-28 17:30:09,60,0.0226,639.0000,0.0253,28301,639,0,78,717,20291817
"Orques, la fin du spectacle | ARTE Regards",https://www.youtube.com/watch?v=DcX4bBpyS6g,0.011990,0.015087,0.007397,0.501715,6.999888,552.336629,2026-04-09 10:00:20,1833,0.0208,922.0000,0.0253,44306,922,0,200,1122,49711332
"Le rétro gaming, c’était mieux avant ? | Jour de play | ARTE",https://www.youtube.com/watch?v=LkITdtFeW3U,0.012093,0.014134,0.007936,0.501377,0.602240,47.517081,2024-03-15 10:00:31,1307,0.0214,849.0000,0.0253,39687,849,0,156,1005,39885435
"RDC : Esther, l’espoir par les mots | ARTE Reportage",https://www.youtube.com/watch?v=S5blntucMI4,0.012597,0.014893,0.009774,0.500068,0.697134,55.000066,2025-02-03 16:30:11,1479,0.0237,664.0000,0.0253,28047,664,0,46,710,19913370
La vérité est-elle une fable ? | Les idées larges | ARTE,https://www.youtube.com/watch?v=sDP6upYbf6g,0.012926,0.015170,0.007719,0.499903,1.216383,96.006246,2025-06-18 18:00:53,1253,0.0244,877.0000,0.0253,35991,877,0,34,911,32787801
Témoignage d'un éleveur | Sacrifice Paysan | ARTE,https://www.youtube.com/watch?v=bI4yh1QGSxw,0.011643,0.013463,0.007016,0.502468,0.453648,35.836057,2022-08-13 10:30:18,659,0.0193,981.0000,0.0253,50715,981,0,302,1283,65067345
Ukraine : la guerre des religieux | ARTE Reportage,https://www.youtube.com/watch?v=MaWa_Z0tYKI,0.011763,0.014236,0.015233,0.500668,0.521290,41.126766,2025-04-10 13:00:39,1504,0.0214,391.0000,0.0253,18264,391,0,71,462,8437968
"Le privilège des cheminots, subventionné à 60% par l'Etat ? #cheminots #sncf",https://www.youtube.com/watch?v=lqGIXjjUsv4,0.012249,0.014696,0.015396,0.499786,0.371761,29.343643,2024-12-06 17:15:04,59,0.0231,386.0000,0.0253,16694,386,0,36,422,7044868
"Interview de Laetitia Ohnona | Pédocriminels, la traque | ARTE",https://www.youtube.com/watch?v=rJTXgUulJ00,0.014283,0.014232,0.002153,0.501656,3.087195,244.217604,2024-07-05 15:30:23,897,0.0217,3832.0000,0.0253,176566,3832,0,631,4463,788014058
Enquête sur cette entreprise française qui aide l’armée russe | Sources | ARTE,https://www.youtube.com/watch?v=ZnniohtDyxk,0.014312,0.014491,0.002019,0.502206,18.472384,1462.278870,2026-02-11 20:00:29,1167,0.0206,4122.0000,0.0253,200038,4122,0,931,5053,1010792014
La Russie à la conquête du Sahel | Poutine et l'Afrique | ARTE,https://www.youtube.com/watch?v=hFqgpEfSUP8,0.010006,0.015548,0.017529,0.503398,9.052143,715.838792,2026-05-29 18:00:04,3168,0.0154,330.0000,0.0252,21391,330,0,210,540,11551140
🔥 1609 : Quand le Pays basque brûlait ses sorcières #histoire #sorcières #sorcellerie,https://www.youtube.com/watch?v=KGr8m0Tef4Q,0.012630,0.015195,0.011561,0.499637,1.107841,87.659399,2025-10-14 09:00:35,148,0.0241,544.0000,0.0252,22551,544,0,25,569,12831519
Le réchauffement climatique n'existe pas : Vrai ou Faux ? | Data Science vs Fake | ARTE,https://www.youtube.com/watch?v=GHS-STRjMQI,0.011873,0.013753,0.007487,0.501807,0.232916,18.462602,2019-11-30 11:30:00,145,0.0205,909.0000,0.0252,44350,909,0,209,1118,49583300
Kosovo : le rêve d'Amérique | ARTE Reportage,https://www.youtube.com/watch?v=iwgXP4Hhp50,0.011480,0.013229,0.006245,0.503002,1.341549,106.381046,2024-11-28 16:30:08,760,0.0183,1124.0000,0.0252,61376,1124,0,423,1547,94948672
Pakistan : les gardiens de la musique afghane | ARTE Reportage,https://www.youtube.com/watch?v=Nu4Ig5-mfYA,0.011905,0.014505,0.018604,0.499893,0.511716,40.489902,2025-07-21 15:30:12,1430,0.0222,307.0000,0.0252,13847,307,0,42,349,4832603
Les plantes sont-elles des animaux comme les autres ? | Les idées larges | ARTE,https://www.youtube.com/watch?v=y2qrvfMIqLg,0.013196,0.014317,0.003613,0.501202,0.744930,59.106254,2022-02-03 10:34:05,1085,0.0223,2119.0000,0.0252,94936,2119,0,273,2392,227086912
Vers un retour du service militaire obligatoire ? #armee #servicemilitaire #defense #arteinfo,https://www.youtube.com/watch?v=uAzb8uJIxaI,0.011374,0.013692,0.010470,0.502022,1.114326,88.365607,2025-07-08 17:01:25,131,0.0195,612.0000,0.0252,31363,612,0,178,790,24776770
25 années de luttes contre le sida réduites à néant ? #sida #VIH #épidémie #humanitaire #arteinfo,https://www.youtube.com/watch?v=3B1fSSGvBNA,0.012820,0.015128,0.006572,0.500299,2.698037,214.050607,2025-12-01 09:45:00,139,0.0236,1059.0000,0.0252,44785,1059,0,69,1128,50517480
Bulgarie : mission zone euro | Tracks East | ARTE,https://www.youtube.com/watch?v=YlxrcpPeW4Y,0.011084,0.013693,0.015876,0.501650,0.959267,76.101842,2025-10-16 18:00:29,1943,0.0192,372.0000,0.0252,19397,372,0,116,488,9465736
États-Unis : des prisons inhumaines | #usa,https://www.youtube.com/watch?v=-C2n-Kejy6I,0.012235,0.014597,0.005925,0.501605,5.114127,406.316474,2026-02-09 07:30:00,154,0.0211,1195.0000,0.0252,56608,1195,0,229,1424,80609792
Le combat de l'Ukraine pour la culture | Tracks East | ARTE,https://www.youtube.com/watch?v=QlSTOl6z_dQ,0.010304,0.018684,0.063480,0.496303,2.813598,221.415341,2026-06-11 18:00:15,1835,0.0174,65.0000,0.0251,3738,65,0,29,94,351372
Zoos : la gestion des animaux en question | ARTE Regards,https://www.youtube.com/watch?v=y-7U7OOAm9o,0.011553,0.014865,0.014439,0.501015,2.809952,223.111295,2026-03-30 10:01:04,1838,0.0207,417.0000,0.0251,20128,417,0,89,506,10184768
Les femmes à la conquête de la cuisine 🍽️ #histoire #50s,https://www.youtube.com/watch?v=a6FtGvaKVNY,0.012415,0.014778,0.014614,0.499480,0.254398,20.201321,2024-02-22 17:00:00,59,0.0237,411.0000,0.0251,17311,411,0,24,435,7530285
"Rodin et Michel-Ange, le chant des statues | Documentaire | ARTE",https://www.youtube.com/watch?v=F0DEGeQnbRY,0.012460,0.016094,0.013755,0.499518,3.284550,260.893127,2026-04-18 13:00:34,3162,0.0238,442.0000,0.0251,18547,442,0,24,466,8642902
"En l’an 2040, les radis pousseront comme des champignons 🍄 #engrais #biosphereurbaine",https://www.youtube.com/watch?v=OhW8S-iAVZU,0.012554,0.015100,0.022379,0.498219,0.237270,18.828492,2025-01-15 16:48:05,41,0.0246,245.0000,0.0251,9959,245,0,5,250,2489750
Rush : Time Stand Still | Documentaire | ARTE,https://www.youtube.com/watch?v=x0YLZxWflwQ,0.011886,0.014613,0.012685,0.500650,1.581952,125.864957,2026-01-01 16:30:25,5898,0.0217,487.0000,0.0251,22397,487,0,75,562,12587114
"A Morlaix, un lycée tente de vaincre la peur de l'école | ARTE Regards",https://www.youtube.com/watch?v=IqezGnp0icM,0.012173,0.014311,0.009508,0.500684,0.398992,31.761596,2023-11-01 16:30:01,1932,0.0223,686.0000,0.0251,30807,686,0,87,773,23813811
Pourquoi a-t-on besoin du sensationnalisme ? | Les idées larges | ARTE,https://www.youtube.com/watch?v=d6EqmHMlKUo,0.012537,0.015103,0.010798,0.499799,1.367435,108.846050,2025-11-12 20:00:29,1289,0.0238,590.0000,0.0251,24795,590,0,32,622,15422490
Enfances brisées et alcool #ukraine #abandon,https://www.youtube.com/watch?v=eGO_t24hXUc,0.012130,0.014510,0.018310,0.499437,0.139831,11.119441,2023-02-21 17:30:07,55,0.0230,313.0000,0.0251,13598,313,0,28,341,4636918
Pourquoi la course mondiale aux satellites est un problème ?,https://www.youtube.com/watch?v=FLATQeNpei4,0.012800,0.015111,0.008857,0.499674,1.057952,84.291759,2025-06-30 16:00:27,174,0.0244,746.0000,0.0251,30595,746,0,21,767,23466365
C'est mon enfant #shorts #arte #petitefille,https://www.youtube.com/watch?v=aR92u41QAkE,0.012232,0.014184,0.007565,0.500997,0.382834,30.513263,2022-10-27 15:00:00,60,0.0220,898.0000,0.0251,40888,898,0,127,1025,41910200
À la recherche de l'amour | Kids | ARTE,https://www.youtube.com/watch?v=idwoWPGaZCs,0.014320,0.014942,0.002479,0.500334,3.400337,271.331849,2025-02-14 10:00:47,1573,0.0241,3262.0000,0.0251,135453,3262,0,132,3394,459727482
L'infime et l'infini | Une espèce à part #1 | ARTE,https://www.youtube.com/watch?v=YMFbrBhFDWQ,0.016708,0.014574,0.001247,0.500757,1.434766,114.513794,2019-03-23 13:00:05,217,0.0234,7112.0000,0.0251,303930,7112,0,503,7615,2314426950
L'histoire des pompiers de #tchernobyl,https://www.youtube.com/watch?v=7SN6K-d4K28,0.013246,0.016302,0.004944,0.500008,11.260581,898.665582,2026-04-22 05:30:03,124,0.0244,1475.0000,0.0250,60573,1475,0,42,1517,91889241
Du plastique jusque dans notre 💩 #microplastiques,https://www.youtube.com/watch?v=Lvy9tL_6tNs,0.012829,0.015413,0.010004,0.499380,1.579368,125.968473,2025-12-03 06:30:20,92,0.0247,646.0000,0.0250,26121,646,0,8,654,17083134
Tchang Kaï-chek contre Mao Zedong : les deux soleils de la Chine | #maozedong #histoire #chine,https://www.youtube.com/watch?v=NPCK9O30Zz4,0.012661,0.015668,0.007289,0.500255,5.603828,447.198923,2026-03-31 05:30:12,161,0.0235,938.0000,0.0250,39981,938,0,63,1001,40020981
Avorter aux Etats-Unis ? #ivg #avortement,https://www.youtube.com/watch?v=pn6xWC5BMkk,0.010757,0.013003,0.015201,0.502207,0.210858,16.823707,2022-12-16 16:00:32,58,0.0181,392.0000,0.0250,21702,392,0,151,543,11784186
"En Corrèze, l'auberge des ex-détenus | Reportage 2025 | ARTE Regards",https://www.youtube.com/watch?v=7SnPwntk4OI,0.011934,0.014609,0.017573,0.499810,0.740323,59.053303,2025-10-22 10:00:24,1838,0.0224,329.0000,0.0250,14717,329,0,39,368,5415856
Églises à vendre | ARTE Regards,https://www.youtube.com/watch?v=f7Ozuq-rh2Y,0.009584,0.011964,0.019891,0.503607,0.461747,36.869146,2025-01-06 11:00:49,1836,0.0143,283.0000,0.0250,19842,283,0,213,496,9841632
Marie Curie vs Jeanne Langevin | Duels d'Histoire | ARTE,https://www.youtube.com/watch?v=-ljW40Ky-Dk,0.012424,0.014364,0.007128,0.500688,0.525051,41.994278,2023-09-16 13:00:00,765,0.0226,963.0000,0.0250,42670,963,0,103,1066,45486220
Peur et répression en Biélorussie | Tracks East | ARTE,https://www.youtube.com/watch?v=9WVH-Cb8rMc,0.011730,0.014143,0.020065,0.499816,0.181543,14.490763,2024-01-23 19:00:02,1850,0.0218,280.0000,0.0250,12851,280,0,41,321,4125171
Camionneuse | Documentaire | La vie en face | ARTE,https://www.youtube.com/watch?v=HiCaMHOctLo,0.011616,0.014412,0.021871,0.499771,0.704026,56.202383,2025-12-01 20:00:14,3397,0.0215,252.0000,0.0250,11735,252,0,41,293,3438355
"The Music of John Williams - E.T., Indiana Jones, Stars Wars... – ARTE Concert",https://www.youtube.com/watch?v=htFQ3DGVC4U,0.018572,0.015259,0.000925,0.500336,26.905763,2157.110922,2025-12-19 20:58:41,6320,0.0242,9946.0000,0.0249,411487,9946,0,318,10264,4223502568
"Une ""journée du viol"" le 24 avril ? - Désintox | ARTE",https://www.youtube.com/watch?v=ERYi8qEG6AM,0.012428,0.014520,0.009032,0.500190,0.321774,25.773097,2023-02-24 20:00:04,60,0.0232,729.0000,0.0249,31438,729,0,55,784,24647392
L'Europe dans l'oeil du cyclone avec Aude Darnal | ARTE,https://www.youtube.com/watch?v=Ggfum7f6r64,0.011674,0.014157,0.026385,0.499041,0.152648,12.206527,2024-06-08 13:00:24,1769,0.0218,200.0000,0.0249,9156,200,0,28,228,2087568
L'humain est-il MÉCHANT par nature ? | 42 - La réponse à presque tout | ARTE,https://www.youtube.com/watch?v=xjh7VssyPJk,0.015795,0.015016,0.001518,0.500479,12.592390,1011.626612,2025-11-03 14:01:44,1476,0.0238,5697.0000,0.0249,239804,5697,0,272,5969,1431390076
"Dans la lumière | La création du spectacle signé JR, Damien Jalet et Thomas Bangalter | ARTE",https://www.youtube.com/watch?v=-47eOGu_V40,0.012270,0.014648,0.013860,0.499634,0.416411,33.389390,2024-12-13 16:30:00,1752,0.0233,438.0000,0.0249,18763,438,0,29,467,8762321
Poison sous terre #déchets #toxique #arteinfo,https://www.youtube.com/watch?v=Xyfmi2STjb4,0.012734,0.016005,0.009520,0.499503,4.243489,340.596125,2026-04-07 06:30:14,133,0.0244,685.0000,0.0249,28052,685,0,13,698,19580296
Elle filme la résistance : Manon Loizeau en Géorgie #reportage #arteinfo #actualité,https://www.youtube.com/watch?v=X4wLotHlHi4,0.012395,0.014953,0.023644,0.498144,0.253873,20.320615,2025-03-20 20:00:18,121,0.0242,229.0000,0.0249,9445,229,0,6,235,2219575
Trump : l’allié encombrant de l'extrême droite européenne | Décryptage |ARTE,https://www.youtube.com/watch?v=RYJGkWnsy4k,0.011889,0.014829,0.014764,0.500160,1.684508,135.128423,2026-02-12 16:30:19,560,0.0221,406.0000,0.0249,18370,406,0,51,457,8395090
Tout un fromage - À la recherche du fromager mystérieux | Documentaire | ARTE,https://www.youtube.com/watch?v=qJb3wT1MfL4,0.012163,0.015859,0.016091,0.499492,2.861696,229.589365,2026-04-20 19:00:44,2445,0.0232,366.0000,0.0249,15805,366,0,27,393,6211365
Solution à deux États : quelle crédibilité ? | Décryptage | ARTE,https://www.youtube.com/watch?v=mPi9yRDkbqA,0.011131,0.013205,0.007904,0.502781,1.834907,147.532180,2025-08-13 13:01:35,586,0.0181,853.0000,0.0249,47076,853,0,317,1170,55078920
Vit-on mieux à la campagne ou en ville ? 🤔 #campagne,https://www.youtube.com/watch?v=lCMxoMvLfyc,0.012537,0.014912,0.012471,0.499336,0.527918,42.404637,2025-02-28 17:01:05,60,0.0242,497.0000,0.0249,20563,497,0,14,511,10507693
Vivre jusqu’à 120 ans ? | ARTE Regards | ARTE,https://www.youtube.com/watch?v=PlKOd3YxhFQ,0.010903,0.014338,0.013913,0.501988,3.831252,307.930311,2026-04-13 10:00:44,1839,0.0186,436.0000,0.0248,23469,436,0,147,583,13682427
"Jordanie : Gaza, si loin, si près | ARTE Reportage",https://www.youtube.com/watch?v=NREgoICKQlg,0.011237,0.013105,0.007795,0.502592,0.623629,50.184735,2023-12-07 14:00:15,764,0.0185,867.0000,0.0248,46875,867,0,297,1164,54562500
Savez-vous d’où vient le poisson que vous mangez ? #surpêche #arteinfo,https://www.youtube.com/watch?v=b74XqNYGb9s,0.012115,0.014616,0.014917,0.499700,0.625137,50.249535,2025-07-15 17:00:45,119,0.0229,401.0000,0.0248,17483,401,0,33,434,7587622
La fausse couche enfin reconnue ? #santé #grossesse #expresso #arteinfo,https://www.youtube.com/watch?v=bnuNnvDsz0w,0.012582,0.014724,0.007487,0.500159,1.239940,99.814560,2025-06-04 12:01:15,147,0.0234,909.0000,0.0248,38841,909,0,55,964,37442724
À quoi servent nos frères et sœurs ? | 42 - La réponse à presque tout | ARTE,https://www.youtube.com/watch?v=glPQ5nY5Aqg,0.012416,0.016548,0.012930,0.499452,4.863990,391.193996,2026-05-08 13:01:32,1644,0.0238,476.0000,0.0248,19986,476,0,20,496,9913056
Les nouveaux militants d'extrême droite #arte #arteinfo #politique #actualité,https://www.youtube.com/watch?v=g2zY6VdGpvs,0.010998,0.013485,0.010558,0.502369,2.091442,168.354708,2025-12-15 07:30:19,102,0.0184,606.0000,0.0248,32883,606,0,210,816,26832528
"Un réchauffement de 0,5°C, ça change quoi ? #climat #arte #info #arteinfo",https://www.youtube.com/watch?v=oS4GBjqtMFE,0.012584,0.015140,0.011003,0.499449,1.312394,105.615633,2025-11-14 17:01:39,87,0.0242,577.0000,0.0248,23861,577,0,15,592,14125712
Devenue accro à son anti-douleur,https://www.youtube.com/watch?v=VhkmDREHkUY,0.013460,0.015828,0.003673,0.500236,13.285728,1070.523763,2026-04-08 05:30:14,77,0.0239,2079.0000,0.0248,87144,2079,0,83,2162,188405328
Gaza : Ces femmes reporters en première ligne #artereportage #arte #info,https://www.youtube.com/watch?v=a2tli6qhZvE,0.012301,0.015087,0.023477,0.498260,0.545643,43.815108,2025-11-20 17:00:00,101,0.0240,231.0000,0.0248,9636,231,0,8,239,2303004
La fresque scandaleuse de Michel-Ange à la chapelle Sixtine,https://www.youtube.com/watch?v=WolbkUK-YJc,0.012541,0.019501,0.017313,0.498622,7.950430,639.411553,2026-06-07 07:30:32,149,0.0246,335.0000,0.0248,13632,335,0,3,338,4607616
Béatrice Dalle : un esprit rebelle | Épitaphe | ARTE,https://www.youtube.com/watch?v=dO2MiVhgx-0,0.012523,0.014003,0.004839,0.501244,0.665617,53.681864,2022-12-04 20:00:08,701,0.0216,1512.0000,0.0248,69883,1512,0,220,1732,121037356
"Le zoo, toute une vie en cage | Faire l'histoire | ARTE",https://www.youtube.com/watch?v=q0eN68TcfqU,0.011824,0.014135,0.016658,0.499932,0.153320,12.342477,2022-12-18 11:30:22,957,0.0221,351.0000,0.0248,15899,351,0,43,394,6264206
🤯 La crise du Burn-Out #burnout  #arte,https://www.youtube.com/watch?v=zTgt3WBR8BM,0.013482,0.014742,0.003750,0.500086,0.830149,66.995863,2023-01-18 15:06:28,59,0.0241,2030.0000,0.0248,84214,2030,0,56,2086,175670404
📚 L'incroyable destin d'Amos Oz #litterature #conflit,https://www.youtube.com/watch?v=IcXYVo8jJ70,0.012644,0.014884,0.012244,0.499114,0.208893,16.835202,2023-02-16 17:30:01,58,0.0246,508.0000,0.0248,20672,508,0,4,512,10584064
Faut-il arrêter les antibiotiques ? | Les idées larges | ARTE,https://www.youtube.com/watch?v=EapHCgctHZE,0.012368,0.014357,0.007494,0.500498,0.641570,51.768848,2024-05-15 18:00:07,1489,0.0227,908.0000,0.0248,40063,908,0,84,992,39742496
L'agriculture biologique n'utilise pas de pesticides : Vrai ou Faux ? | Data Science vs Fake | ARTE,https://www.youtube.com/watch?v=XsHu4KJiFA0,0.011540,0.013425,0.008216,0.501825,0.210862,17.027144,2019-11-23 11:30:01,167,0.0199,815.0000,0.0247,41021,815,0,200,1015,41636315
Femmes et hommes : des inégalités de santé | Reportage | ARTE Regards,https://www.youtube.com/watch?v=P-KjIGMFh-Y,0.011712,0.014265,0.019224,0.499755,0.479647,38.655247,2025-07-14 10:00:52,1838,0.0219,295.0000,0.0247,13499,295,0,39,334,4508666
Est-ce que c'était mieux avant ? | Les idées larges | ARTE,https://www.youtube.com/watch?v=GcACLtPosxU,0.012300,0.014110,0.006298,0.500968,0.745309,60.214831,2024-03-06 16:30:06,1333,0.0219,1113.0000,0.0247,50818,1113,0,144,1257,63878226
"Connaissez-vous le ""Project 2025"" ? 🗳️🇺🇸 #trump #arte #expresso",https://www.youtube.com/watch?v=QgZRZ5sqFWg,0.012280,0.014616,0.013652,0.499513,0.364517,29.413698,2024-09-20 13:45:02,54,0.0235,446.0000,0.0247,19003,446,0,24,470,8931410
la Sécurité sociale a-t-elle besoin d'être sauvée ? | Les idées larges | ARTE,https://www.youtube.com/watch?v=Pa3baqiXwCM,0.013405,0.014326,0.003199,0.500805,1.349104,109.121409,2023-10-18 15:30:07,2008,0.0227,2437.0000,0.0247,107374,2437,0,217,2654,284970596
Son mari est « parti au ciel » 😥 #témoignage #fragments,https://www.youtube.com/watch?v=DkMJVpeeD-U,0.012688,0.014571,0.006483,0.500147,0.670474,54.242747,2024-03-05 17:00:10,60,0.0235,1076.0000,0.0247,45831,1076,0,56,1132,51880692
Une mort choisie : l'euthanasie aux Pays-Bas | Documentaire | ARTE,https://www.youtube.com/watch?v=Q9HER-hXflI,0.010530,0.013442,0.014353,0.502458,2.429982,196.490674,2026-02-25 19:00:32,5302,0.0174,420.0000,0.0247,24137,420,0,176,596,14385652
Reconnaissance faciale : citoyens sous surveillance,https://www.youtube.com/watch?v=ZEOCwbf1cXA,0.012238,0.015019,0.012265,0.499748,1.750559,141.574810,2026-01-25 09:30:14,106,0.0232,507.0000,0.0247,21836,507,0,32,539,11769604
L'Union européenne a-t-elle un avenir ? | L'Europe dans l’œil du cyclone avec Arancha González |ARTE,https://www.youtube.com/watch?v=hEXxWQVFow0,0.011134,0.013343,0.012642,0.501633,0.408384,33.049012,2024-05-25 15:30:09,1820,0.0194,489.0000,0.0247,25249,489,0,134,623,15730127
Comment reconnaître un blaireau 😏 #documentaire #animaux,https://www.youtube.com/watch?v=cvZA1ejttGI,0.012599,0.014739,0.009393,0.499577,0.420532,34.056060,2024-03-01 17:00:29,39,0.0241,696.0000,0.0247,28911,696,0,17,713,20613543
Famille recomposée : une chance ou pas ? | Twist | ARTE,https://www.youtube.com/watch?v=i4cKQS2LNkc,0.011249,0.014765,0.036770,0.498204,0.907108,73.108302,2026-04-02 13:01:12,1396,0.0207,132.0000,0.0247,6367,132,0,25,157,999619
Le 1er mai | Quand l'histoire fait dates | ARTE,https://www.youtube.com/watch?v=DErhOhB0KjM,0.014761,0.015821,0.001991,0.500359,28.636933,2322.298851,2026-04-13 13:00:22,1571,0.0237,4188.0000,0.0247,176705,4188,0,169,4357,769903685
"Eric Cantona, fan de columbo ? #shorts #qatar #worldcup",https://www.youtube.com/watch?v=YvzMGtQilDE,0.012466,0.014722,0.013601,0.499129,0.172965,14.001120,2022-11-12 16:00:27,60,0.0242,448.0000,0.0247,18537,448,0,9,457,8471409
Abolir la nuit | Faire l'histoire | ARTE,https://www.youtube.com/watch?v=jkukwZqGqVc,0.012717,0.014643,0.007198,0.499840,0.361548,29.309697,2022-10-09 14:00:27,946,0.0239,952.0000,0.0246,39804,952,0,29,981,39047724
Suite et fin de ce battle de breakdance 🔥 Viens on danse : épisode 7 #shorts #arte #breakdance,https://www.youtube.com/watch?v=JYqpJijR6Ss,0.012693,0.014739,0.008660,0.499538,0.262827,21.304137,2022-06-07 16:00:08,59,0.0243,766.0000,0.0246,31572,766,0,12,778,24563016
Les datas dans la mêlée | Le code a changé | ARTE,https://www.youtube.com/watch?v=0sdPdkf-LYM,0.012793,0.014663,0.006250,0.499968,0.772365,62.664495,2024-06-05 18:00:00,960,0.0238,1123.0000,0.0246,47179,1123,0,39,1162,54821998
Le porno influence-t-il nos désirs ? | Les idées larges | ARTE,https://www.youtube.com/watch?v=Gb6fDvVgzwQ,0.012564,0.014103,0.005029,0.500908,0.670803,54.459569,2023-03-15 20:00:06,1124,0.0221,1446.0000,0.0246,65395,1446,0,164,1610,105285950
Ces Français qui se sont battus avec les nazis | #histoire,https://www.youtube.com/watch?v=PekfGe6-EB4,0.017693,0.015835,0.001033,0.500832,75.885543,6166.703953,2026-04-27 05:30:10,166,0.0228,8786.0000,0.0246,384822,8786,0,684,9470,3644264340
La lumière nous raconte l'histoire de l'univers | David Elbaz | ARTE,https://www.youtube.com/watch?v=07h6WA3Tdwk,0.012019,0.014859,0.013044,0.499948,1.799731,146.009295,2026-02-05 20:00:01,593,0.0226,471.0000,0.0246,20850,471,0,42,513,10696050
Trump : l'expansionniste fou ? #usa #groenland #venezuela,https://www.youtube.com/watch?v=QdldSrvvcUk,0.012804,0.015082,0.005756,0.500102,4.022163,326.718094,2026-01-19 06:30:13,180,0.0236,1236.0000,0.0246,52393,1236,0,53,1289,67534577
"Moi Dionysienne, moi Dionysien | Seine Saint Denis | ARTE",https://www.youtube.com/watch?v=DgkplLEF5ts,0.011058,0.013374,0.021592,0.500452,0.087876,7.123223,2021-07-09 14:00:04,1995,0.0198,256.0000,0.0246,12929,256,0,62,318,4111422
Vivre sans Etat | ARTE,https://www.youtube.com/watch?v=N_4LWWIdBpY,0.014587,0.015902,0.002006,0.500698,36.475285,2966.230210,2026-04-28 15:30:12,3087,0.0230,4152.0000,0.0246,180900,4152,0,296,4448,804643200
Mes fantômes arméniens | Documentaire | La Lucarne | ARTE,https://www.youtube.com/watch?v=_4ZypnC5vpg,0.012251,0.014844,0.011930,0.499692,1.331421,108.123886,2025-12-02 14:01:05,4471,0.0233,524.0000,0.0246,22495,524,0,29,553,12439735
Lucrèce Borgia vs Alexandre VI | Duels d'Histoire | ARTE,https://www.youtube.com/watch?v=5dofm11NbPc,0.012848,0.014716,0.006437,0.499762,0.563658,45.822469,2023-10-21 13:00:05,657,0.0241,1085.0000,0.0246,44956,1085,0,20,1105,49676380
Fera-t-il bientôt 50°C à l'ombre ? 🌍🥵 #ecologie #canicule,https://www.youtube.com/watch?v=qGOqAId8wck,0.012529,0.014127,0.005087,0.500902,1.087603,88.474793,2024-06-27 16:00:47,57,0.0221,1427.0000,0.0246,64672,1427,0,162,1589,102763808
Bienvenue à Tanger ! La ville des rêves | ARTE,https://www.youtube.com/watch?v=qwO3g5xpzGU,0.011391,0.016270,0.011116,0.501333,9.946753,808.802485,2026-05-24 15:30:30,2619,0.0201,570.0000,0.0246,28297,570,0,125,695,19666415
En Mode VHS nous présente sa meute de clébards 🐶 | En Mode | ARTE #canisfamiliaris #série,https://www.youtube.com/watch?v=Ki3qt1eB2UA,0.012266,0.014545,0.014644,0.499244,0.196061,15.934690,2023-07-05 16:30:04,60,0.0236,410.0000,0.0246,17352,410,0,16,426,7391952
Images exclusives d'Iran #iran #reportage #arte #artereportage,https://www.youtube.com/watch?v=8FZwCB1RHmo,0.012066,0.015005,0.012388,0.499911,2.233763,181.701396,2026-02-27 07:30:04,166,0.0227,501.0000,0.0245,22044,501,0,40,541,11925804
L'éducation fait la grandeur d'une société ? | Est-il vrai que...? | ARTE,https://www.youtube.com/watch?v=JCKbqhfFKy8,0.017053,0.014923,0.001159,0.500245,15.286509,1245.755011,2025-10-12 10:00:27,1492,0.0239,7724.0000,0.0245,322919,7724,0,200,7924,2558810156
Syrie : les femmes sur tous les fronts | ARTE Reportage,https://www.youtube.com/watch?v=Nfq97Fj9KM0,0.011876,0.014142,0.011182,0.500434,0.670057,54.535233,2025-03-11 19:00:30,1510,0.0219,566.0000,0.0245,25841,566,0,68,634,16383194
Inde : coups gagnants | ARTE Reportage,https://www.youtube.com/watch?v=KNqTSvZ0x0k,0.012595,0.014223,0.005242,0.500642,0.895172,72.992871,2024-03-11 16:30:03,778,0.0225,1378.0000,0.0245,61237,1378,0,123,1501,91916737
"Pédocriminalité, les failles d'Instagram | Sources | ARTE",https://www.youtube.com/watch?v=y_4aHv9lJss,0.017884,0.014119,0.000999,0.501115,6.129208,500.316626,2024-03-27 16:30:09,992,0.0222,9124.0000,0.0245,411733,9124,0,963,10087,4153150771
Hitler-Staline | La diagonale de la haine | ARTE,https://www.youtube.com/watch?v=ifcFJNaY25E,0.010693,0.066023,0.019332,0.501298,103.327907,8414.450959,2026-06-26 18:00:10,5361,0.0185,293.0000,0.0245,15839,293,0,95,388,6145532
Russie : la génération Z | ARTE Reportage,https://www.youtube.com/watch?v=dj3_LtH8zSs,0.015099,0.014007,0.001567,0.502321,25.938903,2117.690668,2026-02-16 16:30:26,1472,0.0197,5496.0000,0.0245,279418,5496,0,1348,6844,1912336792
"Que faire des statues controversées ? | Gymnastique, la culture en s'amusant | ARTE",https://www.youtube.com/watch?v=rw1s9yKHY6U,0.011782,0.013834,0.010218,0.500723,0.200570,16.364863,2021-07-29 18:00:30,325,0.0214,630.0000,0.0245,29373,630,0,89,719,21119187
"Rétrofuturisme : l’avenir, c’était mieux avant ! | BiTS | ARTE",https://www.youtube.com/watch?v=pf7tfGw3EDM,0.012876,0.014267,0.004499,0.500463,0.430624,35.184602,2020-11-27 17:30:02,679,0.0229,1645.0000,0.0245,71738,1645,0,110,1755,125900190
"""Le deuxième sexe"", sur les traces de Simone de Beauvoir #Féminisme #Littérature",https://www.youtube.com/watch?v=ZmXmHVT5tX8,0.012421,0.014604,0.008709,0.499852,0.944259,77.137034,2025-05-03 16:01:00,122,0.0234,761.0000,0.0245,32472,761,0,33,794,25782768
Le tourisme a-t-il été inventé avec le chemin de fer ? | Est-il vrai que...? | ARTE,https://www.youtube.com/watch?v=5rZXoLCbo-E,0.011993,0.016683,0.028218,0.497867,2.297728,187.158261,2026-05-17 10:00:17,1303,0.0233,184.0000,0.0244,7901,184,0,9,193,1524893
BEYOND THE PLASTIC WALL (Trailer) | Jeux vidéo | ARTE games,https://www.youtube.com/watch?v=i806RpynubI,0.012067,0.016537,0.026069,0.498012,2.289459,186.590942,2026-05-13 08:00:00,57,0.0235,203.0000,0.0244,8639,203,0,8,211,1822829
Et si on ne faisait pas son deuil ? | Les idées larges | ARTE,https://www.youtube.com/watch?v=3SWcHDQrKqM,0.015497,0.014287,0.001553,0.500620,1.818501,148.918390,2022-01-19 19:00:02,1169,0.0230,5551.0000,0.0244,241373,5551,0,343,5894,1422652462
Plus de charbon pour les États-Unis États-Unis #usa #coalie #charbon #énergie #trump #arteinfo,https://www.youtube.com/watch?v=cOHonn8lRIA,0.011837,0.014648,0.011351,0.500362,2.364457,193.466689,2026-02-17 07:30:18,132,0.0219,556.0000,0.0244,25406,556,0,64,620,15751720
Gaza : un reporter sous les bombes | ARTE Reportage,https://www.youtube.com/watch?v=gLnRI0DnBvk,0.015239,0.013087,0.001503,0.502682,4.038075,330.953147,2023-12-18 19:00:18,768,0.0189,5761.0000,0.0244,305417,5761,0,1691,7452,2275967484
"Le diwan, une Histoire de l'Etat en Islam | Faire l'histoire | ARTE",https://www.youtube.com/watch?v=nfHHzatIj3A,0.012648,0.013490,0.003480,0.501817,1.048808,85.954100,2023-01-08 11:30:22,975,0.0203,2212.0000,0.0244,108917,2212,0,445,2657,289392469
"Telegram, l’appli sans foi ni loi ? #telegram #expresso #actualité #arte",https://www.youtube.com/watch?v=w0Q56PWGmo4,0.011969,0.014232,0.012907,0.499876,0.386996,31.669319,2024-08-29 16:01:01,60,0.0225,477.0000,0.0244,21154,477,0,39,516,10915464
Corentin nous dévoile une nouvelle recette irrésistible ! 😋 #recette #biosphere,https://www.youtube.com/watch?v=82-uqjERKmE,0.012263,0.014428,0.009473,0.499929,0.672681,55.080489,2025-01-02 18:30:06,45,0.0231,689.0000,0.0244,29846,689,0,39,728,21727888
Le fils qui a dénoncé son père #trump #usa #arteinfo,https://www.youtube.com/watch?v=vD9D3wGb4UI,0.012746,0.014759,0.004777,0.500483,5.035502,412.715292,2026-01-16 07:00:52,142,0.0228,1535.0000,0.0244,67413,1535,0,109,1644,110826972
"Espagne : après les inondations, la colère ! | ARTE Regards",https://www.youtube.com/watch?v=v4jpkqBBpbs,0.011019,0.012912,0.007976,0.502558,0.983298,80.590724,2024-11-26 11:01:08,1824,0.0181,844.0000,0.0244,46676,844,0,294,1138,53117288
L'I.A. nous amène-t-elle vers une surveillance totale ? #ias #interview,https://www.youtube.com/watch?v=eKu_ghZhkZk,0.012221,0.014651,0.022993,0.498101,0.174360,14.244227,2024-08-03 16:00:39,35,0.0240,237.0000,0.0244,9885,237,0,4,241,2382285
Le premier champ de bataille d'Europe ? ⚔️🔥 #histoire #archéologie,https://www.youtube.com/watch?v=uxoOuNdQdps,0.012160,0.014582,0.021592,0.498379,0.199096,16.273089,2024-09-03 15:15:55,59,0.0237,256.0000,0.0244,10789,256,0,7,263,2837507
Les villages oubliés du nord de l’Albanie | ARTE Regards,https://www.youtube.com/watch?v=JBRA5iXED3g,0.011716,0.014792,0.018505,0.499531,1.459370,119.395229,2026-03-03 11:00:24,1839,0.0221,309.0000,0.0244,13990,309,0,32,341,4770590
Ukraine : pourquoi le train est aussi important | #ukraine #train,https://www.youtube.com/watch?v=7oNuc36kSus,0.012319,0.017556,0.013729,0.499116,6.990028,572.657617,2026-05-27 05:30:00,112,0.0239,443.0000,0.0244,18556,443,0,9,452,8387312
1er juin 1310 - Marguerite Porete au bûcher | Quand l'histoire fait dates | ARTE,https://www.youtube.com/watch?v=MR2wK85W6Wc,0.014079,0.014489,0.002314,0.500670,6.879314,564.798551,2025-09-26 18:00:34,1577,0.0227,3529.0000,0.0244,155253,3529,0,252,3781,587011593
L’IA peut-elle ressentir nos émotions ? | 42 - La réponse à presque tout | ARTE,https://www.youtube.com/watch?v=_TWF6aZ48ko,0.011475,0.024768,0.026385,0.498913,12.485762,1021.192286,2026-06-19 13:00:39,1597,0.0215,200.0000,0.0243,9283,200,0,26,226,2097958
Vinted au cœur du cyberharcèlement ? #sexisme #arteinfo,https://www.youtube.com/watch?v=knvkXP4A56Y,0.012413,0.014486,0.006391,0.500373,2.242311,184.125195,2025-10-09 15:01:23,156,0.0227,1094.0000,0.0243,48242,1094,0,80,1174,56636108
"Les plantes sont-elles mélomanes ? | Gymnastique, la culture en s'amusant | ARTE",https://www.youtube.com/watch?v=AF7-rqQIaAo,0.011908,0.014191,0.018555,0.499158,0.094934,7.779412,2021-09-24 14:00:09,273,0.0228,308.0000,0.0243,13521,308,0,21,329,4448409
"Politique, art, jeux vidéo : l'avis du metteur en scène des JO #gaming #politique",https://www.youtube.com/watch?v=8IOHi2qQxLA,0.012351,0.014949,0.017662,0.498513,0.610940,50.063634,2025-10-02 09:00:13,119,0.0243,327.0000,0.0243,13480,327,0,1,328,4421440
Pédocriminels - Enquêtes dans le dark web | ARTE,https://www.youtube.com/watch?v=6swkmmnlngA,0.013903,0.019728,0.002329,0.501056,113.747216,9349.096644,2026-06-11 13:00:24,5047,0.0219,3504.0000,0.0243,159781,3504,0,383,3887,621068747
République Dominicaine : Haïti au pied du mur (2023) | ARTE Reportage,https://www.youtube.com/watch?v=TTv1fJ0pIJM,0.010453,0.012398,0.009556,0.503177,0.749642,61.576495,2024-08-26 15:30:08,1509,0.0165,682.0000,0.0243,41317,682,0,323,1005,41523585
"L'umami, le secret de la cuisine japonaise ! 🍙🥢 #umami #gastronomie",https://www.youtube.com/watch?v=xiaBcBDqFIM,0.012240,0.014510,0.012930,0.499323,0.371597,30.517816,2024-09-04 15:01:03,55,0.0236,476.0000,0.0243,20203,476,0,15,491,9919673
"Zaho de Sagazan, symphonic concert - ARTE Concert",https://www.youtube.com/watch?v=FHH4I1wOc1o,0.016822,0.014470,0.001175,0.500754,15.631564,1286.575851,2025-10-10 18:00:06,4360,0.0227,7605.0000,0.0243,335645,7605,0,550,8155,2737184975
ASMR avec les baleines 🐳 #océan #nature,https://www.youtube.com/watch?v=RZC44trwXVE,0.012258,0.014535,0.015632,0.498904,0.177045,14.538702,2023-07-01 16:30:06,34,0.0239,379.0000,0.0243,15890,379,0,7,386,6133540
L’immigration booste la croissance espagnole | ARTE Regards,https://www.youtube.com/watch?v=5yTYqjWOdQ4,0.011079,0.018506,0.007204,0.502604,37.233527,3063.314345,2026-06-11 10:00:12,1813,0.0180,951.0000,0.0243,52737,951,0,330,1281,67556097
Cachemire de Mongolie : Enquête sur la face cachée de nos vêtements | Sources | ARTE,https://www.youtube.com/watch?v=vEpVtAMZLzI,0.012413,0.014153,0.005709,0.500575,1.175065,96.741245,2024-11-27 19:00:35,960,0.0223,1248.0000,0.0243,55901,1248,0,109,1357,75857657
Britney Spears : 13 ans sous tutelle #britneyspears #freebritney,https://www.youtube.com/watch?v=NWRe4JYx8a0,0.012156,0.014499,0.014074,0.499275,0.444401,36.540329,2025-02-10 17:00:32,179,0.0234,430.0000,0.0243,18377,430,0,16,446,8196142
Azerbaïdjan : la reprise en main du Haut-Karabagh | ARTE Reportage,https://www.youtube.com/watch?v=X8q9Uf9X1BE,0.010611,0.012434,0.008594,0.503068,0.577753,47.577845,2023-11-06 16:30:05,742,0.0168,773.0000,0.0243,45910,773,0,341,1114,51143740
Mont Blanc : Dispute au sommet | Bienvenue en Géozarbie | ARTE,https://www.youtube.com/watch?v=sWCjQPxFNsI,0.013363,0.013068,0.002357,0.502452,1.481861,122.115721,2022-06-05 16:30:07,625,0.0191,3456.0000,0.0243,181213,3456,0,941,4397,796793561
Pourquoi Trump est obsédé par le Groenland ? | #trump #groenland,https://www.youtube.com/watch?v=p4Eg3Njpo-g,0.012042,0.014916,0.014410,0.499413,1.605255,132.075009,2026-02-11 06:30:26,155,0.0230,418.0000,0.0243,18142,418,0,22,440,7982480
Donner son rein à un inconnu | ARTE Regards,https://www.youtube.com/watch?v=Mo41XKzg1s8,0.011383,0.021916,0.042428,0.496865,5.116434,418.565212,2026-06-16 10:00:23,1837,0.0215,110.0000,0.0243,5113,110,0,14,124,634012
La méthode scientifique : la voie vers la connaissance | Déclics | ARTE,https://www.youtube.com/watch?v=1d7LC2YYBa0,0.011885,0.016877,0.019663,0.498979,4.224683,347.418034,2026-05-23 10:00:06,1597,0.0228,287.0000,0.0242,12582,287,0,18,305,3837510
L'air bientôt irrespirable à New Delhi ? 😷 #smog #pollution #arte #expresso,https://www.youtube.com/watch?v=GPsWtLcMP0c,0.011746,0.014127,0.018505,0.499361,0.288565,23.744534,2024-11-21 17:00:25,58,0.0223,309.0000,0.0242,13865,309,0,27,336,4658640
Justice climatique : la lutte pour le futur entre dans les tribunaux (2/4) | ARTE,https://www.youtube.com/watch?v=NVMguzRGvfo,0.011034,0.013486,0.037443,0.498121,0.097855,8.024126,2024-04-27 15:30:08,968,0.0203,129.0000,0.0242,6355,129,0,25,154,978670
🧐 Que signifient les dreadlocks des rastafaris ? #rasta #cheveux,https://www.youtube.com/watch?v=AeX8AxP-C8E,0.012352,0.014053,0.006003,0.500533,0.569992,47.011219,2023-06-02 16:30:01,47,0.0223,1177.0000,0.0242,52744,1177,0,101,1278,67406832
Vous ne pourrez jamais visiter cette somptueuse grotte... 🤯  #préhistoire,https://www.youtube.com/watch?v=H-VxpTjR_Jk,0.012160,0.014582,0.020486,0.498393,0.244341,20.097248,2024-12-04 17:00:17,118,0.0238,273.0000,0.0242,11474,273,0,5,278,3189772
L'IA peut-elle dominer le monde ? #AI #IA #intelligenceartificielle,https://www.youtube.com/watch?v=oSmPzWNLuX8,0.012097,0.014716,0.016580,0.498986,0.788063,64.931243,2025-11-08 10:01:21,167,0.0234,353.0000,0.0242,15078,353,0,12,365,5503470
"En Serbie, le peuple se révolte contre la corruption #Serbie #Politique",https://www.youtube.com/watch?v=f2IeZ8Vv15c,0.011764,0.014296,0.022454,0.498790,0.367354,30.254350,2025-07-05 16:01:05,152,0.0225,244.0000,0.0242,10830,244,0,18,262,2837460
Pour une autre économie | Des théories et des pratiques alternatives | ARTE,https://www.youtube.com/watch?v=vpy0gE-1fQI,0.011732,0.015014,0.014074,0.499939,2.759608,227.754949,2026-04-03 18:01:00,3525,0.0220,430.0000,0.0242,19560,430,0,43,473,9251880
"La honte, un sentiment complexe | ARTE",https://www.youtube.com/watch?v=0z8W4XQ6KOo,0.011957,0.024115,0.021661,0.498547,13.229895,1090.401029,2026-06-18 13:00:02,3177,0.0232,255.0000,0.0242,11003,255,0,11,266,2926798
Le premier champ de bataille d'Europe ? ⚔️ #bataille #histoire #education,https://www.youtube.com/watch?v=jI8sNYeQW_k,0.012115,0.014554,0.025561,0.497779,0.166930,13.749672,2024-10-01 15:15:06,46,0.0238,208.0000,0.0242,8731,208,0,3,211,1842241
#Dieselgate | Big Flops | ARTE,https://www.youtube.com/watch?v=TfMd5E_zKrE,0.011916,0.014076,0.011300,0.500026,0.389019,32.144780,2024-05-10 18:00:15,306,0.0223,559.0000,0.0242,25037,559,0,46,605,15147385
🧐 Les femmes peuvent-elles se déshabiller ? #sexisme #art,https://www.youtube.com/watch?v=4WCVDIq9okM,0.012071,0.014294,0.012953,0.499484,0.310108,25.630648,2024-04-16 16:30:00,60,0.0231,475.0000,0.0241,20580,475,0,22,497,10228260
Il a perdu son œil en manifestation 👮‍♂️ #violencespolicières #giletsjaunes,https://www.youtube.com/watch?v=4XAK8ik3OK8,0.023908,0.014030,0.000545,0.500874,8.271682,685.180327,2023-04-11 16:30:00,55,0.0223,17969.0000,0.0241,804364,17969,0,1451,19420,15620748880
Pouvons-nous changer ? | 42 - La réponse à presque tout | ARTE,https://www.youtube.com/watch?v=ip942ZRXicU,0.013478,0.018602,0.003166,0.500111,54.849715,4550.036114,2026-06-05 13:00:38,1489,0.0235,2466.0000,0.0241,105062,2466,0,66,2532,266016984
Didier Raoult éjecté des personnalités préférées des Français ? #arte #raoult  #covid,https://www.youtube.com/watch?v=K8hmwRJIUdU,0.009789,0.011709,0.011615,0.503785,0.345118,28.616445,2022-12-18 16:00:07,60,0.0147,541.0000,0.0241,36857,541,0,347,888,32729016
Israël : juifs et musulmans unis par l’urgence | ARTE Reportage,https://www.youtube.com/watch?v=NCgdfUWYsZ8,0.010525,0.012243,0.007936,0.503268,0.679312,56.376344,2023-12-21 14:00:11,745,0.0164,849.0000,0.0241,51869,849,0,400,1249,64784381
Les matériaux : Du Silex au Silicium | Déclics | ARTE,https://www.youtube.com/watch?v=G1GShZP1hCE,0.011678,0.015238,0.016350,0.499624,2.759227,228.685857,2026-04-18 10:00:18,1584,0.0220,359.0000,0.0241,16286,359,0,33,392,6384112
Pourquoi les drapeaux sont interdits à l’Eurovision cette année ? #eurovision #arte #expresso,https://www.youtube.com/watch?v=pnI4TS_1FlU,0.011628,0.013675,0.008251,0.501057,1.151619,95.634487,2025-05-15 05:01:01,109,0.0207,811.0000,0.0241,39155,811,0,131,942,36884010
Où commence la folie ? | 42 - La réponse à presque tout | ARTE,https://www.youtube.com/watch?v=49niXlimEqY,0.014030,0.014306,0.002317,0.500467,4.628629,385.027602,2025-05-23 13:00:07,1701,0.0228,3524.0000,0.0240,154431,3524,0,188,3712,573247872
Les reines-prêtresses de Crète #histoire #antique,https://www.youtube.com/watch?v=eaUWU9ZXc3A,0.012495,0.014524,0.006572,0.499891,1.778642,147.915342,2025-08-25 09:00:55,103,0.0233,1059.0000,0.0240,45448,1059,0,33,1092,49629216
Le vrai coût du stockage de nos données #ia #google #arte #artereportage,https://www.youtube.com/watch?v=SesixLrNQpw,0.012379,0.014557,0.006160,0.500228,3.343953,278.371651,2025-12-29 17:00:47,128,0.0227,1142.0000,0.0240,50364,1142,0,67,1209,60890076
Les conséquences du Covid-19 chez les castes inférieures en Inde #shorts #inde #castes,https://www.youtube.com/watch?v=-7QurNUw4Pk,0.012005,0.014173,0.013678,0.499370,0.152544,12.682453,2022-04-26 11:30:18,45,0.0230,445.0000,0.0240,19330,445,0,19,464,8969120
"En Turquie, plus de post, ni de story ! #instagram #instagramdown #turquie #expresso",https://www.youtube.com/watch?v=BWbrGm3wTJY,0.011581,0.013769,0.012471,0.500289,0.404930,33.686145,2024-08-08 15:00:15,60,0.0214,497.0000,0.0240,23210,497,0,60,557,12927970
Ukraine : la guerre des Noël | ARTE Reportage,https://www.youtube.com/watch?v=0rOPzXjQMbc,0.011167,0.013232,0.011051,0.501262,0.396733,33.019088,2024-01-29 16:30:00,1481,0.0197,574.0000,0.0240,29088,574,0,124,698,20303424
Ils ont découvert les plus vieilles peintures de l'humanité à Sulawesi | ARTE,https://www.youtube.com/watch?v=okeV-mJzguI,0.012100,0.014448,0.006861,0.500508,3.593638,299.258593,2026-01-26 14:01:18,513,0.0220,1007.0000,0.0240,45801,1007,0,92,1099,50335299
Ce que la junte veut cacher #junte #birmanie #arteinfo,https://www.youtube.com/watch?v=xJIcIK7HAxg,0.012291,0.014591,0.010677,0.499324,0.878632,73.116066,2025-07-18 05:01:04,127,0.0237,598.0000,0.0240,25256,598,0,8,606,15305136
Louer des places de prison à l’étranger contre la surpopulation carcérale ? 🚨#prison #ue #arteinfo,https://www.youtube.com/watch?v=IFT1aqyjbU8,0.011755,0.013935,0.009404,0.500506,1.076617,89.652315,2025-07-03 17:00:31,139,0.0215,695.0000,0.0240,32268,695,0,79,774,24975432
"La chanson parfaite existe-t-elle ? | 42, la réponse à presque tout | ARTE",https://www.youtube.com/watch?v=MjGGlSd96HE,0.011645,0.013970,0.011761,0.500277,0.913592,76.052724,2025-08-07 13:00:47,1241,0.0216,533.0000,0.0240,24724,533,0,60,593,14661332
Russie : l’aide aux Ukrainiens | ARTE Reportage,https://www.youtube.com/watch?v=PBnDGxZhXjw,0.010369,0.012587,0.019719,0.501362,0.132995,11.069147,2022-07-04 16:30:02,728,0.0178,286.0000,0.0240,16105,286,0,100,386,6216530
Gen Z : une génération traditionaliste ? #genz  #egalite #progressisme #arteinfo #expresso,https://www.youtube.com/watch?v=lE0TJb8J7es,0.011365,0.014132,0.008651,0.501363,4.441636,370.306367,2026-03-16 17:30:13,118,0.0199,767.0000,0.0240,38476,767,0,155,922,35474872
Esthétique : la chasse aux instituts clandestins | ARTE Europe l'Hebdo,https://www.youtube.com/watch?v=-kkTVJL4uJA,0.011431,0.018006,0.028467,0.498400,4.350530,361.309352,2026-06-05 10:00:21,504,0.0217,182.0000,0.0240,8388,182,0,19,201,1685988
Les élections législatives en Slovaquie | ARTE,https://www.youtube.com/watch?v=vCEBUoBnShA,0.009410,0.011761,0.035098,0.500980,0.112633,9.359517,2023-09-29 09:00:45,117,0.0149,140.0000,0.0240,9390,140,0,85,225,2112750
Les espionnes racontent : récit de femmes de l'ombre | ARTE,https://www.youtube.com/watch?v=r1eQ1RaurDg,0.027536,0.014231,0.000422,0.500285,5.355846,447.208529,2020-03-23 20:26:41,2199,0.0233,23880.0000,0.0240,1023115,23880,0,625,24505,25071433075
Grossir pour survivre 🌿🍂🦡  #blaireau #documentaire #arte,https://www.youtube.com/watch?v=IDRxXH5oVOg,0.012279,0.014343,0.009737,0.499463,0.359461,29.986420,2023-11-25 18:30:12,34,0.0235,667.0000,0.0239,28363,667,0,12,679,19258477
Bonheur et peur | Unhappy | ARTE,https://www.youtube.com/watch?v=YhRwnh7qdH4,0.012272,0.016122,0.008689,0.499681,7.707940,643.191318,2026-05-08 15:30:22,1614,0.0233,763.0000,0.0239,32794,763,0,22,785,25743290
Droit à mourir dans la dignité | Reportage | ARTE Regards,https://www.youtube.com/watch?v=vfbAXybA7Og,0.011048,0.013257,0.008728,0.501906,2.109762,176.137816,2025-11-11 11:01:54,1832,0.0188,759.0000,0.0239,40366,759,0,207,966,38993556
"L'addiction à la pornographie, un ravage sous silence",https://www.youtube.com/watch?v=sYOXf-skGX4,0.012546,0.014319,0.005305,0.500186,2.115948,176.763289,2025-07-26 16:01:30,128,0.0228,1359.0000,0.0239,59563,1359,0,66,1425,84877275
Malinche vs Moctezuma II | Duels d'Histoire | ARTE,https://www.youtube.com/watch?v=hxeb1VPJmv4,0.012303,0.013902,0.005593,0.500517,0.676382,56.523837,2023-09-09 13:00:27,681,0.0221,1278.0000,0.0239,57829,1278,0,105,1383,79977507
Schizophrénie | Une brève histoire de l'automobile (3/3) | ARTE,https://www.youtube.com/watch?v=M2qcAXyS8_o,0.011960,0.016112,0.009567,0.500039,8.128790,679.071776,2026-05-14 19:00:16,3234,0.0224,681.0000,0.0239,30450,681,0,47,728,22167600
Les messages cryptés ont-ils modifié l’histoire ? | Est-il vrai que...? | ARTE,https://www.youtube.com/watch?v=FvVvYVyTpl8,0.012007,0.028010,0.015911,0.498970,26.470561,2209.391025,2026-06-21 10:00:21,1534,0.0233,371.0000,0.0239,15942,371,0,10,381,6073902
L'expérience de l'immeuble à légumes | ARTE Regards,https://www.youtube.com/watch?v=vYNxSd3NuRg,0.011779,0.013713,0.008338,0.500607,0.537148,44.928133,2024-03-18 11:00:58,1818,0.0214,801.0000,0.0239,37388,801,0,92,893,33387484
Un crocodile dans la Seine avant les JO ? #désintox,https://www.youtube.com/watch?v=8T9qilLFCFU,0.012195,0.014168,0.008320,0.499835,0.522482,43.739705,2024-04-19 14:30:04,56,0.0229,803.0000,0.0239,34993,803,0,32,835,29219155
Méditerranée : les volontaires de SOS Méditerranée - ARTE,https://www.youtube.com/watch?v=wT14hqF1QJI,0.010032,0.011975,0.011892,0.503068,0.270262,22.623722,2022-06-20 16:30:08,1460,0.0158,526.0000,0.0239,33233,526,0,267,793,26353769
"Le Caravage, peintre de génie et assassin | Gymnastique, la culture en s'amusant | ARTE",https://www.youtube.com/watch?v=Rl7-yFQ5HZA,0.013136,0.014159,0.003578,0.500134,0.704502,59.026566,2022-03-11 17:30:02,362,0.0231,2143.0000,0.0239,92666,2143,0,68,2211,204884526
Les défis des personnes de petite taille | ARTE Regards,https://www.youtube.com/watch?v=9Q0ZULJQAHY,0.011185,0.014893,0.030500,0.498468,1.379745,115.060617,2026-04-20 10:00:10,1839,0.0210,167.0000,0.0239,7964,167,0,23,190,1513160
Le premier centre spatial du monde #artereportage #espace,https://www.youtube.com/watch?v=0dKWvzQMG0Q,0.012165,0.018449,0.011133,0.499349,12.412801,1039.000563,2026-06-05 05:30:04,180,0.0234,569.0000,0.0239,24316,569,0,11,580,14103280
Maquillage : l'art de la métamorphose | Twist | ARTE,https://www.youtube.com/watch?v=FAOPKF0p_nM,0.011181,0.016281,0.025966,0.499045,3.354130,280.170195,2026-05-24 18:00:09,1837,0.0209,204.0000,0.0238,9773,204,0,29,233,2277109
Justice climatique : la lutte pour le futur entre dans les tribunaux (1/4) | ARTE,https://www.youtube.com/watch?v=09EVhIYQR2A,0.010792,0.013161,0.028980,0.499302,0.136979,11.448182,2024-04-27 13:00:00,1014,0.0196,178.0000,0.0238,9068,178,0,38,216,1958688
⚛️ Notre univers quantique #science #physique #quantique,https://www.youtube.com/watch?v=PE-RZlxzc4E,0.012190,0.014378,0.008538,0.499758,1.317521,110.495418,2025-08-26 09:00:37,68,0.0230,779.0000,0.0238,33840,779,0,27,806,27275040
La drogue du zombie - Desintox | ARTE  #Short#zylazine#DrogueZombie,https://www.youtube.com/watch?v=SSXs3gv94Ac,0.012320,0.014039,0.006312,0.500112,0.534440,44.857211,2023-07-03 18:30:20,60,0.0227,1110.0000,0.0238,48933,1110,0,55,1165,57006945
Réseaux sociaux : un danger pour la démocratie ? | Les questions qui fâchent | ARTE,https://www.youtube.com/watch?v=-Fq-jJbdFPY,0.011596,0.014606,0.011067,0.500325,3.321217,278.607390,2026-03-24 14:00:00,1817,0.0214,573.0000,0.0238,26760,573,0,64,637,17046120
Moi et les troubles alimentaires | Psycho | ARTE,https://www.youtube.com/watch?v=9xIcORpwNdo,0.012811,0.014453,0.004393,0.500066,3.391546,284.819881,2025-10-14 09:00:13,1604,0.0231,1691.0000,0.0238,73272,1691,0,53,1744,127786368
Le bonheur de vieillir | Unhappy | ARTE,https://www.youtube.com/watch?v=VG9LeW4umY8,0.012531,0.014682,0.005207,0.500149,5.154765,432.978992,2026-02-07 19:00:22,1605,0.0228,1389.0000,0.0238,60981,1389,0,62,1451,88483431
Super Poulet | L'intelligence que nous refusons de voir | ARTE,https://www.youtube.com/watch?v=KfTv82KxiDc,0.013398,0.015394,0.002617,0.500999,30.858377,2593.065719,2026-05-04 13:00:36,2605,0.0215,3067.0000,0.0238,142853,3067,0,332,3399,485557347
Guerre en Iran : que dit le droit international ? #Iran #Israel #USA #arteinfo,https://www.youtube.com/watch?v=Iy15PFU3MB4,0.011576,0.014489,0.013353,0.499974,2.167568,181.955280,2026-03-04 08:57:19,132,0.0217,458.0000,0.0238,21154,458,0,45,503,10640462
Mais qui est Sam Hyde ?! #shorts,https://www.youtube.com/watch?v=bleLxE0nzrc,0.011951,0.014067,0.012388,0.499460,0.197284,16.563547,2022-11-13 16:00:30,60,0.0229,501.0000,0.0238,21913,501,0,20,521,11416673
"Afghanistan : Radio Begum, la voix des résistantes | ARTE Reportage",https://www.youtube.com/watch?v=7FkwJc0EvU0,0.011739,0.013605,0.007712,0.500733,0.630279,52.993244,2024-05-06 15:30:03,1492,0.0212,878.0000,0.0238,41493,878,0,108,986,40912098
Aux origines était... la lumière ! 🪐 #astrophysique #bigbang,https://www.youtube.com/watch?v=T9h9ggCvJoY,0.012184,0.014954,0.008251,0.499753,3.943269,332.034529,2026-03-14 09:00:39,137,0.0230,811.0000,0.0237,35281,811,0,26,837,29530197
Le fentanyl est la première cause de décès aux Etats-Unis ? ☠️ #désintox,https://www.youtube.com/watch?v=iKy32xxCPA0,0.011969,0.013901,0.008157,0.500148,0.574520,48.415226,2024-05-24 15:30:02,60,0.0222,822.0000,0.0237,37037,822,0,56,878,32518486
"Le foie gras, un mets de choix ? | ARTE Regards",https://www.youtube.com/watch?v=rjSwNxr9Aeg,0.009825,0.012053,0.020862,0.501933,0.223565,18.819221,2024-01-29 11:00:51,1796,0.0161,267.0000,0.0237,16583,267,0,126,393,6517119
"Elle était ""calculette humaine"" pour la NASA | #nasa",https://www.youtube.com/watch?v=lXBtquES6vY,0.012343,0.014790,0.006884,0.499790,3.831018,323.011792,2026-02-14 08:00:55,153,0.0231,1003.0000,0.0237,43380,1003,0,25,1028,44594640
Inde : le temple de la discorde | ARTE Reportage,https://www.youtube.com/watch?v=KWeCH1o60a8,0.009574,0.011573,0.013091,0.503558,0.494232,41.659254,2024-05-10 15:30:04,1476,0.0145,469.0000,0.0237,32452,469,0,300,769,24955588
"Russie-Ukraine : Marioupol, l’identité volée | ARTE Reportage",https://www.youtube.com/watch?v=XSVrFBkVLFc,0.011988,0.012525,0.003034,0.503801,13.776036,1162.523966,2026-02-06 19:00:25,1505,0.0157,2590.0000,0.0237,164893,2590,0,1317,3907,644236951
Birobidjan - Jérusalem au pays des soviets | Bienvenue en Géozarbie | ARTE,https://www.youtube.com/watch?v=uiI2Lb5DpAw,0.012854,0.013457,0.003018,0.501378,2.770118,233.770694,2025-01-02 10:01:01,668,0.0206,2605.0000,0.0237,126754,2605,0,398,3003,380642262
38 000 tonnes de viande venues de Nouvelle-Zélande ? #désintox,https://www.youtube.com/watch?v=W-TSOE-B9lc,0.011848,0.013972,0.011817,0.499653,0.331166,27.916321,2024-03-06 15:30:07,56,0.0225,530.0000,0.0237,23561,530,0,28,558,13147038
Survivant des camps… ou grand imposteur ? #nazisme #histoire #fascisme,https://www.youtube.com/watch?v=AP5yMxR0-Bc,0.012074,0.014470,0.012285,0.499175,0.931276,78.520700,2025-09-25 16:00:31,138,0.0234,506.0000,0.0237,21669,506,0,7,513,11116197
Terre d'Islande 🌋🌊 : aux sources de la vie 🌍 #documentaire #exploration #arte,https://www.youtube.com/watch?v=ZxzyyulHzSA,0.011981,0.014229,0.016737,0.498706,0.195390,16.466819,2024-01-04 18:00:16,35,0.0234,349.0000,0.0237,14917,349,0,4,353,5265701
Peut-on jouir dans un monde injuste ? | Les Idées Larges | ARTE,https://www.youtube.com/watch?v=viJyBrfgFD4,0.016113,0.013784,0.001293,0.500726,2.495919,210.962440,2022-06-22 10:30:13,1072,0.0221,6828.0000,0.0237,309523,6828,0,495,7323,2266636929
"Klaus Mäkelä, vers la flamme | Portrait du directeur musical de l'Orchestre de Paris | ARTE",https://www.youtube.com/watch?v=XtrQl5nbW-k,0.012150,0.015645,0.007159,0.500032,8.967705,757.387778,2026-05-03 13:00:56,3149,0.0226,958.0000,0.0237,42482,958,0,47,1005,42694410
Cette série a changé la vision des Français sur la thérapie,https://www.youtube.com/watch?v=CmaqA84xtbM,0.011913,0.014262,0.008538,0.500112,2.188900,184.902957,2025-12-20 08:30:10,147,0.0221,779.0000,0.0236,35183,779,0,53,832,29272256
Comment les bots malveillants nous influencent-ils ?,https://www.youtube.com/watch?v=eTl1ddxK7mQ,0.012115,0.014248,0.008641,0.499723,1.131167,95.562202,2025-07-12 16:00:59,132,0.0229,768.0000,0.0236,33539,768,0,25,793,26596427
Le jeu vidéo m'a tout appris | Jour de play | ARTE,https://www.youtube.com/watch?v=7rmCdRW6EIM,0.011042,0.013400,0.023395,0.499442,0.225589,19.013253,2024-11-09 10:00:08,1301,0.0205,232.0000,0.0236,11336,232,0,36,268,3038048
Clans Lémuriens  #Madagascar  #Makis #biodiversité,https://www.youtube.com/watch?v=7L83qDTjgD8,0.012102,0.014195,0.011283,0.499255,0.279548,23.608063,2023-09-16 17:00:03,57,0.0233,560.0000,0.0236,23984,560,0,7,567,13598928
Biosphère du désert : la prépa d'une mission low-tech (1/5) | ARTE,https://www.youtube.com/watch?v=YtQwjNLb6kU,0.012847,0.014003,0.003911,0.500176,1.056024,89.458765,2023-11-20 10:09:31,1409,0.0227,1934.0000,0.0236,85094,1934,0,74,2008,170868752
Qui est vraiment “le dictateur le plus cool du monde” ? #Bukele #Salvador #dictature #arteinfo,https://www.youtube.com/watch?v=TG5s0-lziQE,0.013628,0.013621,0.002303,0.501134,4.533816,384.173721,2025-04-15 17:00:27,139,0.0210,3549.0000,0.0236,168623,3549,0,430,3979,670950917
Pourquoi la musique nous émeut-elle tant ? | 42 - La réponse à presque tout | ARTE,https://www.youtube.com/watch?v=lXRKAmWTIjY,0.014318,0.014412,0.002065,0.500145,8.567029,725.962460,2025-10-31 14:01:19,1786,0.0231,4018.0000,0.0236,174266,4018,0,94,4112,716581792
Plus puissant que l'héroïne #fentanyl #drogue #USA #reportage #sanfrancisco #arteinfo #artereportage,https://www.youtube.com/watch?v=nXcboEIibis,0.012586,0.014343,0.005038,0.499949,2.683717,227.324038,2025-09-25 17:01:12,112,0.0230,1443.0000,0.0236,62724,1443,0,37,1480,92831520
"Fanfiction | Gymnastique, la culture en s'amusant | ARTE",https://www.youtube.com/watch?v=k7ZAlovui84,0.011507,0.013569,0.012204,0.500093,0.199025,16.859762,2022-08-16 18:00:14,322,0.0214,510.0000,0.0236,23804,510,0,51,561,13354044
Renoncer à l’alcool et vivre pleinement ! | ARTE Regards,https://www.youtube.com/watch?v=fcgftB1B4P4,0.011196,0.013794,0.011334,0.500790,2.167497,183.667866,2026-01-29 11:01:17,1819,0.0202,557.0000,0.0236,27582,557,0,93,650,17928300
L’amitié : de l’intégration sociale au bien-être mental | Documentaire | ARTE,https://www.youtube.com/watch?v=H5BJ9UlJ3Sg,0.011898,0.014432,0.009192,0.499910,2.533620,214.947714,2026-01-30 20:00:14,3188,0.0223,714.0000,0.0235,31984,714,0,39,753,24083952
Biden s'endort en pleine conférence de presse ? #désintox,https://www.youtube.com/watch?v=kFkIVA3p3Wo,0.011681,0.013739,0.010647,0.500023,0.412221,34.966249,2024-05-03 15:30:11,59,0.0218,600.0000,0.0235,27483,600,0,47,647,17781501
Crypto-monnaies : L'or digital | MONEY | ARTE,https://www.youtube.com/watch?v=5Jwn67AfJaI,0.010751,0.016376,0.006998,0.502651,27.936465,2372.482515,2026-06-04 13:00:37,1419,0.0172,984.0000,0.0235,57154,984,0,361,1345,76872130
Ce livre a provoqué un énorme scandale #Littérature #Documentaire,https://www.youtube.com/watch?v=snrOHZ0v4cQ,0.016872,0.014228,0.001143,0.500093,8.100042,688.368085,2025-02-22 17:01:04,68,0.0232,7846.0000,0.0235,337936,7846,0,106,7952,2687267072
Trains sans conducteurs : trains du futur ?,https://www.youtube.com/watch?v=LhN2y4770qo,0.011623,0.015909,0.010632,0.500106,7.723103,655.849701,2026-05-17 07:00:27,131,0.0216,601.0000,0.0235,27769,601,0,52,653,18133157
20 nuances de Winona Ryder #shorts #strangerthings,https://www.youtube.com/watch?v=nnqX-bup7rk,0.012228,0.013989,0.007059,0.499770,0.329477,28.028302,2022-05-04 14:14:32,37,0.0229,974.0000,0.0235,42492,974,0,24,998,42407016
L’infini : quelle sensation ? | Twist | ARTE,https://www.youtube.com/watch?v=zpWHwH0ZJsc,0.011668,0.015039,0.014886,0.499342,2.757477,234.320521,2026-04-12 18:00:52,1817,0.0223,402.0000,0.0235,18015,402,0,21,423,7620345
Cette note ne change jamais… et pourtant elle change tout #musique #interstellar #bach,https://www.youtube.com/watch?v=hYHDVX67n4E,0.013947,0.014343,0.002314,0.500115,7.490720,638.122159,2025-10-30 16:01:24,159,0.0230,3530.0000,0.0235,153765,3530,0,79,3609,554937885
"L'art de dompter le feu | Gymnastique, la culture en s'amusant | ARTE",https://www.youtube.com/watch?v=acObd07aCoY,0.011020,0.013271,0.024608,0.499178,0.084349,7.160185,2022-06-07 16:30:00,339,0.0205,218.0000,0.0235,10611,218,0,31,249,2642139
Quand les mères commettent l'irréparable... #documentaire,https://www.youtube.com/watch?v=I8FtknQUC9Y,0.011407,0.013467,0.010528,0.500467,0.551625,46.947791,2024-10-16 15:30:06,60,0.0209,608.0000,0.0235,29107,608,0,75,683,19880081
Le jour où Angela Merkel a découvert Internet | Big Flops | ARTE,https://www.youtube.com/watch?v=K1lo7TkNhTk,0.011659,0.013913,0.017796,0.498913,0.225269,19.182489,2024-06-08 10:00:28,288,0.0225,324.0000,0.0234,14391,324,0,13,337,4849767
"Ayn Rand, la gourou du capitalisme | Gymnastique, la culture en s'amusant | ARTE",https://www.youtube.com/watch?v=xFJ0go1EOBg,0.011563,0.013052,0.006003,0.501318,0.405180,34.607189,2021-10-24 18:00:30,374,0.0199,1177.0000,0.0234,59105,1177,0,206,1383,81742215
La menace des cyberattaques 💻 #hacker #cybersécurité,https://www.youtube.com/watch?v=UBr1SsaK73Y,0.012031,0.014040,0.010218,0.499354,0.283510,24.195504,2023-05-28 16:30:04,60,0.0231,630.0000,0.0234,27267,630,0,8,638,17396346
Cisjordanie : les prisonniers du conflit | ARTE Reportage,https://www.youtube.com/watch?v=qH1k09ChzHE,0.009692,0.011796,0.016127,0.502583,0.349770,29.843227,2024-04-30 13:00:47,782,0.0155,365.0000,0.0234,23549,365,0,186,551,12975499
"La monnaie, excrément du diable | MONEY | ARTE",https://www.youtube.com/watch?v=6C7y0yE4DnE,0.010976,0.020292,0.019118,0.499890,12.389827,1056.664951,2026-06-14 18:00:10,1516,0.0202,297.0000,0.0234,14669,297,0,46,343,5031467
Y a-t-il trop de jeux vidéo ? | Jour de play | ARTE,https://www.youtube.com/watch?v=P1kvGixbgZY,0.011426,0.013252,0.008165,0.500837,0.511481,43.761624,2023-12-24 16:30:03,1316,0.0205,821.0000,0.0234,40127,821,0,116,937,37598999
L’effet photoélectrique : l’effet fou ! | Déclics | ARTE,https://www.youtube.com/watch?v=5L3wG67jB5Q,0.011582,0.015984,0.016464,0.499161,4.338708,370.699192,2026-05-16 10:00:15,1536,0.0222,356.0000,0.0233,16020,356,0,18,374,5991480
Justice climatique : la lutte pour le futur entre dans les tribunaux (3/4) | ARTE,https://www.youtube.com/watch?v=K3v-E-SNkKs,0.011316,0.013701,0.043353,0.496087,0.072684,6.173755,2024-04-28 13:00:15,1086,0.0219,107.0000,0.0233,4884,107,0,7,114,556776
Contamination radioactive : la nouvelle ère nucléaire | Tracks East | ARTE,https://www.youtube.com/watch?v=aqG_BoONN-8,0.011694,0.014845,0.008538,0.500245,5.793461,495.848912,2026-04-16 19:00:06,1834,0.0216,779.0000,0.0233,36118,779,0,64,843,30447474
Le couturier du pape | ARTE Regards,https://www.youtube.com/watch?v=4wicccbJ9RI,0.011723,0.013579,0.007370,0.500484,0.972856,83.299805,2025-01-22 11:00:04,1829,0.0213,926.0000,0.0233,43497,926,0,89,1015,44149455
Moresnet Neutre - Amitié sur le zinc | Bienvenue en Géozarbie | ARTE,https://www.youtube.com/watch?v=VPlZMSbLupk,0.011975,0.014016,0.009485,0.499523,0.606018,51.897207,2024-11-24 19:00:26,663,0.0228,688.0000,0.0233,30144,688,0,15,703,21191232
Camille Claudel vs Auguste Rodin | Duels d'Histoire | ARTE,https://www.youtube.com/watch?v=yS9M1C8T7zA,0.011975,0.013732,0.007084,0.500078,0.514024,44.055307,2023-10-07 13:01:00,688,0.0221,970.0000,0.0233,43839,970,0,52,1022,44803458
Des chorales géniales ! | Twist | ARTE,https://www.youtube.com/watch?v=NnebjOdNakQ,0.011551,0.028290,0.028850,0.497600,13.512994,1153.108864,2026-06-21 18:00:18,1820,0.0226,179.0000,0.0233,7936,179,0,6,185,1468160
Émigrés européens : promesse d'une vie meilleure et trafic d'êtres humains,https://www.youtube.com/watch?v=CCsNVPjBWQs,0.011687,0.014192,0.012027,0.499574,1.454407,124.619998,2025-12-23 06:30:05,102,0.0222,519.0000,0.0233,23349,519,0,25,544,12701856
Papy habite à la crèche | ARTE Regards,https://www.youtube.com/watch?v=w5wpWyRL1Z0,0.011254,0.013554,0.025075,0.498571,0.143349,12.256319,2024-04-10 10:00:49,1838,0.0215,213.0000,0.0233,9918,213,0,18,231,2291058
Qui était Jan Conny ? | Documentaire | ARTE,https://www.youtube.com/watch?v=qbFZWWVKrqI,0.010190,0.013475,0.022086,0.500776,1.924545,164.841946,2026-04-04 10:01:13,1890,0.0177,249.0000,0.0233,14047,249,0,78,327,4593369
Neuroatypie : penser autrement et travailler mieux ?| ARTE Regards,https://www.youtube.com/watch?v=hY9nRtMatIY,0.011850,0.013659,0.006416,0.500493,1.577556,135.454483,2025-06-17 10:01:15,1838,0.0214,1089.0000,0.0233,50960,1089,0,97,1186,60438560
Déchiffrer une langue oubliée : l'élamite linéaire,https://www.youtube.com/watch?v=YRXjLZTx87w,0.014645,0.014206,0.001786,0.500279,11.599621,996.639665,2025-11-29 09:00:50,97,0.0225,4738.0000,0.0233,210547,4738,0,162,4900,1031680300
La manette PS est la meilleure manette ! | Jour de Play | ARTE,https://www.youtube.com/watch?v=V3YQCzQnZkE,0.010873,0.012993,0.016055,0.500367,0.175063,15.027062,2023-02-10 19:00:16,755,0.0198,367.0000,0.0232,18541,367,0,64,431,7991171
"Mais où sont passées les couleurs de Van Gogh ? | Gymnastique, la culture en s'amusant | ARTE",https://www.youtube.com/watch?v=WUAiwGRLYkk,0.012179,0.013867,0.006691,0.499760,0.340638,29.280098,2022-03-25 17:30:02,319,0.0228,1037.0000,0.0232,45557,1037,0,22,1059,48244863
"Est-il vrai qu'autrefois c'était œil pour œil, dent pour dent ? | Est-il vrai que...? | ARTE",https://www.youtube.com/watch?v=zqh5RUG1pjQ,0.011314,0.013960,0.015666,0.499639,1.227903,105.445050,2026-01-11 11:01:47,1449,0.0213,378.0000,0.0232,17733,378,0,34,412,7305996
Le combat des femmes dans le Tennis🎾#tennis #williams,https://www.youtube.com/watch?v=QqbwVNBWptI,0.011709,0.013776,0.012224,0.499437,0.249531,21.452159,2023-08-03 15:30:07,57,0.0224,509.0000,0.0232,22739,509,0,19,528,12006192
La musique comme arme ✊ #pattismith #documentaire,https://www.youtube.com/watch?v=euy2at1OAnU,0.011668,0.013841,0.015105,0.499079,0.248804,21.389793,2024-03-30 17:00:32,60,0.0225,395.0000,0.0232,17538,395,0,12,407,7137966
Japon : pourquoi y a-t-il toujours plus d'attaques d'ours ? #ours #japon #arteinfo,https://www.youtube.com/watch?v=S8Q2qv-zClo,0.011895,0.014331,0.010543,0.499366,1.624476,139.831128,2025-12-20 10:00:56,128,0.0228,607.0000,0.0232,26598,607,0,10,617,16410966
"Maria Telkes, la pionnière de l'énergie solaire | Documentaire | ARTE",https://www.youtube.com/watch?v=hWgcKGKVUw0,0.011343,0.016817,0.044658,0.495729,1.758825,150.323021,2026-05-28 15:30:03,3179,0.0221,103.0000,0.0232,4658,103,0,5,108,503064
RDC : les Galaxionautes | ARTE Reportage,https://www.youtube.com/watch?v=F9WO-KD0avY,0.027316,0.013247,0.000451,0.501189,8.088841,697.824291,2022-04-18 14:00:13,1465,0.0208,22193.0000,0.0232,1069101,22193,0,2591,24784,26496599184
Les Ukrainiens fuient le service militaire | ARTE Regards,https://www.youtube.com/watch?v=ngw56kedwmg,0.009767,0.010534,0.005693,0.505421,1.490215,128.535165,2024-03-06 11:00:42,1815,0.0115,1252.0000,0.0232,108506,1252,0,1263,2515,272892590
"l'Islam vert : l'écologie, un devoir religieux #islam #indonésie #artereportage",https://www.youtube.com/watch?v=DR_R6toVsC8,0.011511,0.014064,0.024886,0.498050,0.427260,36.721338,2025-10-10 16:00:32,103,0.0224,215.0000,0.0232,9583,215,0,7,222,2127426
"Sans elle, il n'y aurait rien. #lumière #cosmos",https://www.youtube.com/watch?v=73yWrl9oXoE,0.011649,0.014118,0.011300,0.499641,1.592160,137.256694,2025-12-26 07:00:06,95,0.0221,559.0000,0.0232,25302,559,0,27,586,14826972
Le mur des lamentations : la fabrique d'un lieu saint | Faire l'histoire | ARTE,https://www.youtube.com/watch?v=gDJsfedJE04,0.010626,0.011954,0.006231,0.502897,0.519350,44.831238,2022-04-24 16:30:05,1036,0.0165,1127.0000,0.0232,68410,1127,0,457,1584,108361440
"UE, il faut qu’on se parle ! | Tracks East | ARTE",https://www.youtube.com/watch?v=_dXwZgmsHwg,0.009482,0.011762,0.030068,0.500842,0.167798,14.439923,2024-06-04 18:00:27,1855,0.0156,170.0000,0.0231,10886,170,0,82,252,2743272
"💥 À la recherche de Monsieur Li, trafiquant d'armes #investigation #mystère",https://www.youtube.com/watch?v=cKeTfalVyHw,0.011691,0.013645,0.010043,0.499772,0.299395,25.834742,2023-05-26 16:30:07,51,0.0220,643.0000,0.0231,29166,643,0,32,675,19687050
L’Europe se prépare à la guerre ? (jeu de rôle) | EUROPARTIE | ARTE,https://www.youtube.com/watch?v=P7cclK5Tw5c,0.011138,0.013575,0.036335,0.497174,0.160012,13.736930,2025-03-29 10:00:28,4186,0.0214,134.0000,0.0231,6267,134,0,11,145,908715
🎤 Comment Whitney Houston a-t-elle conquis un public blanc ?,https://www.youtube.com/watch?v=TE9Bk09vcEQ,0.012222,0.013623,0.005081,0.500220,0.663172,57.313190,2023-05-21 16:30:05,45,0.0220,1429.0000,0.0231,64990,1429,0,74,1503,97679970
Un village italien ouvert au monde | Reportage | ARTE Regards,https://www.youtube.com/watch?v=whtAZsSimEU,0.010783,0.013208,0.012707,0.500913,1.468573,126.839559,2025-12-11 11:01:49,1822,0.0192,486.0000,0.0231,25263,486,0,98,584,14753592
"Halloween, les Zombies et les jeux d'horreurs ! | BiTS | ARTE",https://www.youtube.com/watch?v=L0Fj_hgdO1g,0.011664,0.013335,0.007230,0.500434,0.250261,21.641068,2020-10-31 19:00:02,1732,0.0212,947.0000,0.0231,44707,947,0,86,1033,46182331
"Après un deuil, la vie peut-elle reprendre son cours ? #deuil #mort",https://www.youtube.com/watch?v=cppFS06swt0,0.011515,0.013594,0.010647,0.499940,0.637720,55.129125,2025-02-08 17:00:41,56,0.0216,600.0000,0.0231,27836,600,0,43,643,17898548
A Better World l Teaser d’annonce l Jeux Vidéo l ARTE,https://www.youtube.com/watch?v=_-OGlBehsy8,0.011143,0.013569,0.030068,0.497955,0.220628,19.002670,2025-05-05 09:00:52,38,0.0213,170.0000,0.0231,7967,170,0,14,184,1465928
"Alep-Allemagne : la vie, plus que jamais | ARTE Reportage",https://www.youtube.com/watch?v=T372mTh2Mug,0.011275,0.013709,0.037215,0.496773,0.149693,12.880067,2025-03-24 16:30:13,638,0.0219,130.0000,0.0231,5937,130,0,7,137,813369
La génération Z réinterprète la foi | Tracks East | ARTE,https://www.youtube.com/watch?v=hm9FxzlClQY,0.010471,0.013904,0.013256,0.501328,4.439764,384.551854,2026-04-23 18:00:51,1814,0.0182,462.0000,0.0231,25335,462,0,122,584,14795640
Domaine national français en Terre sainte | Bienvenue en Géozarbie | ARTE,https://www.youtube.com/watch?v=B5Z-XGpEYLM,0.012084,0.013568,0.005203,0.500356,1.250758,108.464208,2024-11-12 19:00:07,671,0.0216,1390.0000,0.0230,64302,1390,0,92,1482,95295564
Carpenter Brut s'est lancé dans la musique grâce aux jeux vidéos 🎮 #carpenterbrut #musique,https://www.youtube.com/watch?v=DBKW266tkhM,0.011538,0.113828,0.132419,0.479167,12.000000,998.000000,2026-06-28 07:00:08,83,0.0230,23.0000,0.0230,998,23,0,0,23,22954
Syrie : rentrer pour reconstruire le pays | ARTE Regards,https://www.youtube.com/watch?v=8wtGAd2vxjQ,0.010351,0.013122,0.034322,0.498700,0.519939,44.872478,2026-01-08 11:00:15,1827,0.0187,144.0000,0.0230,7681,144,0,33,177,1359537
L'histoire des sous-marins | Le mythe des profondeurs | INFOS CLES | ARTE,https://www.youtube.com/watch?v=BAHwJmDVbD8,0.012014,0.013721,0.007211,0.499735,0.248615,21.555663,2021-02-17 19:00:05,529,0.0225,950.0000,0.0230,42181,950,0,22,972,40999932
La vie citadine | Unhappy | ARTE,https://www.youtube.com/watch?v=9DEVybaugQI,0.011414,0.015573,0.009991,0.500191,8.223505,712.804600,2026-05-16 15:30:09,1612,0.0211,647.0000,0.0230,30641,647,0,59,706,21632546
Le réconfort : quel soutien quand tout va mal ? | Twist | ARTE,https://www.youtube.com/watch?v=gP_YJi_4rxI,0.011475,0.014225,0.012599,0.499626,2.070083,179.465483,2026-02-22 19:00:39,1804,0.0217,491.0000,0.0230,22584,491,0,29,520,11743680
Est-il vrai que nous avons toujours été accros au sucre ? | Est-il vrai que...? | ARTE,https://www.youtube.com/watch?v=vKPj4x8pW4A,0.011619,0.016943,0.008969,0.500013,13.875242,1203.796820,2026-05-31 10:00:07,1537,0.0216,735.0000,0.0230,33966,735,0,47,782,26561412
Sur la piste des trafiquants de chiots | Reportage | ARTE Regards,https://www.youtube.com/watch?v=rOYmoU_u8dM,0.010761,0.013304,0.014917,0.500528,1.325535,114.944771,2025-12-31 11:01:38,1812,0.0195,401.0000,0.0230,20595,401,0,73,474,9762030
"USA : avortement, le prix de la douleur | ARTE Reportage",https://www.youtube.com/watch?v=FF1UVJLQywk,0.010196,0.011958,0.008887,0.502676,0.852864,74.069913,2024-10-21 15:30:08,1602,0.0163,743.0000,0.0230,45552,743,0,305,1048,47738496
L'I.A. est-elle taboue ? 🤫 #documentaire #ias,https://www.youtube.com/watch?v=aNyNDNGkyDo,0.011512,0.013853,0.033404,0.496819,0.107960,9.324317,2024-07-24 16:00:00,52,0.0227,149.0000,0.0230,6564,149,0,2,151,991164
"Tigré : viols, l’arme silencieuse | ARTE Reportage",https://www.youtube.com/watch?v=ySHHSEk1lz4,0.012141,0.013400,0.004455,0.500657,1.565666,136.054336,2024-11-25 16:30:18,2240,0.0211,1664.0000,0.0230,78904,1664,0,151,1815,143210760
"Attentats de Bruxelles, 10 ans après | Mémoires à vif | ARTE",https://www.youtube.com/watch?v=phnpkSB2c6I,0.011148,0.015595,0.011351,0.500388,8.041274,698.064629,2026-05-20 15:30:24,3760,0.0204,556.0000,0.0230,27215,556,0,70,626,17036590
Les punchlines d'Alain Delon #alaindelon,https://www.youtube.com/watch?v=Qfz6T5uiESs,0.013823,0.013514,0.002159,0.500492,1.930829,167.952943,2023-08-17 17:00:19,51,0.0217,3819.0000,0.0230,175666,3819,0,219,4038,709339308
"Politique russe : pop, argent, guerre | Tracks East | ARTE",https://www.youtube.com/watch?v=JvdyvZWRyCg,0.010479,0.012905,0.022158,0.500015,0.496903,43.095648,2025-08-28 18:00:24,1963,0.0189,248.0000,0.0230,13096,248,0,53,301,3941896
Iran : le régime des mollahs peut-il tomber ? #iran,https://www.youtube.com/watch?v=CJJeO4fBbI8,0.011051,0.013494,0.010783,0.500645,2.036218,176.953350,2026-01-12 15:45:01,128,0.0200,591.0000,0.0230,29547,591,0,88,679,20062413
🤖 Êtes-vous manipulé par l'I.A. ? #chatgpt #technologies,https://www.youtube.com/watch?v=2KLycFyZjeM,0.011489,0.013680,0.016503,0.499001,0.259506,22.532730,2024-07-17 16:00:03,37,0.0222,355.0000,0.0230,16020,355,0,13,368,5895360
Le jeûne est-il une nouvelle religion ? | Les Idées Larges | ARTE,https://www.youtube.com/watch?v=JZkfQioAfCo,0.011335,0.013558,0.009053,0.500465,1.889756,164.341026,2025-11-26 14:00:29,1340,0.0207,727.0000,0.0230,35177,727,0,81,808,28423016
Un monde sans violence est-il possible ? | 42 - La réponse à presque tout | ARTE,https://www.youtube.com/watch?v=DcbR1lYMgg0,0.011753,0.013094,0.004958,0.501083,1.422763,123.835502,2024-11-15 14:00:22,1719,0.0201,1470.0000,0.0230,73069,1470,0,208,1678,122609782
Les Néerlandaises luttent pour leurs droits | Reportage | ARTE Regards,https://www.youtube.com/watch?v=pkOWI4GzfoU,0.010683,0.013312,0.036551,0.497769,0.334531,28.947788,2025-11-10 11:01:36,1813,0.0200,133.0000,0.0230,6663,133,0,20,153,1019439
"Ombres du Passé, Éclats du Futur 🕰️🔍✨  #PhilipKDick #documentaire  #arte",https://www.youtube.com/watch?v=48lqTWK0s7Y,0.011680,0.013710,0.011597,0.499368,0.297587,25.874552,2023-12-05 18:30:03,60,0.0224,542.0000,0.0230,24215,542,0,14,556,13463540
🦛 Les hippopotames de Pablo Escobar #écosystème #animaux,https://www.youtube.com/watch?v=d2ED60309CM,0.012957,0.013796,0.003378,0.499901,1.085422,94.523647,2023-07-28 16:30:06,58,0.0227,2289.0000,0.0230,100757,2289,0,24,2313,233050941
Paris 8 la fac hip-hop | Interview | Arte,https://www.youtube.com/watch?v=71iBrHt9ygs,0.011209,0.013367,0.022305,0.498718,0.051483,4.468505,2019-06-21 16:30:00,554,0.0215,246.0000,0.0230,11457,246,0,17,263,3013191
L'ouragan Hélène dans la campagne électorale des États-Unis 🇺🇸 #ouragan #trump #biden #expresso,https://www.youtube.com/watch?v=kErpRd9eKvI,0.011378,0.013719,0.031405,0.497259,0.132032,11.438533,2024-10-04 05:00:33,60,0.0223,161.0000,0.0229,7234,161,0,5,166,1200844
"La dyslexie, un trouble mal compris | ARTE",https://www.youtube.com/watch?v=gA5hMxKt2xU,0.012565,0.015707,0.003581,0.500504,27.258799,2374.814199,2026-05-17 15:30:17,3198,0.0215,2141.0000,0.0229,99710,2141,0,147,2288,228136480
"AK-47, arme de destruction facile | Faire l'histoire | ARTE",https://www.youtube.com/watch?v=kOva3jaHxLg,0.010978,0.025338,0.015331,0.500024,27.130801,2360.070692,2026-06-20 13:00:32,971,0.0203,388.0000,0.0229,19094,388,0,50,438,8363172
Est-il vrai que la chasse aux sorcières commence dès le Moyen Âge ? | Est-il vrai que...? | ARTE,https://www.youtube.com/watch?v=UYm91G3i_tw,0.012093,0.014077,0.005309,0.500187,4.631144,403.551623,2026-01-25 11:00:48,1524,0.0218,1358.0000,0.0229,62217,1358,0,69,1427,88783659
Quel impact ont nos déchets sur la planète ? | 42 - La réponse à presque tout | ARTE,https://www.youtube.com/watch?v=blUnBp3_mzk,0.011155,0.015400,0.014102,0.499882,5.364023,466.862788,2026-05-15 13:01:06,1771,0.0208,429.0000,0.0229,20584,429,0,43,472,9715648
Cauchemar en Géorgie | Tracks East | ARTE,https://www.youtube.com/watch?v=6m8HFEJISVY,0.010667,0.012560,0.009225,0.501624,0.889540,77.510490,2025-02-11 16:30:01,1864,0.0183,711.0000,0.0229,38906,711,0,181,892,34704152
"En Turquie, une vague de protestation | ARTE Regards",https://www.youtube.com/watch?v=Af5C5pOuWrQ,0.009557,0.011742,0.016164,0.502407,0.700642,61.033120,2025-06-05 10:00:31,1828,0.0154,364.0000,0.0229,23694,364,0,179,543,12865842
Maroc : la révolte de la Gen Z | ARTE Reportage,https://www.youtube.com/watch?v=ph60mZ-dbME,0.010999,0.012790,0.006179,0.501932,3.324925,289.981593,2025-11-24 16:30:20,1478,0.0182,1138.0000,0.0229,62620,1138,0,297,1435,89859700
Des femmes routières indiennes en Europe | ARTE Regards,https://www.youtube.com/watch?v=NQ_ptCmO01E,0.010279,0.012435,0.017887,0.500866,0.283943,24.730100,2024-07-08 10:00:31,1836,0.0181,322.0000,0.0229,17811,322,0,86,408,7266888
L'histoire des nazis pilleurs d'art 🖼️,https://www.youtube.com/watch?v=06nP1tiJ9ak,0.011552,0.014313,0.011615,0.499525,2.402829,209.642607,2026-03-03 06:30:00,159,0.0220,541.0000,0.0229,24604,541,0,22,563,13852052
Un virage à droite en Autriche ? #Autriche #Elections #Extrêmedroite #expresso,https://www.youtube.com/watch?v=GBh9d7K2TPM,0.010971,0.012762,0.008233,0.501257,0.761288,66.473778,2024-09-27 14:00:14,55,0.0191,813.0000,0.0229,42480,813,0,159,972,41290560
Il a passé 10 ans dans une des pires prisons russes | #goulag #histoire,https://www.youtube.com/watch?v=K9z3SIbiAR4,0.011683,0.015716,0.007316,0.500177,12.040125,1051.391529,2026-05-18 05:30:07,120,0.0215,934.0000,0.0229,43531,934,0,62,996,43356876
Le Combat des Invisibles  #france  #sanspapiers,https://www.youtube.com/watch?v=MXUUxuKfmmc,0.011493,0.013570,0.013729,0.499297,0.226219,19.735525,2023-09-13 17:00:12,60,0.0220,443.0000,0.0229,20109,443,0,17,460,9250140
Légaliser le cannabis : une fausse bonne idée ? | Les questions qui fâchent | ARTE,https://www.youtube.com/watch?v=LDnd408XhlY,0.011417,0.012925,0.004286,0.502254,8.111935,708.964274,2026-02-10 16:30:07,1762,0.0178,1740.0000,0.0229,97798,1740,0,497,2237,218774126
Russie : spirale de brutalité | Tracks East | ARTE,https://www.youtube.com/watch?v=vtBCwYx9P9M,0.010402,0.012171,0.009053,0.502116,0.627701,54.835244,2024-05-21 18:00:36,1818,0.0173,727.0000,0.0229,42107,727,0,236,963,40549041
Le short squeeze GameStop | Big Flops | ARTE,https://www.youtube.com/watch?v=TrST1uE7Pwo,0.011115,0.013318,0.019496,0.499155,0.204212,17.813771,2024-05-18 09:00:19,354,0.0211,290.0000,0.0229,13739,290,0,24,314,4314046
"L'or, devenu inutile ?",https://www.youtube.com/watch?v=eY5ansFyI6A,0.012091,0.013825,0.004758,0.500404,4.619834,404.375619,2026-01-01 06:30:21,180,0.0214,1542.0000,0.0228,72125,1542,0,105,1647,118789875
Le combat de Sophie Rollet #goodyear #SophieRollet,https://www.youtube.com/watch?v=N2xiSadS8j8,0.011478,0.013530,0.013114,0.499379,0.236674,20.687607,2023-09-01 16:15:01,60,0.0219,468.0000,0.0228,21328,468,0,19,487,10386736
Comment on dit un gars sûr en allemand 🇩🇪 🧐 #allemand,https://www.youtube.com/watch?v=44LUDhTlocs,0.011747,0.013719,0.010287,0.499363,0.367446,32.133886,2024-02-15 13:26:40,50,0.0225,625.0000,0.0228,27766,625,0,9,634,17603644
A-t-on réellement besoin d'une maison ? 🏠 #culture #ideal,https://www.youtube.com/watch?v=TTv1Dp0stjo,0.010907,0.012650,0.008519,0.501261,0.429509,37.583398,2023-07-02 16:30:05,56,0.0190,781.0000,0.0228,41039,781,0,156,937,38453543
Les bâtisseurs de Stonehenge | Enquêtes archéologiques | ARTE,https://www.youtube.com/watch?v=aSD0a3lHq1s,0.011244,0.014895,0.011949,0.499969,4.992053,436.585714,2026-05-02 13:00:06,1601,0.0210,523.0000,0.0228,24925,523,0,46,569,14182325
La chute de l'empire romain #shorts,https://www.youtube.com/watch?v=L2_U6MmZMPU,0.011476,0.013402,0.010722,0.499761,0.209538,18.330708,2022-05-19 17:00:09,53,0.0216,595.0000,0.0228,27513,595,0,33,628,17278164
1143 - La traduction du Coran | Quand l'histoire fait dates | ARTE,https://www.youtube.com/watch?v=xCYGtJUm3fI,0.013836,0.012933,0.001912,0.501682,8.559979,750.611198,2025-08-28 13:01:51,1600,0.0192,4385.0000,0.0228,228253,4385,0,820,5205,1188056865
Une nouvelle mode après la pandémie ??! 🧐#shorts #fashion #coiffure,https://www.youtube.com/watch?v=d9rH3LJqago,0.011632,0.013635,0.012450,0.499178,0.164072,14.365826,2022-04-05 13:50:43,40,0.0224,498.0000,0.0228,22196,498,0,8,506,11231176
Etats-Unis : le blues des démocrates | ARTE Reportage,https://www.youtube.com/watch?v=VlfaKa-u7Ok,0.009823,0.011713,0.011003,0.502703,0.746965,65.462891,2024-12-12 16:30:07,831,0.0157,577.0000,0.0228,36852,577,0,263,840,30955680
Les obsèques des défunts sans famille | ARTE Regards,https://www.youtube.com/watch?v=Z6ft3uvcpHA,0.010430,0.014197,0.015331,0.500860,4.337581,379.877889,2026-05-04 10:01:00,1826,0.0185,388.0000,0.0228,20975,388,0,90,478,10026050
Températures extrêmes en Inde 🥵 #inde #clima #artereportage,https://www.youtube.com/watch?v=r0WqzrPh_O0,0.011122,0.013482,0.030647,0.497653,0.177027,15.452366,2025-02-13 17:00:59,76,0.0215,166.0000,0.0228,7725,166,0,10,176,1359600
🚺​ Corée du Nord : la place des femmes évolue #culture #reportage #arteinfo,https://www.youtube.com/watch?v=HT9K6b9qK94,0.011245,0.013804,0.029650,0.497569,0.364541,31.829887,2025-10-23 09:00:20,152,0.0219,173.0000,0.0228,7902,173,0,7,180,1422360
"Edgar Morin, journal d'une vie | Documentaire | ARTE",https://www.youtube.com/watch?v=HD1OtHm8Jso,0.011968,0.016542,0.004777,0.500582,28.573856,2508.096300,2026-05-30 10:15:32,3254,0.0210,1535.0000,0.0228,73249,1535,0,133,1668,122179332
Centrafrique : le soft power russe | ARTE Reportage (2022),https://www.youtube.com/watch?v=kur7ToniSZA,0.010068,0.103864,0.028467,0.499721,106.802893,9342.732051,2026-06-27 13:00:01,1500,0.0179,182.0000,0.0228,10191,182,0,50,232,2364312
Ils ont piraté la télé chinoise 🤯📺 #hacker  #documentaire,https://www.youtube.com/watch?v=3ZSUPnOh8Os,0.011580,0.013593,0.011651,0.499362,0.307469,26.971818,2024-01-09 17:30:00,52,0.0222,539.0000,0.0228,24299,539,0,14,553,13437347
Un mystère au fond des mers 🧐 #Reportage #Corse,https://www.youtube.com/watch?v=sS5x5Rx2bSE,0.012970,0.013860,0.003232,0.499872,3.078955,270.483572,2025-05-30 16:01:29,103,0.0226,2408.0000,0.0228,106561,2408,0,17,2425,258410425
Sommes-nous trop nombreux ? | Les questions qui fâchent | ARTE,https://www.youtube.com/watch?v=M6cQ0WKBjNg,0.011748,0.011838,0.003149,0.503141,3.322362,291.904569,2025-01-15 19:00:14,1643,0.0161,2481.0000,0.0228,154371,2481,0,1032,3513,542305323
"Madness - Prince du ska, roi de la pop | Documentaire | ARTE",https://www.youtube.com/watch?v=TgsCw9CzQR0,0.012119,0.014283,0.004229,0.500645,11.460185,1006.995999,2026-04-05 15:30:18,3174,0.0209,1767.0000,0.0227,84574,1767,0,157,1924,162720376
"Ukraine : « Nova Poshta », la poste sur le front | ARTE Reportage",https://www.youtube.com/watch?v=uehQctkHtuc,0.010587,0.012782,0.022014,0.499643,0.173774,15.230438,2024-03-07 14:00:45,732,0.0195,250.0000,0.0227,12840,250,0,42,292,3749280
Comment la NASA a inventé... les couches ! 🚀 #iss #astronaute,https://www.youtube.com/watch?v=EMG14oQEpB4,0.011877,0.013983,0.006902,0.499810,2.718819,238.949615,2025-12-21 09:30:08,167,0.0221,1000.0000,0.0227,45218,1000,0,28,1028,46484104
Philippines : la bataille du divorce | ARTE,https://www.youtube.com/watch?v=XuAEjESu6XY,0.011199,0.013055,0.008182,0.500714,0.976955,85.862595,2025-03-10 16:30:08,1507,0.0201,819.0000,0.0227,40780,819,0,108,927,37803060
Retour à la nature | L’architecture thérapeutique | ARTE,https://www.youtube.com/watch?v=RuuI0bKZJV0,0.011515,0.015492,0.009149,0.499904,8.416454,739.782984,2026-05-14 13:00:48,1582,0.0215,718.0000,0.0227,33357,718,0,40,758,25284606
Censurée car elle dénonçait 😡 #pattismith #musique,https://www.youtube.com/watch?v=6ST6yd2Ae5E,0.011639,0.013559,0.009639,0.499571,0.415708,36.557147,2024-03-14 17:00:04,33,0.0221,675.0000,0.0227,30559,675,0,19,694,21207946
George Floyd mort d'une overdose ? -#DésintoxArte,https://www.youtube.com/watch?v=jxXueQR4TMA,0.010488,0.012338,0.010647,0.501463,0.335310,29.490383,2023-06-01 19:00:15,60,0.0181,600.0000,0.0227,33113,600,0,152,752,24900976
Mort en Silence  #exploitation #mineure #crime,https://www.youtube.com/watch?v=UNjOumf3X2E,0.011409,0.013430,0.012577,0.499472,0.252966,22.239382,2023-09-14 17:00:15,60,0.0217,492.0000,0.0227,22638,492,0,22,514,11635932
Le phénomène Godlywood : Quand L'Eglise fait son cinéma ! | ARTE,https://www.youtube.com/watch?v=KJtX67QmPZ4,0.009777,0.011737,0.012326,0.502448,0.651999,57.368705,2024-12-20 10:00:18,3200,0.0158,504.0000,0.0227,31852,504,0,219,723,23028996
Bienvenue en Géozarbie | Rockall - Bisbille sous roche | ARTE,https://www.youtube.com/watch?v=Bqh8kl67mFU,0.011928,0.013618,0.006519,0.499802,0.889630,78.326379,2024-10-20 15:30:03,665,0.0222,1069.0000,0.0227,48248,1069,0,26,1095,52831560
Israël : le cauchemar des otages | ARTE Reportage,https://www.youtube.com/watch?v=z8BgyuiQMoM,0.010021,0.011770,0.008427,0.502862,1.462967,128.876672,2025-06-02 15:30:38,1482,0.0157,791.0000,0.0227,50389,791,0,352,1143,57594627
Les derniers Grecs de Turquie | ARTE Regards,https://www.youtube.com/watch?v=XwRIZHZCPuA,0.011509,0.011756,0.003439,0.503067,1.965269,173.274446,2024-04-15 10:00:24,1792,0.0161,2243.0000,0.0227,139350,2243,0,917,3160,440346000
Moi et les douleurs chroniques | Psycho | ARTE,https://www.youtube.com/watch?v=xvw2SfRuIVs,0.010974,0.013121,0.010163,0.500635,1.348158,118.764144,2025-10-02 09:01:37,1613,0.0198,634.0000,0.0227,31978,634,0,91,725,23184050
Iran - Escalade au Moyen-Orient | Zone de conflit | ARTE,https://www.youtube.com/watch?v=tcen5bhRKUs,0.010258,0.017373,0.024700,0.499793,6.714496,590.422959,2026-06-08 18:00:10,1764,0.0185,217.0000,0.0227,11739,217,0,49,266,3122574
C’est parti ! | L’appart du futur – Bienvenue dans la « biosphère urbaine » (1/8) | ARTE,https://www.youtube.com/watch?v=ezs1waWOSzk,0.011550,0.013604,0.008024,0.500042,1.736421,153.090256,2025-10-15 15:30:34,756,0.0214,838.0000,0.0227,39189,838,0,50,888,34799832
🔥Incendies géants dans le monde,https://www.youtube.com/watch?v=94vmmiu6lAw,0.011302,0.013234,0.011300,0.499828,0.212958,18.765212,2022-08-24 14:21:28,58,0.0212,559.0000,0.0227,26347,559,0,38,597,15729159
Il utilise ChatGPT comme si c'était Google,https://www.youtube.com/watch?v=9UKNqpABr4M,0.011351,0.013399,0.006826,0.500732,3.170312,279.974535,2025-12-31 07:30:08,83,0.0202,1013.0000,0.0226,50205,1013,0,123,1136,57032880
Les pionnières du football féminin #Football #Féminin #competition,https://www.youtube.com/watch?v=PNbm-Q952_s,0.011335,0.013723,0.020364,0.498469,0.448840,39.539150,2025-08-17 09:00:27,127,0.0221,275.0000,0.0226,12465,275,0,7,282,3515130
"Le monde féérique de Moscou, la réalité glaciale de la Sibérie | Tracks East | ARTE",https://www.youtube.com/watch?v=ILfflg_oLDs,0.011241,0.013390,0.006884,0.500913,3.827400,338.172677,2026-01-29 19:00:17,1861,0.0198,1003.0000,0.0226,50672,1003,0,143,1146,58070112
Valoriser nos déchets | Biosphère du désert : la prépa d'une mission low-tech (2/5) | ARTE,https://www.youtube.com/watch?v=r4O_Kw5SL8A,0.011901,0.013382,0.005720,0.500077,0.691250,61.111610,2023-11-30 14:00:39,1312,0.0216,1245.0000,0.0226,57509,1245,0,55,1300,74761700
L’ésotérisme : une doctrine dangereuse ? | Les questions qui fâchent | ARTE,https://www.youtube.com/watch?v=b6j6U7gRLkM,0.010637,0.012705,0.010768,0.501046,1.052455,93.124526,2025-07-25 09:01:02,1582,0.0188,592.0000,0.0226,31500,592,0,119,711,22396500
Inde-Chine : la revanche des filles | ARTE Reportage,https://www.youtube.com/watch?v=AI6uaKdWi8Y,0.016326,0.014029,0.001185,0.500843,42.261118,3744.271106,2026-03-23 16:30:06,2273,0.0208,7533.0000,0.0226,362988,7533,0,660,8193,2973960684
Délocaliser le droit d'asile ? | Décryptage | ARTE,https://www.youtube.com/watch?v=SIwebnO5_EY,0.010097,0.012684,0.032042,0.499034,0.453602,39.995644,2025-11-24 14:00:53,563,0.0182,157.0000,0.0226,8641,157,0,38,195,1684995
L’Euro monnaie incomplète | MONEY | ARTE,https://www.youtube.com/watch?v=oeDwmUYkhq0,0.010659,0.016408,0.014185,0.500420,9.524449,843.019138,2026-06-02 13:00:05,1342,0.0194,426.0000,0.0226,21995,426,0,70,496,10909520
Accompagner les hommes face au deuil | ARTE Regards,https://www.youtube.com/watch?v=iw_EUOCZfPo,0.010948,0.013284,0.027268,0.498175,0.231432,20.442063,2025-04-07 10:00:58,1832,0.0210,192.0000,0.0225,9142,192,0,14,206,1883252
Mobilisation en Ukraine | Tracks East | ARTE,https://www.youtube.com/watch?v=BiVoFgLlK2o,0.009496,0.010963,0.008165,0.503895,1.021662,90.639124,2024-08-27 15:30:02,1868,0.0135,821.0000,0.0225,60727,821,0,547,1368,83074536
En finir avec les jeux trop intellos ? | Jour de play - La Sauvegarde | ARTE,https://www.youtube.com/watch?v=J01LfrAcO1A,0.011000,0.012884,0.010314,0.500423,0.387522,34.376543,2024-01-07 11:00:12,1020,0.0201,623.0000,0.0225,31048,623,0,76,699,21702552
Bulgarie : le super prof de physique | Reportage | ARTE Regards,https://www.youtube.com/watch?v=jBhvPhSJX8k,0.013772,0.013633,0.002040,0.500683,13.366989,1187.252983,2026-01-15 11:01:30,1838,0.0209,4074.0000,0.0225,194915,4074,0,314,4388,855287020
1521 - La conquête de Mexico | Quand l'histoire fait dates | ARTE,https://www.youtube.com/watch?v=DwPfPp_SNkE,0.013363,0.013113,0.002226,0.501044,6.540976,581.128078,2025-08-17 13:00:17,1599,0.0201,3689.0000,0.0225,183108,3689,0,432,4121,754588068
"C'est une star, mais au Studio 🌟🎶  #documentaire  #marvingaye",https://www.youtube.com/watch?v=ReyMQAhuuac,0.011100,0.013168,0.015105,0.499457,0.229427,20.358807,2023-12-19 18:30:14,42,0.0210,395.0000,0.0225,18768,395,0,27,422,7920096
7500 euros pour dénoncer un sans papier ? 💰 #désintox,https://www.youtube.com/watch?v=3ngaA1x64TI,0.010732,0.012796,0.014855,0.500134,0.297933,26.446054,2024-05-17 15:30:01,56,0.0197,403.0000,0.0225,20416,403,0,56,459,9370944
Travailler a-t-il un sens ? Les idées larges | ARTE,https://www.youtube.com/watch?v=mU9jMhXLTN0,0.015403,0.013252,0.001401,0.500432,2.450356,218.022443,2022-11-03 08:33:55,1465,0.0214,6235.0000,0.0225,290684,6235,0,298,6533,1899038572
Il y a des injonctions qui collent à la peau. #féminisme #dietculture #podcast,https://www.youtube.com/watch?v=xMfgoxpvt_E,0.011465,0.013200,0.007594,0.500148,0.672548,59.794106,2024-07-18 15:30:24,49,0.0211,894.0000,0.0225,42453,894,0,60,954,40500162
Indonésie : le pari de l’islam vert | ARTE Reportage,https://www.youtube.com/watch?v=z7_266m5oc0,0.011896,0.012998,0.003918,0.501160,4.062706,361.455855,2025-09-29 15:30:39,1487,0.0196,1930.0000,0.0225,98311,1930,0,279,2209,217168999
Crimes de guerre en Ukraine : collecter les preuves | ARTE Regards,https://www.youtube.com/watch?v=IG1P7mAGY2g,0.008990,0.010870,0.015168,0.503213,0.269066,23.920986,2023-02-27 11:00:19,1930,0.0135,393.0000,0.0225,29116,393,0,261,654,19041864
1720 - La faillite de Law | Quand l'histoire fait dates | ARTE,https://www.youtube.com/watch?v=MHomkynrrV0,0.013394,0.013542,0.002390,0.500282,5.740199,511.074098,2025-08-24 13:00:39,1599,0.0216,3401.0000,0.0225,157457,3401,0,135,3536,556767952
Tonton du bled : naissance d'un tube 🔥 #rimk #djmehdi,https://www.youtube.com/watch?v=wEd8JiCEvHA,0.016932,0.013494,0.001081,0.500148,6.568604,585.361192,2024-09-18 15:01:03,51,0.0220,8354.0000,0.0224,379318,8354,0,158,8512,3228754816
"Calais : femmes, un exil de souffrances | ARTE Reportage",https://www.youtube.com/watch?v=K-QNxcTQ_vA,0.010978,0.013279,0.023395,0.498535,0.281827,25.023492,2025-04-14 15:30:08,750,0.0211,232.0000,0.0224,11010,232,0,15,247,2719470
Babel numérique | Le code a changé | ARTE,https://www.youtube.com/watch?v=RPckvIkNWhE,0.012085,0.013126,0.004136,0.500502,1.306324,116.416305,2024-06-12 15:30:06,941,0.0209,1813.0000,0.0224,86845,1813,0,135,1948,169174060
385 millions de personnes intoxiquées aux pesticides ? - Désintox #pesticides #intoxication,https://www.youtube.com/watch?v=Z40jzYwXbZY,0.011084,0.013140,0.016091,0.499301,0.155403,13.821338,2023-01-20 20:00:15,60,0.0211,366.0000,0.0224,17343,366,0,23,389,6746427
Le David et Goliath | Scandale dans le monde de l'art (2/3) | ARTE,https://www.youtube.com/watch?v=DvxPboH0DTg,0.011392,0.015360,0.011266,0.499478,6.168963,549.154481,2026-05-12 13:00:20,1649,0.0217,561.0000,0.0224,25860,561,0,19,580,14998800
Expatriés roumains : partir ou revenir ? | ARTE Regards,https://www.youtube.com/watch?v=yZ76J00B2zQ,0.010684,0.013477,0.013280,0.500395,2.436501,217.022629,2026-03-11 11:01:43,1827,0.0195,461.0000,0.0224,23693,461,0,70,531,12580983
Hitler a-t-il inventé l'autoroute ? | Est-il vrai que...? | ARTE,https://www.youtube.com/watch?v=q-dcuv2LK-k,0.011501,0.013157,0.005960,0.500577,2.023495,180.457235,2025-08-10 10:01:23,1504,0.0204,1187.0000,0.0224,58146,1187,0,116,1303,75764238
Années 80 : La nostalgie tendance | BiTS #106 | ARTE,https://www.youtube.com/watch?v=QL3p4DnDhEA,0.011909,0.012697,0.003923,0.501063,0.534238,47.671852,2020-11-20 17:30:01,628,0.0198,1927.0000,0.0224,97532,1927,0,258,2185,213107420
Les hommes votent plus à droite? 🤔 #élections #expresso #arte,https://www.youtube.com/watch?v=NY3izvNNWTg,0.011002,0.013139,0.014555,0.499620,0.459004,40.920155,2025-02-26 17:00:24,97,0.0207,413.0000,0.0224,19925,413,0,33,446,8886550
Fake News - un triomphe ? | Tracks East | ARTE,https://www.youtube.com/watch?v=TMuyN37mb1I,0.010971,0.012674,0.007179,0.501116,1.318012,117.729107,2025-04-29 18:00:25,1846,0.0191,955.0000,0.0224,50021,955,0,164,1119,55973499
Allemagne : s’engager pour défendre son pays | Reportage | ARTE Regards,https://www.youtube.com/watch?v=nwakBIQ93b8,0.009989,0.012320,0.014047,0.501480,1.363596,121.719608,2025-12-03 11:01:50,1836,0.0171,431.0000,0.0224,25217,431,0,133,564,14222388
Internet ne pollue pas - Vrai ou Faux ? | Data Science vs Fake | ARTE,https://www.youtube.com/watch?v=6YMRB4bgQ-o,0.012235,0.012975,0.003684,0.500565,0.454479,40.625190,2019-10-05 20:55:09,153,0.0208,2072.0000,0.0224,99847,2072,0,161,2233,222958351
Cuba en pleine crise économique #cuba #inflation #crise #reportage #arteinfo #artereportage,https://www.youtube.com/watch?v=6atIsRDwM20,0.012303,0.013181,0.003424,0.500735,4.166610,372.484107,2025-09-05 17:00:09,94,0.0204,2254.0000,0.0224,110227,2254,0,211,2465,271709555
"Les voitures autonomes ont-elles une morale ? | Gymnastique, la culture en s'amusant | ARTE",https://www.youtube.com/watch?v=icKz8P2Hf2o,0.011355,0.012988,0.007565,0.500263,0.310531,27.748031,2022-03-19 19:00:20,357,0.0207,898.0000,0.0224,43338,898,0,71,969,41994522
Vétérinaires : au bord du burn-out | ARTE Regards,https://www.youtube.com/watch?v=0_V2R5_vWnw,0.011504,0.012524,0.004567,0.501321,0.832736,74.453767,2023-05-18 10:00:01,1944,0.0191,1617.0000,0.0224,84670,1617,0,276,1893,160280310
"La Croatie, une carte postale et des mines | ARTE Regards",https://www.youtube.com/watch?v=P6ygBOQBJR8,0.011098,0.015117,0.027974,0.497675,1.848120,164.511434,2026-05-07 10:00:51,1812,0.0217,186.0000,0.0224,8590,186,0,6,192,1649280
Le charisme est-il un (super) pouvoir ? | Les idées larges | ARTE,https://www.youtube.com/watch?v=A324KzWSLHg,0.012659,0.013313,0.003139,0.500321,2.846101,254.628571,2025-03-26 14:00:09,1375,0.0213,2490.0000,0.0223,116887,2490,0,122,2612,305308844
Calm Down : le pouvoir du silence | Twist | ARTE,https://www.youtube.com/watch?v=3SFJL6S9avk,0.011243,0.013940,0.007952,0.500352,5.094495,455.555677,2026-03-29 18:00:05,1825,0.0205,847.0000,0.0223,41402,847,0,78,925,38296850
"""Il y a une réelle possibilité d'abus de pouvoir des gouvernements"" | ARTE",https://www.youtube.com/watch?v=TM0J6318ink,0.013163,0.012427,0.002215,0.501560,0.973924,87.201687,2020-05-04 13:31:29,754,0.0189,3710.0000,0.0223,195861,3710,0,664,4374,856696014
Biélorussie : résister depuis l’extérieur | ARTE Reportage,https://www.youtube.com/watch?v=UElfcBu3CnQ,0.009823,0.011605,0.011930,0.502109,0.172399,15.424327,2020-09-30 18:00:05,773,0.0162,524.0000,0.0223,32343,524,0,198,722,23351646
Psychédélique | La science des expériences mystiques | ARTE,https://www.youtube.com/watch?v=3eAZ5LREaU4,0.011289,0.013549,0.008131,0.500198,2.853571,255.455513,2026-01-23 16:30:01,3387,0.0207,825.0000,0.0223,39837,825,0,64,889,35415093
"Octobre 1860, le sac du Palais d'été de Pékin | Quand l'histoire fait dates | ARTE",https://www.youtube.com/watch?v=-xWTZxh5m50,0.013284,0.013161,0.002251,0.500962,8.747057,783.850572,2025-11-09 14:00:00,1599,0.0201,3643.0000,0.0223,181108,3643,0,398,4041,731857428
Israël : la guerre qui divise | ARTE Reportage,https://www.youtube.com/watch?v=4ykl8I4pypI,0.008617,0.010729,0.014268,0.503949,1.654393,148.139917,2025-11-03 16:30:05,1502,0.0121,423.0000,0.0223,35101,423,0,360,783,27484083
Dans le quotidien des femmes au service du Reich 👀 #documentaire #histoire,https://www.youtube.com/watch?v=FIT9dSnQBYk,0.011462,0.013310,0.009138,0.499637,0.478731,42.879320,2024-05-14 16:00:13,60,0.0216,719.0000,0.0223,33230,719,0,22,741,24623430
LSDauphins | Big Flops | ARTE,https://www.youtube.com/watch?v=snaTERF-e_o,0.011417,0.013050,0.007515,0.500097,0.327015,29.317101,2022-06-18 18:00:29,360,0.0210,905.0000,0.0223,43122,905,0,56,961,41440242
🎬 Une vraie légende du cinoche #jacknicholson #EnModeVHS,https://www.youtube.com/watch?v=jHDxzXjmV_8,0.011144,0.013163,0.014614,0.499279,0.186589,16.706426,2023-04-30 16:30:15,50,0.0213,411.0000,0.0223,19295,411,0,19,430,8296850
"13 novembre : ""Le temps n'a rien apaisé"" | Décryptage | ARTE",https://www.youtube.com/watch?v=nxntSAgEhzg,0.010502,0.013053,0.033404,0.497927,0.370704,33.073810,2025-11-12 16:30:23,889,0.0198,149.0000,0.0223,7539,149,0,19,168,1266552
"Le poisson Killi et des rides, quel est le rapport ?",https://www.youtube.com/watch?v=c-t6GkJJ_PI,0.010836,0.012899,0.020243,0.499056,0.063026,5.638001,2019-12-14 17:30:01,335,0.0206,277.0000,0.0223,13463,277,0,23,300,4038900
Au secours des enfants | ARTE Regards,https://www.youtube.com/watch?v=o5XeDKf-mPw,0.011091,0.012938,0.009991,0.500116,0.370849,33.251030,2023-11-22 11:00:45,1934,0.0205,647.0000,0.0223,31561,647,0,56,703,22187383
"Thorin, le dernier Néandertalien 🦖 #prehistoire #documentaire",https://www.youtube.com/watch?v=kRSq6KuqQ64,0.010631,0.012849,0.023072,0.499033,0.228404,20.435230,2024-11-27 17:00:53,53,0.0200,236.0000,0.0223,11810,236,0,27,263,3106030
L'Héritage Queer de Virginia Woolf 🌈✨ #orlando  #documentaire  #arte,https://www.youtube.com/watch?v=W8UwI7gyN5A,0.011229,0.013113,0.010371,0.499789,0.357189,32.031373,2023-12-24 18:00:13,60,0.0211,619.0000,0.0223,29369,619,0,35,654,19207326
Venise peut-elle lutter contre la montée des eaux ? | #venise #inondations,https://www.youtube.com/watch?v=0SIJj1jwbrY,0.011369,0.019674,0.010413,0.499523,20.729185,1859.629490,2026-06-13 07:00:10,127,0.0216,616.0000,0.0223,28528,616,0,19,635,18115280
"Les Simpson, visionnaires du nouveau nom de Twitter ? Désintox | ARTE #Simpson #TwitterX #musk",https://www.youtube.com/watch?v=n6KhVNdC98U,0.011489,0.013304,0.009170,0.499546,0.346133,31.058501,2023-08-04 19:00:22,60,0.0218,716.0000,0.0223,32886,716,0,16,732,24072552
Un festin à l’Elysée pour 6 millions d’euros ?  #princecharles #versailles,https://www.youtube.com/watch?v=T9YByoztDIk,0.010834,0.012931,0.015430,0.499680,0.346173,31.036121,2024-10-25 16:00:25,60,0.0203,385.0000,0.0223,18962,385,0,37,422,8001964
Banques en lignes : argent bloqué et escroqueries,https://www.youtube.com/watch?v=t51EXHtixnI,0.011481,0.013849,0.006961,0.500111,4.546588,408.248018,2026-03-05 06:30:34,173,0.0210,990.0000,0.0223,47096,990,0,58,1048,49356608
Tapis turcs passés de mode | ARTE Regards,https://www.youtube.com/watch?v=xu3mBuTL06s,0.010804,0.013019,0.017313,0.499453,0.449472,40.325151,2025-05-16 09:01:35,1812,0.0203,335.0000,0.0222,16463,335,0,31,366,6025458
Soudan : la mort aux trousses | ARTE Reportage,https://www.youtube.com/watch?v=m3ZtT3Si_4A,0.011667,0.013621,0.005346,0.500376,5.275851,474.300838,2026-02-11 16:30:21,1516,0.0207,1347.0000,0.0222,64953,1347,0,97,1444,93792132
"Crète, le mythe du labyrinthe | Enquêtes archéologiques | ARTE",https://www.youtube.com/watch?v=IjCfE57qpJA,0.011467,0.019732,0.008225,0.499769,27.964797,2513.584645,2026-06-13 13:00:35,1569,0.0215,814.0000,0.0222,37931,814,0,29,843,31975833
La feuille qui cache la foret | Une espèce à part #4 | ARTE,https://www.youtube.com/watch?v=goeQBxf_QlQ,0.011990,0.013111,0.004659,0.500103,0.312015,28.082150,2019-04-13 18:00:02,180,0.0214,1580.0000,0.0222,73937,1580,0,62,1642,121404554
"Wikipédia, nouvelle cible des conspirationnistes (ft @lamhua)| LE DOCK, REPLAY LIVE | ARTE",https://www.youtube.com/watch?v=20M9D--nSZs,0.009940,0.012060,0.022086,0.500298,0.184629,16.577901,2024-02-26 13:39:31,10382,0.0176,249.0000,0.0222,14142,249,0,65,314,4440588
"La santé des femmes, de l'ignorance à la reconnaissance | Documentaire | ARTE",https://www.youtube.com/watch?v=gmZFizcDxQs,0.011497,0.015493,0.006985,0.500029,12.933349,1164.051291,2026-05-19 13:00:56,3200,0.0211,986.0000,0.0222,46667,986,0,50,1036,48347012
La vie d'un mobilisé sur le front ukrainien | #ukraine,https://www.youtube.com/watch?v=jtbjv9hmHvc,0.013387,0.014151,0.002306,0.500310,20.436236,1841.274459,2026-03-30 05:30:14,162,0.0213,3544.0000,0.0222,166457,3544,0,150,3694,614892158
Tayminator : L’IA de Microsoft qui a fini nazie | Big Flops | ARTE,https://www.youtube.com/watch?v=0vaSsJ9sGy4,0.011743,0.013043,0.005343,0.500184,0.469918,42.336925,2022-05-09 17:30:01,395,0.0211,1348.0000,0.0222,63967,1348,0,71,1419,90769173
Elections présidentielles américaines - Dans la course à la Maison Blanche 🇺🇸 #trump #expresso,https://www.youtube.com/watch?v=ZRDzqO9ChsI,0.010778,0.012866,0.016464,0.499566,0.275754,24.807982,2024-07-19 16:00:37,59,0.0202,356.0000,0.0222,17588,356,0,34,390,6859320
Décidons-nous librement ? | 42 - La réponse à presque tout | ARTE,https://www.youtube.com/watch?v=EybTSetiAW8,0.011735,0.013245,0.004787,0.500504,3.662925,330.269269,2025-11-14 14:00:22,1379,0.0205,1531.0000,0.0222,74657,1531,0,124,1655,123557335
Le pays le plus riche par habitant au monde !  #qatar,https://www.youtube.com/watch?v=ccMWvDhJbqQ,0.011130,0.012827,0.008464,0.500270,0.330745,29.822604,2022-12-09 13:30:11,60,0.0203,787.0000,0.0222,38682,787,0,70,857,33150474
"L'âge nucléaire, l'espérance et la terreur | Faire l'histoire | ARTE",https://www.youtube.com/watch?v=H2_oby2Xu9w,0.010206,0.012045,0.011949,0.501235,0.256249,23.119668,2023-01-01 11:30:05,956,0.0178,523.0000,0.0221,29458,523,0,129,652,19206616
La cigarette électronique est-elle aussi dangereuse que la cigarette classique ?,https://www.youtube.com/watch?v=OPijNbC1IrM,0.011158,0.013096,0.008660,0.500152,1.234456,111.414515,2025-07-28 16:00:41,105,0.0205,766.0000,0.0221,37320,766,0,60,826,30826320
La frénésie rétro : plus que de la nostalgie ? | Twist | ARTE,https://www.youtube.com/watch?v=mk9ZcqUKHA8,0.010933,0.013109,0.007028,0.501027,4.283342,386.757912,2026-02-15 19:00:52,1831,0.0191,979.0000,0.0221,51377,979,0,158,1137,58415649
"La ville selon Walt Disney | Gymnastique, la culture en s'amusant | ARTE",https://www.youtube.com/watch?v=9C7tqnOhEuM,0.011470,0.013162,0.008199,0.499679,0.266345,24.051570,2022-03-04 17:30:01,351,0.0215,817.0000,0.0221,37927,817,0,22,839,31820753
Deepfakes : enquête sur ceux qui s’emparent du corps des femmes | Sources | ARTE,https://www.youtube.com/watch?v=Sz8P71sJ2rc,0.011409,0.015128,0.007418,0.499995,10.537878,951.830841,2026-05-13 18:00:32,1196,0.0210,919.0000,0.0221,43672,919,0,47,966,42187152
"Vols écolos, des promesses en l'air ? | Citizen Facts (2/5) | ARTE",https://www.youtube.com/watch?v=TCpoGDQLnAw,0.011355,0.012543,0.005121,0.501021,0.830696,75.103534,2023-10-28 18:00:18,2074,0.0194,1416.0000,0.0221,73142,1416,0,201,1617,118270614
La propriété collective mène toujours à l’échec ? | Est-il vrai que...? | ARTE,https://www.youtube.com/watch?v=MdfvIHWuvX8,0.014375,0.013298,0.001700,0.500519,10.824980,979.367014,2025-10-26 11:00:41,1475,0.0209,5010.0000,0.0221,240115,5010,0,297,5307,1274290305
Et si on arrêtait le progrès ? | Les Idées Larges | ARTE,https://www.youtube.com/watch?v=7T6N0Ohm778,0.014493,0.012821,0.001634,0.500733,1.842642,166.811633,2022-04-13 10:30:02,1273,0.0204,5239.0000,0.0221,256422,5239,0,425,5664,1452374208
Le gynécologue et les esclaves cobayes | Quelle histoire ! Enquête sur la toile (3/6) | ARTE,https://www.youtube.com/watch?v=VamRbYE_tX8,0.012675,0.012941,0.002837,0.500582,2.293940,207.767634,2024-09-11 15:30:10,662,0.0206,2797.0000,0.0221,136085,2797,0,207,3004,408799340
"Un film et la maladie d'Alzheimer, quel est le rapport ? | ARTE",https://www.youtube.com/watch?v=wOQhjnT5UVw,0.011189,0.013179,0.016091,0.498816,0.080452,7.270442,2020-02-22 11:30:03,416,0.0217,366.0000,0.0221,16854,366,0,6,372,6269688
Une dame de fer ? 👩‍💼🔩 | En mode | ARTE #margaretthatcher #documentaire,https://www.youtube.com/watch?v=VUBY10PDFTM,0.011130,0.013110,0.013329,0.499307,0.249769,22.587079,2023-11-16 18:00:21,60,0.0213,459.0000,0.0221,21568,459,0,17,476,10266368
L’étrange mort de Vincent van Gogh | ARTE #shorts,https://www.youtube.com/watch?v=K1Sp3fqcVac,0.011170,0.013275,0.011508,0.499514,0.845679,76.544362,2025-07-26 15:00:25,111,0.0212,547.0000,0.0221,25796,547,0,22,569,14677924
L'oligarque et le marchand d'art (3/3) | ARTE,https://www.youtube.com/watch?v=25mfynk3-cc,0.010566,0.022653,0.016426,0.499838,20.475989,1852.391100,2026-06-18 19:00:01,3587,0.0196,357.0000,0.0221,18229,357,0,45,402,7328058
Magnifique ! La beauté de l'art éphémère | Twist | ARTE,https://www.youtube.com/watch?v=oKfO7uAGyvc,0.011081,0.013707,0.014764,0.499164,1.508864,136.562948,2026-02-08 19:00:46,1822,0.0213,406.0000,0.0220,19097,406,0,15,421,8039837
Du bonheur d’avoir des amis | Unhappy | ARTE,https://www.youtube.com/watch?v=u_C-rXMeg_4,0.011668,0.013700,0.005155,0.500308,6.513405,590.525495,2026-03-05 19:01:02,1612,0.0207,1405.0000,0.0220,67816,1405,0,90,1495,101384920
"Comment se débarrasser des ""connards"" ? | 42, la réponse à presque tout | ARTE",https://www.youtube.com/watch?v=3TMgybYa8pE,0.011599,0.014397,0.005612,0.500189,10.331740,937.845499,2026-04-24 13:00:11,1487,0.0209,1273.0000,0.0220,61045,1273,0,71,1344,82044480
Qui sont ces journalistes qui défient Poutine ? #Russie #Poutine #enquete #empoisonnement #arteinfo,https://www.youtube.com/watch?v=J6YSavlWgV0,0.011026,0.013301,0.015840,0.499061,0.673789,61.130740,2025-09-13 17:00:22,132,0.0212,373.0000,0.0220,17601,373,0,14,387,6811587
Inde : essor économique et conflits identitaires | Tracks East | ARTE,https://www.youtube.com/watch?v=Irc2RF0pAOU,0.010435,0.015566,0.015632,0.500121,7.075213,642.209180,2026-05-28 18:00:01,1800,0.0191,379.0000,0.0220,19833,379,0,57,436,8647188
Afghanistan : Vivre sous le pouvoir taliban | Tracks East | ARTE,https://www.youtube.com/watch?v=fRK6evGduU8,0.010932,0.014713,0.008148,0.500562,10.271365,933.691630,2026-05-14 18:00:36,1789,0.0196,823.0000,0.0220,41906,823,0,98,921,38595426
"Frosia, une femme libre au Goulag | Documentaire | ARTE",https://www.youtube.com/watch?v=NLgmJjOTnWE,0.011077,0.013063,0.008538,0.500193,1.598567,145.321825,2025-10-07 15:30:12,3613,0.0203,779.0000,0.0220,38363,779,0,64,843,32340009
Héritage : peut-on compter sur la famille ? | Les idées larges | ARTE,https://www.youtube.com/watch?v=cmBfd95nDzM,0.012076,0.012837,0.003634,0.500596,1.838253,167.347948,2024-10-16 18:00:31,1551,0.0203,2105.0000,0.0220,103736,2105,0,173,2278,236310608
Ukraine : le pays de veuves | ARTE Reportage,https://www.youtube.com/watch?v=dL1mIhEkDz4,0.010645,0.010636,0.003827,0.504205,2.253078,205.146803,2024-06-17 15:30:17,1481,0.0130,1983.0000,0.0220,152011,1983,0,1355,3338,507412718
Les barockeuses - pionnières du baroque | Documentaire | ARTE,https://www.youtube.com/watch?v=dSmYOqXtRpc,0.010822,0.017788,0.020184,0.498805,7.341827,666.737474,2026-06-08 13:00:38,2328,0.0208,278.0000,0.0219,13395,278,0,16,294,3938130
Crypto-monnaies - Quels sont les dangers du nouvel argent virtuel ? | ARTE,https://www.youtube.com/watch?v=xU7Ic-qIp_o,0.010206,0.031792,0.018705,0.500068,35.556797,3231.150301,2026-06-23 13:00:31,3223,0.0185,305.0000,0.0219,16448,305,0,56,361,5937728
"""Le mariage entre la finance et l'eau a déjà commencé"" - Interview de Jérôme Fritel | ARTE",https://www.youtube.com/watch?v=4V5jH6ue_WU,0.012619,0.012499,0.002669,0.500993,0.703348,64.150744,2019-12-17 14:37:39,745,0.0196,2999.0000,0.0219,153001,2999,0,355,3354,513165354
Vivre avec des biomatériaux | Biosphère du désert : la prépa d'une mission low-tech (5/5) | ARTE,https://www.youtube.com/watch?v=KCuEe1onwkg,0.011622,0.012994,0.005635,0.500046,0.709288,64.672452,2023-12-10 10:00:13,1758,0.0210,1267.0000,0.0219,60224,1267,0,53,1320,79495680
Hold-up sur les vieux | Documentaire | ARTE,https://www.youtube.com/watch?v=y_1VdjBWh_A,0.010396,0.014860,0.015911,0.500093,5.503849,501.081707,2026-05-20 18:00:51,5457,0.0190,371.0000,0.0219,19483,371,0,56,427,8319241
Du chocolat pour tous? #mondelez #amende #ue #expresso,https://www.youtube.com/watch?v=Mnm_4cLjZiA,0.011252,0.013065,0.009302,0.499652,0.480628,43.801129,2024-05-31 06:00:17,60,0.0212,704.0000,0.0219,33218,704,0,24,728,24182704
"Nos leurres font-ils notre bonheur ? | 42, la réponse à presque tout | ARTE",https://www.youtube.com/watch?v=4AioOp6p4J4,0.010993,0.012992,0.011216,0.499755,0.684790,62.398047,2025-04-16 13:00:15,1637,0.0206,564.0000,0.0219,27336,564,0,35,599,16374264
Brigitte Macron moquée par Charlie Hebdo ? #Désintox,https://www.youtube.com/watch?v=Tcj_uGO8V9o,0.010362,0.011878,0.007587,0.501758,0.691851,63.097258,2024-03-29 15:30:08,54,0.0173,895.0000,0.0219,51802,895,0,240,1135,58795270
Interroger la création par intelligence artificielle | PhantasIA #4 | ARTE,https://www.youtube.com/watch?v=94r4G9rAYoo,0.010520,0.012822,0.018026,0.499576,0.646137,58.829210,2025-09-25 09:00:13,1701,0.0196,319.0000,0.0219,16252,319,0,37,356,5785712
Divisions sur l’île de Chypre : Sovereign base area | Bienvenue en Géozarbie | ARTE,https://www.youtube.com/watch?v=zkC5xuBPp0Y,0.011767,0.012789,0.004490,0.500399,0.617321,56.341113,2022-07-31 16:30:13,618,0.0205,1649.0000,0.0219,80452,1649,0,113,1762,141756424
Est-il vrai que l'humain a toujours cherché à planer ? | Est-il vrai que...? | ARTE,https://www.youtube.com/watch?v=UJd8CKMxF3o,0.011851,0.013724,0.003892,0.500745,12.717405,1161.059852,2026-04-05 10:00:44,1503,0.0199,1945.0000,0.0219,97779,1945,0,196,2141,209344839
Japon: qui est la nouvelle première Ministre ? #expresso #arte #japon,https://www.youtube.com/watch?v=o70h7ue1L1Y,0.012256,0.013085,0.003322,0.500537,5.034850,459.828229,2025-10-22 16:01:35,145,0.0204,2334.0000,0.0219,114481,2334,0,172,2506,286889386
Max le labrador nous fait visiter son trou 🐶 #canisfamiliaris #serie,https://www.youtube.com/watch?v=rnihOpJ2LvA,0.010890,0.012901,0.016503,0.499124,0.158214,14.417763,2023-04-03 16:30:17,40,0.0208,355.0000,0.0219,17041,355,0,18,373,6356293
Vivre sans chauffage ? | L’appart du futur – Bienvenue dans la « biosphère urbaine » (2/8) | ARTE,https://www.youtube.com/watch?v=qv-trDohAJc,0.011365,0.012891,0.005319,0.500675,2.939375,268.547855,2025-10-16 15:30:37,1080,0.0198,1355.0000,0.0219,68476,1355,0,143,1498,102577048
Histoire d'une greffe | La main d'Arja | ARTE,https://www.youtube.com/watch?v=rDRGUKLbGTY,0.010817,0.014588,0.016164,0.499280,3.600476,328.422788,2026-05-05 18:01:01,3140,0.0206,364.0000,0.0219,17696,364,0,23,387,6848352
"Le Condor, rapace géant d'Amérique du Sud 🦅 #rapaces #environnement #arteinfo #reportage",https://www.youtube.com/watch?v=jMZu783W88o,0.011237,0.013200,0.010177,0.499464,0.757723,69.203803,2025-04-26 09:00:57,82,0.0214,633.0000,0.0219,29637,633,0,15,648,19204776
"1526, Babur s'empare de l'Inde à Panipat | Quand l'histoire fait dates | ARTE",https://www.youtube.com/watch?v=qpzuqDdcuhc,0.011732,0.013285,0.004476,0.500443,5.482942,501.419174,2026-01-17 14:01:34,1598,0.0204,1655.0000,0.0219,81254,1655,0,121,1776,144307104
Oser échouer : pourquoi ? | Twist | ARTE,https://www.youtube.com/watch?v=2gdGPL0UJqw,0.011065,0.013251,0.012388,0.499383,0.952791,87.030148,2025-09-28 18:00:02,1838,0.0211,501.0000,0.0219,23749,501,0,18,519,12325731
"Le style rétro, un art de vivre | ARTE Regards",https://www.youtube.com/watch?v=N2jLKcG15_o,0.011015,0.021937,0.005608,0.501197,73.024924,6683.934056,2026-06-18 10:00:10,1837,0.0187,1274.0000,0.0218,68281,1274,0,217,1491,101806971
Le roi de la grimace ! Jim Carrey! #shorts #jimcarrey #cinema #oscars,https://www.youtube.com/watch?v=Il-LOBi18cA,0.011383,0.013125,0.009203,0.499361,0.233856,21.398156,2022-04-15 12:00:18,61,0.0217,713.0000,0.0218,32849,713,0,4,717,23552733
Les grands mythes : L'Odyssée (Intégrale) | ARTE,https://www.youtube.com/watch?v=C3F_sG_5Ho8,0.012100,0.019389,0.003652,0.500376,74.032780,6786.527214,2026-06-13 15:30:03,15632,0.0206,2093.0000,0.0218,101707,2093,0,125,2218,225586126
Syrie : le village des aveugles | ARTE Reportage,https://www.youtube.com/watch?v=x7juHcG4w2M,0.011225,0.012882,0.007896,0.499926,0.490138,44.920015,2023-12-26 14:00:41,731,0.0208,854.0000,0.0218,41104,854,0,42,896,36829184
La blessure d’Hedi est-elle un fake ? Désintox | ARTE,https://www.youtube.com/watch?v=EnPj0-mSehI,0.012635,0.012335,0.002535,0.501238,1.734103,159.084919,2023-08-11 19:00:05,60,0.0190,3180.0000,0.0218,167332,3180,0,467,3647,610259804
"Afghanistan : de Kaboul à Tokyo, un destin olympique | ARTE Reportage",https://www.youtube.com/watch?v=5exAyGq5LeA,0.010508,0.012329,0.012105,0.500367,0.167041,15.305255,2021-09-02 14:00:02,1829,0.0191,515.0000,0.0218,26938,515,0,72,587,15812606
Des toilettes sèches grâce à des larves ?! 🐛 avec @BiosphereExperience  #larve #toilettes,https://www.youtube.com/watch?v=1ezVxVKwDWc,0.010742,0.012737,0.012975,0.499795,0.468246,42.927741,2024-12-25 17:00:02,60,0.0201,474.0000,0.0218,23607,474,0,40,514,12133998
L'empreinte d'une vie : photographier la guerre | La Lucarne | ARTE,https://www.youtube.com/watch?v=dRkL9gnyyZ0,0.010832,0.029379,0.062052,0.492807,5.664598,513.097636,2026-06-22 13:00:30,4842,0.0214,67.0000,0.0218,3125,67,0,1,68,212500
"Avortement, le paradoxe polonais #Reportage #Pologne",https://www.youtube.com/watch?v=w5fhoULfy5c,0.011092,0.013198,0.013209,0.499109,0.630726,57.912121,2025-06-18 16:01:37,96,0.0214,464.0000,0.0217,21715,464,0,8,472,10249480
"Le petit déjeuner, un repas mondialisé | Faire l'histoire | ARTE",https://www.youtube.com/watch?v=5ADUc4d3Cu0,0.022673,0.013053,0.000588,0.500195,12.360437,1137.283353,2024-08-15 09:00:05,987,0.0213,16516.0000,0.0217,775920,16516,0,349,16865,13085890800
Chine : la disparition des milliardaires | ARTE Reportage (2019),https://www.youtube.com/watch?v=S7l43FFx23Y,0.010267,0.037880,0.015396,0.500232,57.956559,5322.988000,2026-06-24 18:00:22,1518,0.0187,386.0000,0.0217,20665,386,0,63,449,9278585
"Pourquoi ne vivons-nous pas dans des maisons-bulles ? | Gymnastique, la culture en s'amusant | ARTE",https://www.youtube.com/watch?v=HLe9bSThV3s,0.011476,0.012779,0.005720,0.500122,0.375097,34.503185,2021-09-17 18:00:06,321,0.0207,1245.0000,0.0217,60204,1245,0,63,1308,78746832
Ukraine : la sœur et le meurtrier | Sources | ARTE,https://www.youtube.com/watch?v=1UN23y7Z_zw,0.009462,0.011267,0.012429,0.502163,0.463888,42.652649,2024-05-29 18:00:01,949,0.0154,499.0000,0.0217,32411,499,0,205,704,22817344
Permis de conduire : à quel prix ? | ARTE Regards,https://www.youtube.com/watch?v=N0biBxFP1J4,0.009746,0.011775,0.014325,0.501317,0.669574,61.547060,2025-05-15 10:00:42,1833,0.0167,421.0000,0.0217,25186,421,0,126,547,13776742
Peut-on encore faire confiance à l'agriculture biologique ? #bio #agriculture,https://www.youtube.com/watch?v=x5APbh8-Lt8,0.010752,0.012935,0.022682,0.498408,0.240529,22.065952,2025-01-18 17:01:06,145,0.0208,241.0000,0.0217,11605,241,0,11,252,2924460
"USA : Colorado, le retour de la lutte des classes | ARTE Reportage",https://www.youtube.com/watch?v=1lu7Zjt5QQA,0.010672,0.012323,0.009074,0.500580,0.257713,23.720229,2022-02-14 20:00:00,737,0.0192,725.0000,0.0217,37829,725,0,96,821,31057609
"Egypte : Electro Chaâbi, le son de la révolte | ARTE Reportage",https://www.youtube.com/watch?v=NyzH1o_YouA,0.010572,0.012576,0.016018,0.499587,0.242805,22.319988,2024-03-18 16:30:06,1475,0.0198,368.0000,0.0217,18569,368,0,35,403,7483307
Le foot a-t-il (définitivement) perdu son âme ? | ARTE Europe l'Hebdo,https://www.youtube.com/watch?v=mCVsCm65idg,0.010965,0.023296,0.007645,0.500396,52.844658,4865.289388,2026-06-19 10:00:10,633,0.0198,887.0000,0.0217,44837,887,0,86,973,43626401
"L’Espagne, refuge des exilés vénézuéliens | ARTE Regards",https://www.youtube.com/watch?v=yznu_Z4dqeY,0.009908,0.016851,0.026069,0.499409,6.084456,558.483811,2026-06-08 10:00:31,1815,0.0180,203.0000,0.0217,11290,203,0,42,245,2766050
Scandale à la chapelle Sixtine | Documentaire | ARTE,https://www.youtube.com/watch?v=0cBO0-U6XXA,0.011278,0.014927,0.006021,0.500347,15.015164,1383.343242,2026-05-17 13:00:02,3183,0.0201,1173.0000,0.0217,58226,1173,0,90,1263,73539438
L’art peut-il nous réconcilier avec la vieillesse ? | Gymnastique | ARTE,https://www.youtube.com/watch?v=wlnFD-ZCnlM,0.010703,0.012720,0.016777,0.499240,0.207318,19.068775,2024-01-13 11:00:52,340,0.0203,348.0000,0.0217,17108,348,0,23,371,6347068
Le cinéma anti-blanc existe-t-il vraiment ? 🤔 #hollywood #cinema,https://www.youtube.com/watch?v=vObCx9dSjEE,0.010447,0.012385,0.013704,0.500129,0.314004,28.902115,2024-04-18 16:30:10,56,0.0192,444.0000,0.0217,23149,444,0,58,502,11620798
Adieu l'Opéra | Documentaire | ARTE,https://www.youtube.com/watch?v=MRSxCi_7XRM,0.014237,0.013157,0.001727,0.500250,9.281612,856.374680,2025-09-27 13:00:43,4588,0.0210,4922.0000,0.0217,234724,4922,0,165,5087,1194040988
Faut-il repenser l’école ? | Les questions qui fâchent | ARTE,https://www.youtube.com/watch?v=j9X14712iyg,0.015103,0.013256,0.001408,0.500760,25.654669,2368.165539,2026-02-17 14:01:15,1644,0.0200,6201.0000,0.0217,310344,6201,0,522,6723,2086442712
Un rêve avorté - Apartheid : 30 ans après | Tracks East | ARTE,https://www.youtube.com/watch?v=U5z8_BgwrXA,0.010570,0.012595,0.017020,0.499416,0.230280,21.206788,2024-04-09 18:00:24,1848,0.0199,342.0000,0.0217,17175,342,0,30,372,6389100
"Inde : le viol, les castes, l’injustice | ARTE Reportage",https://www.youtube.com/watch?v=irMwAmBg76s,0.010978,0.012757,0.007237,0.500431,1.840524,170.019044,2025-09-19 09:01:14,2666,0.0197,946.0000,0.0216,47989,946,0,92,1038,49812582
Equateur : en proie au narcotrafic (2023) | ARTE Reportage,https://www.youtube.com/watch?v=S_kLtuKRrok,0.011166,0.012716,0.006775,0.500223,0.903703,83.485652,2024-10-30 19:00:15,1476,0.0202,1022.0000,0.0216,50579,1022,0,72,1094,55333426
Wednesdays I Jeux Vidéo I Bande Annonce I ARTE,https://www.youtube.com/watch?v=M-IlMTnSxQQ,0.010497,0.012760,0.036991,0.496907,0.140985,12.944615,2025-02-13 13:53:42,49,0.0202,131.0000,0.0216,6473,131,0,9,140,906220
L’hommage à Sousa Mendes | ARTE Regards,https://www.youtube.com/watch?v=uwO5yg8xFx0,0.009880,0.012004,0.030500,0.498807,0.105659,9.727983,2023-11-20 11:00:53,1939,0.0180,167.0000,0.0216,9253,167,0,33,200,1850600
Pourquoi faisons-nous moins l’amour ? | 42 - La réponse à presque tout | ARTE,https://www.youtube.com/watch?v=H_vJFuk6vJU,0.013612,0.012161,0.001865,0.501474,4.136346,383.053658,2024-09-27 13:00:16,1752,0.0184,4510.0000,0.0216,244806,4510,0,776,5286,1294044516
Comment les bébés transforment le cerveau des pères ? | Les idées larges | ARTE,https://www.youtube.com/watch?v=Wi7zY2PDZL4,0.010898,0.013229,0.008584,0.500179,3.228297,298.688661,2026-02-18 16:30:26,1522,0.0199,774.0000,0.0216,38813,774,0,64,838,32525294
Sois un homme ! Mais comment ? | Streetphilosophy | ARTE,https://www.youtube.com/watch?v=yhfH7i_umxc,0.010745,0.012253,0.007638,0.500713,0.338017,31.288712,2022-05-29 14:00:21,1584,0.0190,888.0000,0.0216,46653,888,0,119,1007,46979571
"🌊 Thalassophobes, ne regardez pas cette vidéo #plongee #jacquesmayol",https://www.youtube.com/watch?v=YgS61VXG3sQ,0.011736,0.012888,0.004864,0.499913,0.708600,65.655270,2023-07-08 16:30:14,40,0.0211,1503.0000,0.0216,71298,1503,0,35,1538,109656324
L’appel de la montagne ! Espace et liberté | Twist | ARTE,https://www.youtube.com/watch?v=5mZHB4mUu9Q,0.010817,0.014879,0.027268,0.497575,2.004811,185.076781,2026-05-10 18:00:05,1824,0.0212,192.0000,0.0216,9047,192,0,3,195,1764165
Les secrets du ver de terre 🧐 #nature #écosystème,https://www.youtube.com/watch?v=NRZa1ciorPg,0.011460,0.012898,0.006337,0.499749,0.490023,45.430003,2023-05-05 16:30:07,30,0.0212,1105.0000,0.0216,52242,1105,0,21,1126,58824492
Comment voulons-nous aimer ? | Nouveaux modèles amoureux | ARTE,https://www.youtube.com/watch?v=Q_dQ8f0GFBc,0.010216,0.016765,0.024608,0.498943,5.643810,521.606880,2026-06-06 18:00:08,3172,0.0191,218.0000,0.0216,11414,218,0,28,246,2807844
"Turquie : après le séisme, la diversité en danger | ARTE Reportage",https://www.youtube.com/watch?v=z2MGYhQiWP4,0.009826,0.011869,0.023477,0.499762,0.123686,11.436978,2023-05-15 15:30:12,697,0.0177,231.0000,0.0216,13038,231,0,50,281,3663678
Moi et le burn-out | Psycho | ARTE,https://www.youtube.com/watch?v=YnhwHtgaxKc,0.012081,0.012874,0.003315,0.500627,5.714966,530.257912,2025-11-18 14:00:51,1610,0.0199,2339.0000,0.0215,117743,2339,0,198,2537,298713991
Une autre histoire de l'immigration en France #témoignage #arte,https://www.youtube.com/watch?v=dMHdoQyi0s0,0.010755,0.012721,0.014325,0.499373,0.284539,26.352828,2024-05-07 16:00:35,55,0.0204,421.0000,0.0215,20607,421,0,23,444,9149508
Que se cache-t-il derrière les ovnis ? | 42 - La réponse à presque tout | ARTE,https://www.youtube.com/watch?v=XjvZwljO5RU,0.011544,0.015146,0.003528,0.501604,43.634742,4050.221251,2026-05-29 13:00:09,1711,0.0179,2178.0000,0.0215,121874,2178,0,447,2625,319919250
Nothing Else Metas - Le métavers selon Mark Zuckerberg | Big Flops | ARTE,https://www.youtube.com/watch?v=iE1l3NTXOko,0.010360,0.012350,0.016388,0.499762,0.249107,23.081434,2024-04-12 18:00:18,353,0.0192,358.0000,0.0215,18624,358,0,43,401,7468224
Les jeux vidéo vont-ils disparaître ? | Jour de play | ARTE,https://www.youtube.com/watch?v=A5Nh8p9DqKQ,0.009861,0.011913,0.020610,0.500060,0.220341,20.406208,2024-06-09 19:00:06,1708,0.0177,271.0000,0.0215,15281,271,0,58,329,5027449
Le prix Nobel n'existerait pas sans elle ! #prixnobel #dynamite,https://www.youtube.com/watch?v=Cgn_6Ts7Dk0,0.010958,0.013223,0.011067,0.499509,1.596538,148.099735,2025-12-24 07:00:14,112,0.0208,573.0000,0.0215,27597,573,0,21,594,16392618
Greffe de main : l'opération d'une vie,https://www.youtube.com/watch?v=HZfIO2FlmrY,0.011310,0.016709,0.007250,0.499705,19.013282,1765.086026,2026-06-03 05:30:01,100,0.0211,944.0000,0.0215,44839,944,0,21,965,43269635
Le futur du système de retraites en France - Désintox | ARTE,https://www.youtube.com/watch?v=JcDPtJOJrcA,0.009040,0.010700,0.012105,0.502846,0.316361,29.370469,2023-01-12 20:00:10,93,0.0139,515.0000,0.0215,37089,515,0,283,798,29597022
Humiliations et maltraitance en ligne - quel cadre légal ? #arteinfo,https://www.youtube.com/watch?v=m-YOYTJlyTk,0.010774,0.012916,0.013402,0.499444,0.804554,74.664602,2025-09-02 17:01:00,161,0.0204,456.0000,0.0215,22319,456,0,24,480,10713120
La vérité sur les migrants abandonnés dans le désert #tunisie #immigration #artereportage,https://www.youtube.com/watch?v=2R3YCoBona0,0.010334,0.012122,0.008938,0.501068,1.180963,109.725107,2025-06-20 05:00:03,111,0.0180,738.0000,0.0215,40974,738,0,143,881,36098094
Brian Jones et les Rolling Stones | Documentaire | ARTE,https://www.youtube.com/watch?v=zPeShltocCc,0.010311,0.013955,0.010602,0.500740,7.071954,657.161535,2026-05-09 15:30:39,5654,0.0184,603.0000,0.0215,32849,603,0,103,706,23191394
"Faire son sport et la lessive en même temps, c'est possible ! #Bio #Ecologie",https://www.youtube.com/watch?v=7C7WumZTr3Y,0.011394,0.012947,0.006303,0.499833,1.267281,117.833813,2025-04-03 16:00:15,50,0.0209,1112.0000,0.0215,53139,1112,0,30,1142,60684738
La fièvre antivax aux Etats-Unis #usa #antivax #artereportage,https://www.youtube.com/watch?v=zMrQ29lWlEE,0.010791,0.012566,0.005523,0.501392,5.743891,534.237241,2026-02-13 06:30:37,164,0.0179,1297.0000,0.0215,72315,1297,0,257,1554,112377510
"Pour Sandrine Rousseau, Pâques est une « tradition archaïque ? Désintox | Arte",https://www.youtube.com/watch?v=ch6Lwu8zuwA,0.010281,0.012100,0.012388,0.500467,0.248112,23.054377,2023-04-14 19:00:18,59,0.0186,501.0000,0.0215,26993,501,0,79,580,15655940
Tu préfères les potes ou le grand amour ? 🤔 #tupreferes #courttoujours,https://www.youtube.com/watch?v=qyYprwfIcIE,0.010889,0.012572,0.009138,0.499978,0.323792,30.100893,2023-03-30 16:30:08,50,0.0201,719.0000,0.0215,35698,719,0,48,767,27380366
La dette : monnaie magique | MONEY | ARTE,https://www.youtube.com/watch?v=9YRd0ceupJs,0.011056,0.015123,0.005038,0.501125,26.066703,2425.309616,2026-05-27 13:00:05,1388,0.0185,1443.0000,0.0215,77830,1443,0,229,1672,130131760
Connaissez-vous le club de la paix de Donald Trump? #trump #arte #arteinfo #expresso,https://www.youtube.com/watch?v=7koKgGIN3QA,0.010250,0.012764,0.012642,0.500473,2.199970,204.492811,2026-02-19 07:30:02,132,0.0185,489.0000,0.0215,26445,489,0,79,568,15020760
Un maire d’extrême droite en Allemagne | ARTE Regards,https://www.youtube.com/watch?v=TzO6vZhwVuE,0.008804,0.010661,0.015598,0.502624,0.423111,39.347213,2024-07-18 10:00:28,1825,0.0136,380.0000,0.0215,27945,380,0,220,600,16767000
"Moi, en deuil | Psycho | ARTE",https://www.youtube.com/watch?v=qnYQJjZIf6E,0.010734,0.012203,0.006780,0.500892,0.969510,90.345444,2024-10-31 16:30:21,1590,0.0187,1021.0000,0.0214,54654,1021,0,151,1172,64054488
A-t-on besoin d'aller dans l'espace ? | Les idées larges | ARTE,https://www.youtube.com/watch?v=bpToIAaXMcI,0.011676,0.011589,0.003030,0.502204,2.822551,263.341255,2024-11-13 19:00:33,1585,0.0166,2593.0000,0.0214,155856,2593,0,747,3340,520559040
Amazonie : un peuple oublié | Enquêtes archéologiques | ARTE,https://www.youtube.com/watch?v=pv2QcFldeJY,0.010818,0.026832,0.018262,0.498613,22.635499,2107.287360,2026-06-21 13:00:15,1597,0.0210,314.0000,0.0214,14942,314,0,6,320,4781440
Ces Indiens ont été recrutés par l'armée russe #ukraine #artereportage #arte,https://www.youtube.com/watch?v=l8QTLSQ-iYw,0.012821,0.013210,0.002413,0.500695,15.981492,1493.022974,2026-03-06 07:30:20,142,0.0197,3365.0000,0.0214,170682,3365,0,288,3653,623501346
Les Geeks : Rempart contre les sectes ? | BiTS #51 | ARTE,https://www.youtube.com/watch?v=rWmCpQh1AjQ,0.012014,0.012373,0.003314,0.500648,0.620116,57.926562,2020-11-13 19:00:16,677,0.0197,2340.0000,0.0214,118914,2340,0,205,2545,302636130
Turquie-Arménie : la paix des ruines ? | ARTE Reportage,https://www.youtube.com/watch?v=qMhUX3yz3Bg,0.009644,0.011182,0.008728,0.502365,0.841831,78.623316,2024-10-07 15:30:17,1512,0.0153,759.0000,0.0214,49453,759,0,299,1058,52321274
En finir avec la dépression ! | Twist | ARTE,https://www.youtube.com/watch?v=m1rHpkhYkiU,0.011488,0.012920,0.004991,0.500153,3.039122,284.268098,2025-10-19 18:00:46,1831,0.0204,1459.0000,0.0214,71602,1459,0,71,1530,109551060
"Jakarta, une ville bientôt sous l'eau ! #indonésie #artereportage #arte",https://www.youtube.com/watch?v=fw83AVEqI9Q,0.010566,0.012751,0.027383,0.497825,0.191967,17.883620,2025-01-23 17:00:45,88,0.0205,191.0000,0.0214,9316,191,0,8,199,1853884
Liberté d'expression : attention danger ! | Tracks East | ARTE,https://www.youtube.com/watch?v=wwnogR1er7Y,0.009554,0.011666,0.030211,0.499184,0.136795,12.751616,2024-05-14 18:00:23,1873,0.0171,169.0000,0.0214,9881,169,0,42,211,2084891
Vivre sur Mars ! 🪐 #shorts,https://www.youtube.com/watch?v=V2mzqNLGQRQ,0.010454,0.012434,0.019719,0.498988,0.102590,9.582847,2022-05-19 12:18:25,45,0.0199,286.0000,0.0213,14385,286,0,21,307,4416195
"Corée du Nord: Ballons chargés, tensions montées 🎈🗑️ #coréedunord #news #expresso",https://www.youtube.com/watch?v=tV_oYkPD704,0.010882,0.012816,0.013402,0.499112,0.314260,29.388053,2024-06-17 05:00:34,58,0.0209,456.0000,0.0213,21789,456,0,9,465,10131885
"Newark, pas New York 🏙️🌟#usa  #résistance  #révolte",https://www.youtube.com/watch?v=Dt4ersGRj-Y,0.010810,0.012697,0.013233,0.499257,0.237382,22.209799,2023-09-23 17:00:08,59,0.0207,463.0000,0.0213,22408,463,0,15,478,10711024
Cancer du sein : leur combat quotidien | ARTE Regards,https://www.youtube.com/watch?v=nm8Z4s6jJh4,0.009976,0.012864,0.026173,0.498955,1.081599,101.041650,2026-03-12 11:01:20,1836,0.0185,202.0000,0.0213,10930,202,0,31,233,2546690
Pourquoi aimons-nous tant la compétition ? | 42 - La réponse à presque tout | ARTE,https://www.youtube.com/watch?v=3H67OANVcLs,0.009991,0.013726,0.034513,0.497835,1.411586,131.639020,2026-05-01 13:00:11,1672,0.0187,143.0000,0.0213,7647,143,0,20,163,1246461
Peut-on vraiment faire un lavage de cerveau ? | 42 - La réponse à presque tout | ARTE,https://www.youtube.com/watch?v=AtuNQKNokiY,0.011233,0.013237,0.005090,0.500558,7.796183,731.401948,2026-03-20 14:00:16,1497,0.0195,1426.0000,0.0213,73176,1426,0,133,1559,114081384
France : la jeunesse n’emmerde plus le RN | ARTE Reportage,https://www.youtube.com/watch?v=EIyPE6HJN1M,0.039300,0.011052,0.000344,0.503086,28.000615,2628.821303,2024-06-04 10:00:19,2184,0.0151,29932.0000,0.0213,1982698,29932,0,12304,42236,83741232728
Ukraine : le retour sans lendemain des prisonniers | ARTE Reportage,https://www.youtube.com/watch?v=xq9ECI8NN2Q,0.010380,0.015051,0.012471,0.500109,8.179768,766.926852,2026-05-25 15:30:30,1485,0.0191,497.0000,0.0213,26065,497,0,58,555,14466075
"Corita Kent : la nonne pop | Gymnastique, la culture en s'amusant | ARTE",https://www.youtube.com/watch?v=HSi8C1hwh0s,0.010705,0.012667,0.018806,0.498629,0.089149,8.347989,2021-09-12 18:00:04,327,0.0207,303.0000,0.0213,14608,303,0,8,311,4543088
TDAH : dysfonctionnement cérébral ou social ? | Les questions qui fâchent | ARTE,https://www.youtube.com/watch?v=StYBza8N_es,0.016160,0.012792,0.001169,0.501231,34.880496,3277.573140,2026-02-23 19:00:23,1678,0.0187,7647.0000,0.0213,409174,7647,0,1061,8708,3563087192
Chat GPT accusé d'avoir encouragé un adolescent à se suicider ⚠️#chatgpt #thérapie #arteinfo,https://www.youtube.com/watch?v=BDPFpTn6-FY,0.010791,0.012741,0.009439,0.499915,1.304776,122.454232,2025-09-19 05:00:22,125,0.0200,692.0000,0.0213,34584,692,0,44,736,25453824
Parler à un proche décédé avec l'IA ? (Ça tourne mal) (Vraiment),https://www.youtube.com/watch?v=ewGez_MCp5M,0.010309,0.013346,0.020124,0.499121,1.730707,162.245318,2026-04-01 05:30:12,131,0.0195,279.0000,0.0213,14343,279,0,26,305,4374615
Les hommes ont-ils toujours porté le pantalon ? | Est-il vrai que...? | ARTE,https://www.youtube.com/watch?v=qV9VfpaplAc,0.011147,0.012887,0.007147,0.499812,1.646665,154.769940,2025-08-31 10:01:25,1383,0.0206,960.0000,0.0213,46619,960,0,31,991,46199429
Produire de l'eau | Biosphère du désert : la prépa d'une mission low-tech | (3/5) | ARTE,https://www.youtube.com/watch?v=7bI_drOcg9M,0.011574,0.012563,0.004518,0.500184,0.914324,86.006106,2023-12-02 16:30:01,1375,0.0203,1637.0000,0.0212,80755,1637,0,79,1716,138575580
Cisjordanie : la rançon de la guerre | ARTE Reportage,https://www.youtube.com/watch?v=lvFHl5zCDhw,0.010142,0.012235,0.019441,0.499486,0.338444,31.762261,2025-02-27 14:00:54,765,0.0188,291.0000,0.0212,15438,291,0,37,328,5063664
"L'Iran sous tension : ni guerre, ni paix | Tracks East | ARTE",https://www.youtube.com/watch?v=U053qI2mfNo,0.010144,0.012387,0.020735,0.499309,0.510303,47.884319,2025-09-04 18:00:27,1731,0.0189,269.0000,0.0212,14216,269,0,33,302,4293232
"Cocottes : les premières influenceuses | Gymnastique, la culture en s'amusant | ARTE",https://www.youtube.com/watch?v=IM9wRso3Gus,0.010680,0.012566,0.014555,0.499212,0.159294,14.964808,2022-10-14 19:00:15,301,0.0204,413.0000,0.0212,20245,413,0,17,430,8705350
Un trafic de faux tableaux ?,https://www.youtube.com/watch?v=9jcnYsrDT98,0.010476,0.023113,0.031405,0.497356,8.986500,841.221469,2026-06-19 05:30:27,132,0.0204,161.0000,0.0212,7910,161,0,7,168,1328880
Un paysan péruvien aura-t-il raison du géant de l'énergie allemand ? 🏭 #Pérou #Expresso #clima,https://www.youtube.com/watch?v=vgAGvkQPvo8,0.010572,0.012728,0.022605,0.498323,0.270310,25.355507,2025-03-19 12:01:26,173,0.0205,242.0000,0.0212,11819,242,0,9,251,2966569
Knuckle paradise | Teaser d'annonce | Jeux vidéo | ARTE games,https://www.youtube.com/watch?v=jo172RaKHbA,0.009859,0.013409,0.040702,0.497153,1.027813,96.081436,2026-04-23 23:00:59,87,0.0184,116.0000,0.0212,6310,116,0,18,134,845540
Comment Charli XCX a créé un album en plein confinement ! #charlixcx #documentaire,https://www.youtube.com/watch?v=LfbhcDk9jV8,0.010651,0.021389,0.025462,0.497818,9.383339,879.753804,2026-06-17 05:30:10,168,0.0208,209.0000,0.0212,10032,209,0,4,213,2136816
Julie est devenue le bras droit d'un gourou. #témoignage #documentaire #podcast,https://www.youtube.com/watch?v=r87BHNzkx3c,0.010140,0.012186,0.020672,0.499311,0.216528,20.332304,2024-07-26 15:30:24,60,0.0189,270.0000,0.0212,14273,270,0,33,303,4324719
Notre cerveau sait-il encore se concentrer ? | 42 - La réponse à presque tout | ARTE,https://www.youtube.com/watch?v=m9VwpHn2pVs,0.013327,0.013098,0.002155,0.500052,9.186591,865.345702,2025-11-28 14:01:21,1686,0.0209,3828.0000,0.0212,183495,3828,0,67,3895,714713025
Accident cardiaque : chaque minute compte !  | ARTE Regards,https://www.youtube.com/watch?v=odVrg5jBHsg,0.010422,0.012701,0.032042,0.497350,0.229146,21.465169,2025-07-01 10:01:35,1839,0.0202,157.0000,0.0212,7775,157,0,8,165,1282875
Cisjordanie : la face cachée du conflit | ARTE Reportage,https://www.youtube.com/watch?v=-_1Cw6HplrE,0.010678,0.011114,0.004158,0.502577,1.316513,124.146031,2023-12-04 16:30:00,748,0.0155,1802.0000,0.0212,116318,1802,0,664,2466,286840188
"La COP, une perte de temps ? 🌍 #cop29 #écologie #arte #expresso",https://www.youtube.com/watch?v=FvbM_bAS2BM,0.010255,0.012356,0.023313,0.498739,0.213223,20.044628,2024-11-07 16:00:10,52,0.0194,233.0000,0.0212,11986,233,0,21,254,3044444
"Michel Gondry, un réal légendaire #clip #réalisateur",https://www.youtube.com/watch?v=Vb3_0oZatG8,0.010622,0.012668,0.017399,0.498871,0.308443,29.034612,2024-12-14 18:00:14,58,0.0204,333.0000,0.0212,16285,333,0,12,345,5618325
"""Chercher du travail et en occuper un prend toute son existence"" Interview de Martin Thibault | ARTE",https://www.youtube.com/watch?v=mYJxBo4KSxw,0.010181,0.011817,0.010399,0.500743,0.160951,15.182345,2020-05-01 12:10:03,600,0.0181,617.0000,0.0212,34147,617,0,106,723,24688281
Vivons-nous une crise du sperme ? | 42 - La réponse à presque tout | ARTE,https://www.youtube.com/watch?v=mOgiXNtKVyM,0.010365,0.013274,0.010971,0.500294,4.115580,388.166822,2026-04-10 13:01:35,1522,0.0189,579.0000,0.0212,30700,579,0,71,650,19955000
Est-il vrai que les matières premières enrichissent les pays ? | Est-il vrai que...? | ARTE,https://www.youtube.com/watch?v=Wa8uJQ01qJI,0.010498,0.012937,0.015396,0.499352,1.278126,120.447838,2026-01-18 11:00:55,1370,0.0199,386.0000,0.0212,19413,386,0,25,411,7978743
Quand la radicalisation infiltre le jeu vidéo,https://www.youtube.com/watch?v=5hlu2S6X9HY,0.010848,0.012826,0.011579,0.499310,0.737468,69.566011,2025-06-16 16:00:09,107,0.0207,543.0000,0.0212,26224,543,0,12,555,14554320
Entre UE et Russie | Reportage | ARTE Regards,https://www.youtube.com/watch?v=S1O4f2g335k,0.009791,0.012012,0.019278,0.500049,0.636689,60.000307,2025-09-24 10:00:48,1834,0.0177,294.0000,0.0212,16633,294,0,58,352,5854816
Bonheur et confiance en soi | Unhappy | ARTE,https://www.youtube.com/watch?v=2CVRBkwbsOc,0.013350,0.013236,0.002131,0.500022,12.386719,1170.378050,2026-01-20 20:00:02,1613,0.0209,3877.0000,0.0212,185855,3877,0,56,3933,730967715
La guerre des deux tours 👁️ | En mode | ARTE #eiffel,https://www.youtube.com/watch?v=_bLOani4IW4,0.010747,0.012526,0.010737,0.499636,0.357141,33.699675,2024-02-07 10:16:38,55,0.0202,594.0000,0.0212,29393,594,0,28,622,18282446
"Les disputes, ça a du bon | Unhappy | ARTE",https://www.youtube.com/watch?v=A6yI_w8esHw,0.010515,0.013035,0.016350,0.499169,1.293002,121.957304,2026-02-01 16:30:09,1612,0.0200,359.0000,0.0211,17921,359,0,20,379,6792059
Elle a dit Stop à la viande 🚫🥩 #documentaire #arte,https://www.youtube.com/watch?v=YfFi_LRIJK4,0.009173,0.010485,0.008391,0.503220,0.666943,63.031700,2023-12-03 18:30:19,59,0.0134,795.0000,0.0211,59115,795,0,455,1250,73893750
Les moins de 16 ans seront-ils bientôt interdits de réseaux sociaux ? #australie #arteinfo,https://www.youtube.com/watch?v=FyyaESZkbdM,0.010367,0.012713,0.017228,0.499305,0.906518,85.510705,2025-12-09 07:30:13,96,0.0196,337.0000,0.0211,17215,337,0,27,364,6266260
"Zelensky, l’année décisive ? | Documentaire | ARTE",https://www.youtube.com/watch?v=8xzBhg86ny0,0.010005,0.012297,0.010442,0.501034,2.678913,253.069145,2026-02-09 14:00:16,3180,0.0174,614.0000,0.0211,35189,614,0,130,744,26180616
"Vivons-nous dans Matrix ? | Gymnastique, la culture en s'amusant | ARTE",https://www.youtube.com/watch?v=EK0kPlAKz8U,0.010786,0.012240,0.007473,0.500295,0.299575,28.310031,2021-12-17 15:00:08,262,0.0195,911.0000,0.0211,46825,911,0,79,990,46356750
USA - La guerre des livres | ARTE,https://www.youtube.com/watch?v=IDNimWoRCOY,0.011198,0.012212,0.004591,0.500800,1.908289,180.689570,2025-03-14 19:00:11,3619,0.0189,1607.0000,0.0211,85076,1607,0,189,1796,152796496
"Le jeu vidéo, même pas peur ! | Jour de play | ARTE",https://www.youtube.com/watch?v=YIT_wP6ydSM,0.010455,0.012552,0.021871,0.498503,0.236516,22.332481,2024-12-15 10:00:34,1133,0.0201,252.0000,0.0211,12511,252,0,12,264,3302904
Que nous révèlent les mythes ? | Les idées larges | ARTE,https://www.youtube.com/watch?v=9-pxTuwwqbs,0.020988,0.012661,0.000675,0.500258,12.903742,1223.039590,2024-12-11 16:30:02,1525,0.0205,14149.0000,0.0211,689727,14149,0,404,14553,10037597031
"Être pauvre, est-ce manquer d'argent ? | Les Idées Larges | ARTE",https://www.youtube.com/watch?v=1IYYXzbDm9I,0.017012,0.012346,0.001030,0.500574,3.445270,326.780047,2022-10-05 18:22:07,1419,0.0198,8822.0000,0.0211,445031,8822,0,561,9383,4175725873
Bougainville : le prochain pays du monde | ARTE Reportage,https://www.youtube.com/watch?v=o71W1lxO4gg,0.010425,0.012289,0.007243,0.500997,3.121240,296.066238,2026-01-02 11:01:22,735,0.0180,945.0000,0.0211,52455,945,0,160,1105,57962775
L'horreur du Fentanyl 💊 #drogue #cartels,https://www.youtube.com/watch?v=erzdYTCiWsI,0.010756,0.012283,0.007896,0.500160,0.424376,40.252968,2023-07-10 16:30:06,60,0.0196,854.0000,0.0211,43632,854,0,65,919,40097808
Peut-on décoloniser l’IA ? | PhantasIA | ARTE,https://www.youtube.com/watch?v=X0Zi-XbrygQ,0.009485,0.017010,0.039377,0.497823,4.118117,388.484874,2026-06-10 13:00:01,2516,0.0172,121.0000,0.0211,7028,121,0,27,148,1040144
Israël : la stratégie des colonies #palestine #israel,https://www.youtube.com/watch?v=XQoEchYQ_vk,0.009448,0.011408,0.010069,0.502088,2.201023,208.907508,2025-12-10 06:30:21,107,0.0153,641.0000,0.0210,41857,641,0,240,881,36876017
Mohamed Ali | Round 4 : une destinée (1974-2016) | ARTE,https://www.youtube.com/watch?v=e8PaxK7G6t8,0.010226,0.015997,0.010245,0.500575,15.163314,1439.403228,2026-06-04 19:00:32,5648,0.0183,628.0000,0.0210,34316,628,0,94,722,24776152
Poutine en Afrique malgré le mandat d’arrêt de la CP ? - Désintox | Arte,https://www.youtube.com/watch?v=0Z_rNE54wBM,0.010320,0.012069,0.011597,0.500143,0.259486,24.630516,2023-04-21 19:00:00,60,0.0189,542.0000,0.0210,28666,542,0,61,603,17285598
Biélorussie : manifestants condamnés | ARTE,https://www.youtube.com/watch?v=CYnJL1twKhw,0.009347,0.011273,0.022758,0.500247,0.074569,7.068863,2020-10-25 17:30:01,650,0.0164,240.0000,0.0210,14646,240,0,68,308,4510968
"Monaco, la grande histoire d’un micro-État | Intégrale | ARTE",https://www.youtube.com/watch?v=5WYmAr5J-Fs,0.010162,0.112132,0.030354,0.497850,91.500000,8655.000000,2026-06-27 15:30:39,8372,0.0194,168.0000,0.0210,8655,168,0,14,182,1575210
Y a-t-il du pétrole en Guyane? #arteinfo #pétrole #économie,https://www.youtube.com/watch?v=6zgzc3xtY-A,0.009903,0.012366,0.015598,0.500243,1.537986,146.015752,2026-02-03 07:30:03,154,0.0179,380.0000,0.0210,21219,380,0,66,446,9463674
Les sans-papiers de Beyrouth  🏙️👤🚫  #liban #réfugiés #documentaire,https://www.youtube.com/watch?v=QMN1FfGbub4,0.010446,0.012414,0.018755,0.498855,0.158903,15.072948,2023-09-25 17:30:05,57,0.0200,304.0000,0.0210,15177,304,0,15,319,4841463
Qui était ce passager clandestin sur les navires des conquistadors ? #histoire #arte #evq,https://www.youtube.com/watch?v=2cjNrS5lS2Y,0.010613,0.012627,0.012204,0.499474,0.816703,77.678577,2025-08-05 17:00:02,128,0.0201,510.0000,0.0210,25395,510,0,23,533,13535535
Grandir en Cisjordanie | ARTE Regards,https://www.youtube.com/watch?v=gxHrX33ZlpE,0.011217,0.011328,0.003424,0.502113,2.016086,192.098244,2024-07-09 10:00:42,1811,0.0163,2254.0000,0.0210,138160,2254,0,645,2899,400525840
Pouvons-nous encore sauver la vérité ? | 42 - La réponse à presque tout | ARTE,https://www.youtube.com/watch?v=OfAGLF5Zf8Q,0.010402,0.012233,0.009862,0.500276,0.978315,93.140991,2025-06-20 13:00:44,1814,0.0189,657.0000,0.0210,34750,657,0,72,729,25332750
Washington contre MAGA #washington #trump #maga #washington #arteinfo,https://www.youtube.com/watch?v=al0IDQmTt_E,0.010433,0.012277,0.010287,0.500134,0.856771,81.564075,2025-05-23 17:00:07,102,0.0191,625.0000,0.0210,32701,625,0,61,686,22432886
Les chameaux ont élu domicile en Europe | ARTE Regards,https://www.youtube.com/watch?v=cicQiAMZq6s,0.009693,0.011734,0.023644,0.499484,0.195219,18.545073,2024-07-29 10:00:38,1852,0.0177,229.0000,0.0210,12967,229,0,43,272,3527024
D'où vient le mythe de l'entrepreneur ? | Les idées larges | ARTE,https://www.youtube.com/watch?v=MZ1OMTevxdE,0.012214,0.012442,0.003039,0.500216,1.407508,134.175097,2023-11-15 16:30:06,1416,0.0202,2585.0000,0.0210,128264,2585,0,105,2690,345030160
Apprendre la peur et vivre avec elle | Twist | ARTE,https://www.youtube.com/watch?v=uU91VlNTiS0,0.011154,0.012944,0.006820,0.499650,2.298515,218.995534,2025-11-16 19:00:54,1774,0.0207,1014.0000,0.0210,49020,1014,0,14,1028,50392560
Suis-je un génie ou juste un imposteur ? | Twist | ARTE,https://www.youtube.com/watch?v=ZJa8-XtgYvE,0.010104,0.012957,0.021730,0.499013,1.350332,128.353629,2026-03-16 14:00:57,1802,0.0190,254.0000,0.0210,13355,254,0,26,280,3739400
🎎 À quoi sert le Daruma ? 🤔✨ #gachagacha #japan,https://www.youtube.com/watch?v=Ef0Ju906crE,0.010659,0.012618,0.017485,0.498588,0.184297,17.549428,2024-01-01 18:30:09,52,0.0208,331.0000,0.0209,15950,331,0,3,334,5327300
L'Europe submergée par les petits colis 📦 #fastfashion #shein,https://www.youtube.com/watch?v=wBYINzk8XlM,0.010415,0.012981,0.021121,0.498526,0.927573,88.311686,2026-01-31 09:30:27,166,0.0201,263.0000,0.0209,13091,263,0,11,274,3586934
Les grands mythes : L'Iliade (Intégrale) | ARTE,https://www.youtube.com/watch?v=QsHrl5lIQS4,0.011818,0.014986,0.003514,0.500354,32.206553,3076.434370,2026-05-23 15:30:15,15542,0.0198,2188.0000,0.0209,110710,2188,0,129,2317,256515070
👶 Des enfants ? Non merci ! #documentaire #maternité,https://www.youtube.com/watch?v=YbTN9vG-8xg,0.010370,0.012193,0.012066,0.499872,0.407979,38.938446,2024-08-07 15:30:17,56,0.0192,517.0000,0.0209,26867,517,0,45,562,15099254
Elise Lucet au cœur d’un scandale explosif ? #Désintox,https://www.youtube.com/watch?v=oLigp_6LTro,0.010727,0.012434,0.009812,0.499641,0.415466,39.666106,2024-03-22 15:30:13,51,0.0201,661.0000,0.0209,32843,661,0,26,687,22563141
La vengeance de Poutine | Tracks East | ARTE,https://www.youtube.com/watch?v=5NI4hniUirY,0.009769,0.011467,0.011166,0.501118,0.437175,41.770747,2024-04-16 18:00:02,1981,0.0169,567.0000,0.0209,33537,567,0,134,701,23509437
"A Haïti, les habitants vivent au rythme des balles #artereportage #haiti",https://www.youtube.com/watch?v=ESZ6ev6bcwk,0.010390,0.012833,0.013138,0.499641,1.814635,173.366330,2026-02-10 07:30:13,139,0.0195,467.0000,0.0209,23980,467,0,34,501,12013980
"Rencontre avec Anne L’Huillier, prix Nobel de physique ⚛️ | ARTE",https://www.youtube.com/watch?v=kv1YD9sDwqA,0.010873,0.012417,0.007134,0.499996,1.025203,98.134108,2025-02-19 14:01:03,473,0.0198,962.0000,0.0209,48483,962,0,50,1012,49064796
L'Europe dans l'oeil du cyclone avec Lea Ypi | ARTE,https://www.youtube.com/watch?v=YJhzpr5vZkE,0.010120,0.012072,0.017529,0.499464,0.243697,23.286706,2024-06-09 18:00:22,1970,0.0189,330.0000,0.0209,17439,330,0,34,364,6347796
Comment l'histoire façonne-t-elle notre inconscient ? | Les idées larges | ARTE,https://www.youtube.com/watch?v=io65juW_3FE,0.013282,0.012316,0.002046,0.500362,1.860084,178.251886,2023-05-10 19:00:16,1209,0.0199,4060.0000,0.0209,204070,4060,0,198,4258,868930060
"En Arménie, avec la mission civile de l’UE | ARTE Regards",https://www.youtube.com/watch?v=E-R7_5AYBV0,0.009701,0.011716,0.025170,0.499166,0.140650,13.435776,2024-01-25 11:00:10,1812,0.0178,212.0000,0.0209,11893,212,0,36,248,2949464
Macron-Merz : dans les coulisses du pouvoir (1/2) | Le temps de la relance | ARTE,https://www.youtube.com/watch?v=0bQeqoEhWRE,0.010196,0.012834,0.007631,0.501120,7.088383,679.469319,2026-04-14 19:00:04,2714,0.0175,889.0000,0.0208,50852,889,0,171,1060,53903120
"Rokhaya, la réfugiée Tik Tok | ARTE Reportage",https://www.youtube.com/watch?v=2HSyuQMlZ9Q,0.010884,0.011981,0.005099,0.500859,1.624172,155.749134,2025-02-17 16:30:00,1536,0.0184,1423.0000,0.0208,77243,1423,0,187,1610,124361230
"Birmanie, l’armée des ombres : le making of | ARTE Reportage",https://www.youtube.com/watch?v=t9DNRFzgub8,0.010250,0.012294,0.026069,0.498084,0.128555,12.288702,2024-03-14 10:00:46,648,0.0198,203.0000,0.0208,10276,203,0,11,214,2199064
Quelles contestations fonctionnent ? | 42 - La réponse à presque tout | ARTE,https://www.youtube.com/watch?v=lFBQ17hEClU,0.010339,0.012236,0.013091,0.499678,0.473740,45.411605,2025-01-10 14:00:54,1821,0.0193,469.0000,0.0208,24252,469,0,36,505,12247260
Tout ce que l'on sait sur les mystères de l'univers - Françoise Combes | La nuit des étoiles | ARTE,https://www.youtube.com/watch?v=RHvk64OHTm4,0.011456,0.012158,0.003963,0.500520,1.502216,144.352700,2024-08-11 15:30:14,974,0.0192,1905.0000,0.0208,99024,1905,0,155,2060,203989440
Débarrasser les eaux de nos déchets | ARTE Regards,https://www.youtube.com/watch?v=gJXMDUSQo-A,0.010525,0.012370,0.010413,0.499779,0.812998,78.087613,2025-05-22 10:01:20,1838,0.0196,616.0000,0.0208,31408,616,0,37,653,20509424
Qui se cache derrière les spectacles Shen Yun ? #enquête #shenyun,https://www.youtube.com/watch?v=YlQX3VqPHRI,0.010533,0.020380,0.015331,0.498976,16.084466,1543.463783,2026-06-16 05:30:03,166,0.0203,388.0000,0.0208,19144,388,0,10,398,7619312
🎮 C'est pas l'école qui a dicté nos (cheats) codes (ft Zerator) I Jour De Play I ARTE,https://www.youtube.com/watch?v=rsgmINg6-kQ,0.010448,0.012350,0.009824,0.500029,1.259732,121.068131,2025-09-17 20:12:16,9851,0.0192,660.0000,0.0208,34358,660,0,54,714,24531612
Comment le droit fabrique-t-il la richesse ? | Les idées larges | ARTE,https://www.youtube.com/watch?v=PzDDv9aIj6Y,0.012507,0.012429,0.002594,0.500303,4.025991,387.644334,2025-05-21 18:00:24,1530,0.0198,3098.0000,0.0208,156175,3098,0,145,3243,506475525
Danse mortelle - L'étrange cas de Strasbourg 1518 | ARTE,https://www.youtube.com/watch?v=ZMhM4DwLtfg,0.010715,0.012614,0.006488,0.500435,4.094817,394.075780,2026-02-04 19:00:39,3844,0.0190,1075.0000,0.0208,56684,1075,0,102,1177,66717068
Histoire de la terre: Du Chaos au chaos | Déclics | ARTE,https://www.youtube.com/watch?v=3xKD8aWjYTk,0.010235,0.014048,0.017933,0.499113,3.425221,329.020366,2026-05-09 10:00:06,1560,0.0194,321.0000,0.0208,16522,321,0,22,343,5667046
"Orania, une ville de Blancs ? | Documentaire | ARTE",https://www.youtube.com/watch?v=EcdKxsB0e_U,0.009527,0.011489,0.008073,0.502230,4.208045,405.185102,2026-02-12 14:00:18,2837,0.0151,832.0000,0.0208,55125,832,0,312,1144,63063000
Soudan : les orphelins d’Al-Mygoma | ARTE Reportage,https://www.youtube.com/watch?v=yBm7PQK97oQ,0.010208,0.012220,0.026069,0.498082,0.103967,9.979821,2023-08-29 15:30:11,754,0.0197,203.0000,0.0207,10319,203,0,11,214,2208266
La première sortie de Star Wars #shorts #starwars,https://www.youtube.com/watch?v=XcO-clZKpl4,0.010338,0.012301,0.023477,0.498192,0.079520,7.637260,2022-05-11 14:00:00,46,0.0200,231.0000,0.0207,11525,231,0,8,239,2754475
Riche épouse ou simple voleuse ? La femme aux bijoux de Pompéi | #pompei #archéologie,https://www.youtube.com/watch?v=EFJR8dRWFfY,0.010582,0.013253,0.011100,0.499493,3.076953,296.404505,2026-03-24 06:30:07,118,0.0200,571.0000,0.0207,28562,571,0,21,592,16908704
"Libéria : Kush, la drogue des morts | ARTE Reportage",https://www.youtube.com/watch?v=U5H6Q6cTaKg,0.013580,0.012158,0.001803,0.501082,11.511457,1110.583824,2025-11-10 16:30:13,2291,0.0183,4686.0000,0.0207,255373,4686,0,607,5293,1351689289
Grèce : une réfugiée en suspens | ARTE Reportage,https://www.youtube.com/watch?v=Mo9AWAQaLD8,0.009083,0.010913,0.018705,0.501000,0.127662,12.292945,2022-02-03 20:00:07,733,0.0155,305.0000,0.0207,19740,305,0,104,409,8073660
🤔₿ Qui est le mystérieux Satoshi ? #bitcoin #cryptomonnaie,https://www.youtube.com/watch?v=AEV7Y_Sx-Tc,0.010524,0.012410,0.014979,0.498978,0.240045,23.117086,2024-02-27 17:00:13,29,0.0203,399.0000,0.0207,19694,399,0,9,408,8035152
Inde : les malgré-nous de l'armée russe | ARTE Reportage,https://www.youtube.com/watch?v=GRoUFFQr3uc,0.010914,0.011514,0.003490,0.502601,11.856674,1144.337047,2026-02-20 16:30:13,1524,0.0151,2205.0000,0.0207,146412,2205,0,828,3033,444067596
Pourquoi la Chine envoie des médecins aux Îles Salomon ?,https://www.youtube.com/watch?v=gLJ0aRcR2OM,0.010529,0.013268,0.014382,0.499051,2.121126,204.358183,2026-03-19 06:30:34,125,0.0202,419.0000,0.0207,20714,419,0,10,429,8886306
"À la maison, papa sait tout faire | ARTE Regards",https://www.youtube.com/watch?v=gXNmSyk7_Nc,0.009956,0.013451,0.016201,0.499790,3.544242,341.595758,2026-05-01 19:00:44,1827,0.0184,363.0000,0.0207,19758,363,0,46,409,8081022
"Espagne, une guerre sans fin (2/2) | Documentaire | ARTE",https://www.youtube.com/watch?v=QpGDvZdmpyg,0.010565,0.011790,0.005044,0.501456,3.951215,381.566075,2025-11-19 16:30:24,3119,0.0171,1441.0000,0.0207,84305,1441,0,304,1745,147112225
La vision de la femme de 1945 à 1970 #shorts,https://www.youtube.com/watch?v=h0KiyK-hsrg,0.010208,0.011760,0.009404,0.500491,0.263353,25.414252,2022-05-24 13:01:39,59,0.0183,695.0000,0.0207,38022,695,0,92,787,29923314
Marchés de Noël : comment les sécuriser ? | Reportage | ARTE Regards,https://www.youtube.com/watch?v=8TLbzhdpP_c,0.008766,0.011190,0.031097,0.499869,0.597357,57.477271,2025-12-19 19:00:13,1834,0.0149,163.0000,0.0207,10969,163,0,64,227,2489963
Pourquoi Madonna a-t-elle choqué le monde ? #madonna,https://www.youtube.com/watch?v=OD-NhPvJUCc,0.010558,0.012616,0.014497,0.498970,0.638413,61.553271,2025-08-01 08:12:46,166,0.0204,415.0000,0.0207,20392,415,0,7,422,8605424
Le secret du vote | Faire l'histoire | ARTE,https://www.youtube.com/watch?v=WspFoRb9p2M,0.010189,0.012111,0.020184,0.498837,0.108787,10.479477,2022-10-02 14:00:12,915,0.0194,278.0000,0.0207,14305,278,0,18,296,4234280
ARTE fait sa rentrée | Découvrez la programmation 2024-2025,https://www.youtube.com/watch?v=hP_Buu0ZYcs,0.009803,0.011887,0.031097,0.498082,0.139162,13.379182,2024-09-05 12:44:17,5870,0.0184,163.0000,0.0207,8845,163,0,20,183,1618635
Immortel grâce à l'IA ? | ARTE Regards,https://www.youtube.com/watch?v=X1W16gQrLtU,0.009566,0.011606,0.020672,0.499852,0.340928,32.855359,2025-03-10 11:00:44,1833,0.0173,270.0000,0.0207,15612,270,0,53,323,5042676
Intelligence artificielle : standardisation et uniformisation | Phantas-IA #5 | ARTE,https://www.youtube.com/watch?v=4MULFpcKq2E,0.010362,0.012206,0.008191,0.500485,2.092846,202.210970,2025-11-21 19:00:05,1534,0.0185,818.0000,0.0207,44252,818,0,97,915,40490580
Les idoles de Zaho de Sagazan !,https://www.youtube.com/watch?v=N1pwQ2OsjX0,0.010623,0.012716,0.010845,0.499407,1.434100,138.610679,2025-11-30 09:30:27,157,0.0201,587.0000,0.0207,29141,587,0,15,602,17542882
Gardiens de la révolution : Les maîtres de l’Iran | #iran,https://www.youtube.com/watch?v=1twmwIAaLg0,0.010098,0.012413,0.013886,0.499842,1.472363,142.253398,2026-01-15 06:30:01,153,0.0187,437.0000,0.0207,23381,437,0,46,483,11293023
Jiang Qing vs Deng Xiaoping | Duels d'Histoire | ARTE,https://www.youtube.com/watch?v=n4_woW5wWBM,0.011453,0.012145,0.004031,0.500317,1.002439,97.005301,2023-10-14 13:00:41,764,0.0195,1868.0000,0.0207,95850,1868,0,112,1980,189783000
Trump contre la loi #trump #usa #arte #info #arteinfo,https://www.youtube.com/watch?v=OH8sSqIXM4A,0.010387,0.012213,0.008182,0.500423,1.998477,193.279662,2025-11-12 17:00:45,111,0.0186,819.0000,0.0207,44053,819,0,91,910,40088230
L'énorme préparation des acteurs de La La Land 💃🕺 #ryangosling #lalaland,https://www.youtube.com/watch?v=eZ8JA9uyVBs,0.010546,0.012446,0.015201,0.498858,0.258118,24.928482,2024-05-18 16:00:26,39,0.0204,392.0000,0.0207,19219,392,0,5,397,7629943
Le mythe de la licorne | Documentaire | ARTE,https://www.youtube.com/watch?v=TEbXkxUPR-g,0.011542,0.013694,0.004097,0.500055,14.168041,1371.053446,2026-04-22 19:00:20,3163,0.0200,1833.0000,0.0207,91642,1833,0,60,1893,173478306
Forever young : voulons-nous devenir immortels ? | Twist | ARTE,https://www.youtube.com/watch?v=3AjyNiHJeTw,0.009841,0.011906,0.013940,0.500284,0.951548,91.991789,2025-10-05 18:00:04,1820,0.0178,435.0000,0.0206,24459,435,0,70,505,12351795
Le jeu vidéo est trop horny | Jour de Play | ARTE,https://www.youtube.com/watch?v=2R-KQfyOjIc,0.009634,0.011485,0.016164,0.500315,0.243245,23.515542,2024-01-14 10:00:03,1017,0.0173,364.0000,0.0206,21075,364,0,71,435,9167625
Pourquoi sommes-nous accros aux aliments ultratransformés ? 🍔 #Alimentation #Reportage,https://www.youtube.com/watch?v=NuzxCq_yopY,0.010453,0.012441,0.015735,0.498915,0.411581,39.816696,2025-03-16 17:00:21,143,0.0201,376.0000,0.0206,18671,376,0,9,385,7188335
Avons-nous besoin de plus de douleur ? | 42 - La réponse à presque tout | ARTE,https://www.youtube.com/watch?v=bNt7Tz-rsFk,0.011302,0.012068,0.004168,0.500477,1.469496,142.485044,2024-09-06 13:00:41,1622,0.0191,1797.0000,0.0206,94053,1797,0,142,1939,182368767
Trop rapide pour une femme ? 🏃🏽‍♀️ #sport #athlétisme #arteinfo,https://www.youtube.com/watch?v=Oax0qzcS_qM,0.010063,0.011998,0.014268,0.499812,0.524478,50.772585,2025-04-07 12:30:23,115,0.0186,423.0000,0.0206,22701,423,0,45,468,10624068
Haïti : les mots contre les balles | ARTE Reportage,https://www.youtube.com/watch?v=4WVHOruMq0k,0.011784,0.011797,0.003050,0.500942,1.616859,156.834226,2024-01-15 16:30:01,1463,0.0183,2574.0000,0.0206,140358,2574,0,319,2893,406055694
Madha Nahwa - Un plan qui tombe à l’eau | Bienvenue en Géozarbie | ARTE,https://www.youtube.com/watch?v=7jFQNvAsS8c,0.010655,0.012322,0.008391,0.499818,0.943339,91.454025,2025-04-13 15:30:03,630,0.0197,795.0000,0.0206,40330,795,0,36,831,33514230
Comment devenir cascadeur ? | Les chorégraphes du brutal | ARTE Regards,https://www.youtube.com/watch?v=2cs47jth09g,0.010286,0.012876,0.029927,0.497328,0.582110,56.213340,2026-01-28 11:00:05,1831,0.0201,171.0000,0.0206,8498,171,0,4,175,1487150
"Groenland, l'épopée viking | Enquêtes archéologiques | ARTE",https://www.youtube.com/watch?v=Y1VvOAtCCSo,0.010502,0.016957,0.012840,0.499232,11.769568,1140.790392,2026-06-07 15:30:27,1574,0.0200,480.0000,0.0206,23941,480,0,13,493,11802913
Stéroïdes anabolisants : enquête sur le marché du muscle | Sources | ARTE,https://www.youtube.com/watch?v=3OYwaXzYG-Q,0.013969,0.011930,0.001644,0.501184,10.218905,992.424988,2025-09-10 18:00:03,991,0.0180,5205.0000,0.0206,288679,5205,0,739,5944,1715907976
"Hongrie, le laboratoire de l'extrême droite européenne | Documentaire | ARTE",https://www.youtube.com/watch?v=3x8cIZfvQYk,0.010048,0.012263,0.006674,0.501540,7.276376,706.387217,2026-03-31 15:30:03,3179,0.0165,1040.0000,0.0206,62859,1040,0,254,1294,81339546
Empire égyptien : ce que les tombes révèlent de son effondrement ! #archéologie,https://www.youtube.com/watch?v=vyeHv0mA7kI,0.010728,0.012756,0.009074,0.499506,1.933516,187.608553,2025-12-19 06:30:37,162,0.0202,725.0000,0.0206,35901,725,0,14,739,26530839
La cité perdue des Taironas | Enquêtes archéologiques | ARTE,https://www.youtube.com/watch?v=egO7m6HkcWE,0.010698,0.014187,0.008837,0.499613,7.724666,749.633685,2026-05-09 19:00:40,1586,0.0200,748.0000,0.0206,37362,748,0,21,769,28731378
Le lithium serbe convoité par l’Europe | ARTE Regards,https://www.youtube.com/watch?v=YpIQCddqj8A,0.009263,0.012604,0.017144,0.500782,3.495935,338.969094,2026-04-27 10:01:00,1834,0.0161,339.0000,0.0206,21089,339,0,95,434,9152626
Pourquoi la chaleur tue plus que les ouragans ? 🥵 #canicule #chaleur #climat #arteinfo,https://www.youtube.com/watch?v=c4_J2MLI4XY,0.010381,0.012088,0.008651,0.500243,1.165067,113.093235,2025-07-02 17:01:00,89,0.0188,767.0000,0.0206,40818,767,0,73,840,34287120
Le pays des hommes | Pakistan | ARTE,https://www.youtube.com/watch?v=Vho-nicMgSk,0.009974,0.011194,0.006012,0.502018,2.430207,236.073664,2025-08-15 09:00:49,1776,0.0157,1175.0000,0.0206,74896,1175,0,366,1541,115414736
Est-il vrai que l'imprimerie marque le début des Temps modernes ? | Est-il vrai que...? | ARTE,https://www.youtube.com/watch?v=czEA5QJU9y4,0.010246,0.014199,0.029378,0.497445,1.838867,177.852003,2026-05-10 10:01:03,1379,0.0200,175.0000,0.0206,8753,175,0,5,180,1575540
Comment bifurquer ? | Les idées larges | ARTE,https://www.youtube.com/watch?v=fK8UlqYJ_ek,0.010438,0.011984,0.007727,0.500368,1.020204,99.140522,2025-03-12 16:30:10,1655,0.0187,876.0000,0.0206,46888,876,0,88,964,45200032
Dans la tête des champions de l'e-sport | Game of Minds | ARTE,https://www.youtube.com/watch?v=mVq2qBhmSxs,0.010521,0.011917,0.007452,0.500250,0.437821,42.646973,2023-05-22 18:00:16,1247,0.0189,914.0000,0.0205,48314,914,0,77,991,47879174
Monnaie hélicoptère | MONEY | ARTE,https://www.youtube.com/watch?v=8xDXUM5fWGU,0.010052,0.017181,0.023072,0.498541,6.662580,647.191943,2026-06-09 15:30:00,1408,0.0192,236.0000,0.0205,12288,236,0,16,252,3096576
Géorgie : l’État contre le peuple | Documentaire | ARTE,https://www.youtube.com/watch?v=Q_rMb4mlbYg,0.009235,0.012054,0.021523,0.500156,1.639003,159.418374,2026-03-21 19:00:22,3619,0.0163,257.0000,0.0205,15757,257,0,66,323,5089511
Abkhazie : un confetti de la Russie ? | ARTE Reportage,https://www.youtube.com/watch?v=MrrGkJW3Ldk,0.010209,0.011305,0.006188,0.501348,0.545065,53.144779,2023-01-12 11:30:06,747,0.0169,1136.0000,0.0205,67130,1136,0,240,1376,92370880
🏡 La vie des femmes au foyer #60's #documentaire,https://www.youtube.com/watch?v=NFubtAKJz-8,0.010272,0.011817,0.008907,0.500313,0.458197,44.654375,2024-01-14 17:30:04,41,0.0185,741.0000,0.0205,40006,741,0,79,820,32804920
"Espagne, de la dictature à la démocratie | Documentaire | ARTE",https://www.youtube.com/watch?v=0YdHCNZZf8A,0.010158,0.011785,0.006724,0.501200,3.119554,304.342175,2025-12-12 16:30:01,3204,0.0171,1031.0000,0.0205,60243,1031,0,203,1234,74339862
Une jeune femme chinoise témoigne  #chine #enfants #voixdelaChine #arteinfo,https://www.youtube.com/watch?v=rkpFJsY2XfI,0.010470,0.012432,0.012027,0.499326,0.841398,82.000906,2025-08-14 17:01:11,100,0.0199,519.0000,0.0205,26070,519,0,15,534,13921380
Peut-on devenir amis avec nos ennemis ? | 42 - La réponse à presque tout | ARTE,https://www.youtube.com/watch?v=6OkT5oVsNh0,0.010158,0.011892,0.010987,0.500070,0.521199,50.817333,2024-10-25 13:00:08,1753,0.0186,578.0000,0.0205,31054,578,0,58,636,19750344
Devenir médecin ? L'étonnant filon roumain | ARTE Regards,https://www.youtube.com/watch?v=p6aouz-_Dyw,0.011073,0.011746,0.003569,0.501694,8.132748,793.919626,2026-01-16 20:00:47,1826,0.0166,2149.0000,0.0205,129249,2149,0,498,2647,342122103
Suisse : la police à l'école des psys | ARTE Regards,https://www.youtube.com/watch?v=c9iYTPAp2Wg,0.011022,0.011806,0.004443,0.500712,1.187493,115.935936,2024-05-09 10:00:37,1810,0.0185,1669.0000,0.0205,90455,1669,0,183,1852,167522660
"Les Géorgiens, entre rêve européen et Russie | ARTE Regards",https://www.youtube.com/watch?v=rXxDP0kbktE,0.009446,0.011268,0.015233,0.500639,0.331401,32.317807,2024-07-01 10:00:54,1836,0.0166,391.0000,0.0205,23502,391,0,90,481,11304462
Pourquoi les terres rares sont-elles si importantes ? #mineraux #europe #arteweekly #arteinfo,https://www.youtube.com/watch?v=f0slHosJWBY,0.010407,0.012364,0.013729,0.499144,0.578670,56.458443,2025-05-30 15:01:14,93,0.0199,443.0000,0.0205,22245,443,0,12,455,10121475
Visas dorés : acheter son entrée dans l'UE ? 🪪 🇪🇺 #eu #immobilier #arte #expresso,https://www.youtube.com/watch?v=-sh0L6m5a98,0.010933,0.012291,0.006411,0.499762,0.843449,82.400846,2024-09-05 15:45:00,60,0.0200,1090.0000,0.0205,54465,1090,0,24,1114,60674010
La promesse de la beauté | Unhappy | ARTE,https://www.youtube.com/watch?v=NiEZ54lgweo,0.011376,0.012350,0.003576,0.500857,8.840274,864.329116,2026-02-12 20:00:15,1608,0.0183,2144.0000,0.0204,117375,2144,0,256,2400,281700000
Le fantôme de la blockchain 👤💻💰 | En mode | ARTE #bitcoin #enquête,https://www.youtube.com/watch?v=gGUTGT2OFAo,0.010320,0.012084,0.012663,0.499457,0.269466,26.308925,2023-11-19 18:00:16,60,0.0195,488.0000,0.0204,25043,488,0,24,512,12822016
Femme non mariée = femme ratée ? | #coréedusud,https://www.youtube.com/watch?v=SntoRxlEbGk,0.011680,0.012661,0.003378,0.500410,9.430941,922.307361,2026-02-19 06:30:18,85,0.0192,2289.0000,0.0204,119311,2289,0,150,2439,290999529
"Ukraine : fixeurs de guerre, les invisibles du reportage | ARTE Reportage",https://www.youtube.com/watch?v=i3_X8gQlqCk,0.010092,0.022066,0.022914,0.498437,12.749950,1242.512991,2026-06-18 18:00:07,1670,0.0194,238.0000,0.0204,12279,238,0,13,251,3082029
Patrick Baud @patrick_baud s'est occupé de tout pour notre live Persévérance sur Twitch ! #arte,https://www.youtube.com/watch?v=eIBhYAK9uE8,0.010146,0.012108,0.025863,0.497957,0.084523,8.235084,2023-01-09 16:58:37,22,0.0197,205.0000,0.0204,10425,205,0,8,213,2220525
Interview de Xavier de La Porte | Le code a changé | ARTE,https://www.youtube.com/watch?v=6ael7429p_M,0.009854,0.011696,0.015041,0.499906,0.307865,30.074777,2024-06-29 10:00:07,904,0.0181,397.0000,0.0204,21931,397,0,51,448,9825088
Bergers en famille | Documentaire | ARTE,https://www.youtube.com/watch?v=-Mg8KpiwMRY,0.010658,0.012697,0.006509,0.500227,4.959250,485.385475,2026-03-04 16:30:01,3469,0.0190,1071.0000,0.0204,56278,1071,0,78,1149,64663422
Massacres en Iran : refuser le silence | ARTE Reportage,https://www.youtube.com/watch?v=_TTo6V60QIU,0.009365,0.011333,0.009042,0.501946,3.272276,320.336468,2026-01-29 14:00:57,1409,0.0151,728.0000,0.0204,48066,728,0,253,981,47152746
L’humain est-il monogame ? | 42 - La réponse à presque tout | ARTE,https://www.youtube.com/watch?v=TiQDz7-irPo,0.014413,0.012407,0.001505,0.500866,23.491536,2302.948006,2026-02-13 14:00:43,1721,0.0185,5751.0000,0.0204,311010,5751,0,593,6344,1973047440
"🏡 Avez-vous déjà vu une ""verrue architecturale"" ? #architecture #voisinage",https://www.youtube.com/watch?v=nmW4ZIuIyw8,0.010414,0.012056,0.010470,0.499631,0.271393,26.568556,2023-04-04 16:30:07,54,0.0195,612.0000,0.0204,31376,612,0,28,640,20080640
"SOS, la science voit des fantômes | Gymnastique | ARTE",https://www.youtube.com/watch?v=z44W1Vz1sNQ,0.010193,0.012016,0.014948,0.499285,0.217605,21.297504,2023-10-30 16:30:08,362,0.0193,400.0000,0.0204,20700,400,0,22,422,8735400
Les tubes peuvent-ils être des chefs-d'œuvre ? | Les idées larges | ARTE,https://www.youtube.com/watch?v=Yig2hUhtlRc,0.010197,0.012034,0.011249,0.499867,0.781518,76.555365,2025-06-04 15:30:16,1500,0.0189,562.0000,0.0204,29779,562,0,45,607,18075853
Ondes sonores : les symphonies de la physique (1/2) | Documentaire | ARTE,https://www.youtube.com/watch?v=ASd7ZYHHaIA,0.010671,0.012524,0.006961,0.499994,3.139596,307.981740,2026-01-13 16:30:06,2904,0.0194,990.0000,0.0204,51108,990,0,51,1041,53203428
Et si on communiquait avec les oiseaux ? 🐦 #communication #arte,https://www.youtube.com/watch?v=un4umItjaa4,0.009816,0.011620,0.014585,0.499989,0.283326,27.765965,2024-03-24 17:30:06,21,0.0180,412.0000,0.0204,22932,412,0,55,467,10709244
Pourquoi Airbnb va supprimer 65 000 logements en Espagne ? #airbnb #crise #tourisme #arteinfo,https://www.youtube.com/watch?v=QRcmnaHb8O4,0.010385,0.012238,0.011317,0.499492,0.743112,72.883762,2025-06-02 17:00:26,146,0.0196,558.0000,0.0204,28492,558,0,22,580,16525360
2 programmes ARTE pour mieux comprendre la présidentielle américaine avec @vivremoinscon 🇺🇸,https://www.youtube.com/watch?v=kmPlqkHAbag,0.010237,0.012223,0.020243,0.498452,0.237135,23.229245,2024-11-04 17:00:53,59,0.0198,277.0000,0.0203,13959,277,0,7,284,3964356
Tadjikistan : l’islam sous surveillance | ARTE Reportage,https://www.youtube.com/watch?v=hhf9VVWGIwA,0.010402,0.010960,0.004023,0.502658,6.742935,662.874867,2025-12-15 16:30:16,1497,0.0145,1872.0000,0.0203,129224,1872,0,756,2628,339600672
Otages israéliens : à quand le retour ?  | ARTE Regards,https://www.youtube.com/watch?v=gAUO9rUGSpU,0.008023,0.009994,0.032538,0.500651,0.158385,15.525546,2024-04-30 10:00:37,1832,0.0126,154.0000,0.0203,12253,154,0,95,249,3050997
La bourse ? Grave ! | ARTE,https://www.youtube.com/watch?v=gc8aX9hFsFE,0.011832,0.012846,0.002983,0.500654,16.746835,1648.156059,2026-04-03 15:30:21,1820,0.0186,2640.0000,0.0203,141719,2640,0,239,2879,408009001
Argentine : Milei et la rivière en sursis | ARTE Reportage,https://www.youtube.com/watch?v=FID3fcaeBv0,0.009790,0.012768,0.018654,0.499414,2.060575,202.273778,2026-04-06 15:30:09,1498,0.0182,306.0000,0.0203,16786,306,0,35,341,5724026
Générer notre propre énergie | Biosphère du désert : la prépa d'une mission low-tech (4/5) | ARTE,https://www.youtube.com/watch?v=-dw7bEPf8Fs,0.011273,0.011934,0.004093,0.500327,1.044238,102.778482,2023-12-07 11:00:00,1260,0.0191,1835.0000,0.0203,96013,1835,0,115,1950,187225350
Humains VS insectes : qui prend les meilleures décisions ? ft. Fouloscopie | Scope | REPLAY | ARTE,https://www.youtube.com/watch?v=Ta8bFDSl54o,0.010192,0.012081,0.013576,0.499424,0.516505,50.758860,2025-03-25 19:28:14,7806,0.0192,449.0000,0.0203,23340,449,0,25,474,11063160
Devenir prof de fac ? #prof #université,https://www.youtube.com/watch?v=DkWozt3NKR0,0.011398,0.011668,0.003490,0.500792,1.190331,117.202929,2023-09-02 16:00:07,59,0.0183,2205.0000,0.0203,120715,2205,0,246,2451,295872465
"Transmettre | Kiev, un opéra en guerre (4/4) | ARTE",https://www.youtube.com/watch?v=6lU1dOzcUzg,0.009681,0.011749,0.048738,0.495528,0.059032,5.760784,2024-02-15 16:30:01,1343,0.0185,92.0000,0.0203,4977,92,0,9,101,502677
"Le plus ancien ""bâton de comptage"" de l'humanité ? #Chiffres #Mathématiques",https://www.youtube.com/watch?v=8v8ZjdLE59k,0.010776,0.012306,0.007230,0.499631,1.117258,110.062132,2025-04-23 16:00:12,120,0.0200,947.0000,0.0203,47433,947,0,15,962,45630546
Comment reprendre le pouvoir sur notre quotidien ? | Les idées larges | ARTE,https://www.youtube.com/watch?v=F8nADGeEwrQ,0.018317,0.012176,0.000868,0.500256,10.555904,1041.124348,2025-01-22 19:00:14,1496,0.0197,10687.0000,0.0203,543301,10687,0,329,11016,5985003816
"Éco-activisme : l'engagement de la ""dernière génération"" | ARTE Regards",https://www.youtube.com/watch?v=TNQYwwje9mQ,0.008410,0.010167,0.018505,0.501860,0.201935,19.877974,2023-04-19 10:00:31,1936,0.0133,309.0000,0.0203,23182,309,0,161,470,10895540
Heurts et tensions dans les villes | ARTE Regards,https://www.youtube.com/watch?v=RNoYurWKZJI,0.010310,0.011902,0.009485,0.499909,0.453583,44.700450,2024-04-09 10:00:22,1809,0.0190,688.0000,0.0203,36217,688,0,46,734,26583278
"Tremblez ! Les sorcières reviennent ! | Gymnastique, la culture en s'amusant | ARTE",https://www.youtube.com/watch?v=Ojy6PleEbI8,0.010708,0.011884,0.006298,0.500078,0.241563,23.820348,2019-10-31 13:15:01,305,0.0192,1113.0000,0.0203,57933,1113,0,61,1174,68013342
"Trump, mon père et moi | Documentaire | ARTE",https://www.youtube.com/watch?v=W2GdquW25Jw,0.014652,0.011663,0.001435,0.501689,21.160205,2089.432911,2026-01-05 19:00:29,3225,0.0167,6069.0000,0.0203,363228,6069,0,1287,7356,2671905168
Les chiens peuvent-ils parler ? | Documentaire | ARTE,https://www.youtube.com/watch?v=cp-R1oUWC2E,0.009956,0.014982,0.011561,0.500133,10.525423,1037.792864,2026-05-30 18:00:02,3181,0.0181,544.0000,0.0203,29974,544,0,63,607,18194218
Avons-nous encore besoin de Dieu ? | 42 - La réponse à presque tout | ARTE,https://www.youtube.com/watch?v=WdGyoqff7a4,0.019168,0.011477,0.000833,0.501373,11.582625,1143.916819,2024-12-13 14:00:35,1561,0.0174,11196.0000,0.0202,642937,11196,0,1823,13019,8370396803
Filmer les moments historiques: Sophie Nivelle-Cardinale #reportage #arteinfo #actualité,https://www.youtube.com/watch?v=pHKcspMZZPk,0.010412,0.012295,0.012975,0.499074,0.534783,52.715574,2025-04-04 22:00:44,107,0.0200,474.0000,0.0202,23707,474,0,6,480,11379360
Superstition et voyance en temps de guerre | Tracks East | ARTE,https://www.youtube.com/watch?v=dK-4UUkt8uc,0.009724,0.011636,0.018358,0.499501,0.271301,26.740568,2024-09-19 18:00:16,1800,0.0180,312.0000,0.0202,17298,312,0,38,350,6054300
L'été où tout a basculé pour Janine Benyus,https://www.youtube.com/watch?v=dM4RdCUN8vY,0.010109,0.012933,0.019833,0.498623,1.520111,149.843962,2026-03-23 06:30:31,114,0.0195,284.0000,0.0202,14589,284,0,11,295,4303755
Bad Bunny engagé pour le Puerto Rico #badbunny #superbowl #puertorico #usa #arteinfo,https://www.youtube.com/watch?v=EZ1KC3wKOz8,0.010447,0.012689,0.010123,0.499479,2.349652,232.116915,2026-02-09 06:00:11,121,0.0197,637.0000,0.0202,32353,637,0,17,654,21158862
Mourait-on plus jeune avant? #arte #histoire #evq,https://www.youtube.com/watch?v=HwQnYHZMPFY,0.010198,0.012310,0.015430,0.499059,0.789191,77.889243,2025-10-18 05:00:16,121,0.0195,385.0000,0.0202,19739,385,0,14,399,7875861
Replay de la conférence de rentrée 2022/2023 | ARTE,https://www.youtube.com/watch?v=Rqp3WjYHx20,0.009096,0.011074,0.038873,0.497842,0.054365,5.344234,2022-08-30 16:15:02,3674,0.0165,123.0000,0.0202,7471,123,0,28,151,1128121
Ukraine : les blessures invisibles | ARTE Reportage,https://www.youtube.com/watch?v=PLUNKFxDluc,0.009636,0.011340,0.012707,0.500477,0.337992,33.393849,2024-03-04 11:00:30,1461,0.0172,486.0000,0.0202,28257,486,0,85,571,16134747
Les troubles du spectre autistique | Psycho | ARTE,https://www.youtube.com/watch?v=OEXedoyp0_k,0.020366,0.011678,0.000732,0.500839,5.745514,568.635163,2023-02-11 14:00:15,1576,0.0185,12937.0000,0.0202,701155,12937,0,1231,14168,9933964040
Quels sont les pays qui aident le plus l'Ukraine ? 🇺🇦 #Ukraine #Expresso,https://www.youtube.com/watch?v=6lsnZ1K92kQ,0.010215,0.012241,0.020991,0.498270,0.285332,28.146462,2025-03-12 12:00:16,104,0.0199,265.0000,0.0202,13317,265,0,4,269,3582273
🔴 Replay Live | ARTE Book Club #02 | « La Place » d’Annie Ernaux (Le Mock & Nora Bouazzouni) | ARTE,https://www.youtube.com/watch?v=C21XPOT6T2w,0.010210,0.011770,0.010385,0.499834,0.146185,14.462817,2020-04-19 19:12:37,3302,0.0189,618.0000,0.0202,32698,618,0,42,660,21580680
Comment vit-on avec l’autisme ? #Autisme #Reportage,https://www.youtube.com/watch?v=immutPvD6vw,0.010228,0.012294,0.020926,0.498240,0.341802,33.749830,2025-05-29 16:01:14,152,0.0200,266.0000,0.0202,13330,266,0,3,269,3585770
Parler avec les oiseaux 🦜 #langage #arte,https://www.youtube.com/watch?v=QIp4eF2pNMk,0.010001,0.011803,0.014764,0.499465,0.259217,25.646442,2024-03-07 17:00:18,32,0.0188,406.0000,0.0202,21618,406,0,30,436,9425448
Est-il vrai que les Bavarois ne portent que des tenues folkloriques ? | Est-il vrai que...? | ARTE,https://www.youtube.com/watch?v=djbXt-VGVk8,0.009901,0.013210,0.030945,0.497494,1.239048,122.167333,2026-04-19 10:00:55,1522,0.0191,164.0000,0.0202,8578,164,0,9,173,1483994
Et si nous apprenions à vivre avec les rats ? 🐀 #Reportage #Rat,https://www.youtube.com/watch?v=VgoYaVcKjHo,0.010355,0.012197,0.011724,0.499306,0.671206,66.467771,2025-05-15 16:00:59,102,0.0197,535.0000,0.0202,27183,535,0,13,548,14896284
"Inflation, la grande peur | MONEY | ARTE",https://www.youtube.com/watch?v=X8aO4uqStFQ,0.010012,0.014880,0.010768,0.500098,10.958166,1085.629197,2026-05-29 19:00:04,1414,0.0183,592.0000,0.0202,32396,592,0,61,653,21154588
30 juin 1936 - Le discours d'Haïlé Sélassié à la SDN | Quand l'histoire fait dates | ARTE,https://www.youtube.com/watch?v=Hy_rvfQmT9s,0.014717,0.012088,0.001418,0.500467,10.523405,1044.064682,2025-08-23 10:00:25,1598,0.0191,6153.0000,0.0202,322841,6153,0,354,6507,2100726387
"À Berlin, les oubliés de l’ascenseur social | ARTE Regards",https://www.youtube.com/watch?v=WFlvb6mqAs8,0.009748,0.011302,0.009159,0.500940,0.822183,81.498739,2025-01-23 11:00:37,1818,0.0169,717.0000,0.0202,42475,717,0,139,856,36358600
🔴 Replay Live | ARTE Book Club #04 | « Lundi ou mardi » Virginia Woolf (Le Mock & Antastesia) | ARTE,https://www.youtube.com/watch?v=9Hbt6WG8slg,0.010213,0.011807,0.011019,0.499679,0.135747,13.450980,2020-05-03 19:22:37,3484,0.0191,576.0000,0.0202,30222,576,0,33,609,18405198
"Un baiser de 6 secondes peut sauver votre couple, c'est la science qui le dit !",https://www.youtube.com/watch?v=pYIQUGSa0sE,0.010440,0.012965,0.010136,0.499432,3.279377,325.046190,2026-03-21 09:01:10,70,0.0197,636.0000,0.0201,32263,636,0,14,650,20970950
ASMR cuisine 🤤 #recette #asmr,https://www.youtube.com/watch?v=2kBXhxqy9aw,0.010080,0.011921,0.016018,0.499114,0.236858,23.467921,2024-04-02 16:30:00,31,0.0192,368.0000,0.0201,19172,368,0,18,386,7400392
"Maduro, du socialisme à la dictature | Portrait du président vénézuélien enlevé par les USA",https://www.youtube.com/watch?v=n2lQBDNXodI,0.009733,0.011940,0.013476,0.500111,1.514428,150.151408,2026-01-09 06:30:23,176,0.0177,453.0000,0.0201,25580,453,0,62,515,13173700
Le rêve américain : nostalgie ou illusion ? | Tracks East | ARTE,https://www.youtube.com/watch?v=bQdReAaN2YU,0.010610,0.013257,0.005612,0.500475,11.837223,1175.162770,2026-04-30 18:00:36,1847,0.0184,1273.0000,0.0201,69196,1273,0,120,1393,96390028
La Silicon Valley assoiffée de sang | Big Flops | ARTE,https://www.youtube.com/watch?v=6ihr5lfBS3Q,0.011339,0.011717,0.003687,0.500477,0.769028,76.368260,2022-07-09 18:00:02,346,0.0187,2070.0000,0.0201,110725,2070,0,159,2229,246806025
Le roi dollar | MONEY | ARTE,https://www.youtube.com/watch?v=3wIuSNLM4ik,0.010492,0.014697,0.007425,0.499966,14.197396,1410.118179,2026-05-25 13:00:04,1356,0.0191,918.0000,0.0201,48072,918,0,49,967,46485624
Le pays de la diversité | Pakistan | ARTE,https://www.youtube.com/watch?v=vOUPJ_RTUl0,0.009157,0.011057,0.014047,0.501047,0.859011,85.254873,2025-08-10 18:00:50,1804,0.0157,431.0000,0.0201,27442,431,0,121,552,15147984
Les chiens peuvent-ils parler ? #chien #chiens #animaux,https://www.youtube.com/watch?v=wnMYO1GcdSQ,0.010450,0.012296,0.008877,0.499656,1.629874,161.844339,2025-11-04 10:01:42,104,0.0195,744.0000,0.0201,38230,744,0,25,769,29398870
La sexualisation de Britney Spears #britneyspears,https://www.youtube.com/watch?v=fsi8rhSubrs,0.010080,0.012160,0.030500,0.497201,0.169936,16.798778,2025-02-10 12:00:55,135,0.0198,167.0000,0.0201,8452,167,0,3,170,1436840
Pourquoi Kasparov est un joueur d'échecs à part ? ♟ #échecs #kasparov,https://www.youtube.com/watch?v=Qr54Cep5KlQ,0.010667,0.012112,0.007166,0.499704,0.899208,89.355601,2024-12-30 17:00:23,56,0.0197,957.0000,0.0201,48692,957,0,22,979,47669468
"Tchernobyl, une bombe à retardement ? #tchernobyl #nucléaire #artereportage #arte",https://www.youtube.com/watch?v=g4w9acCYjkY,0.009986,0.013145,0.013280,0.499665,3.817245,378.955311,2026-04-24 06:30:32,107,0.0186,461.0000,0.0201,24769,461,0,37,498,12334962
Attaque nucléaire à Hawaï | Big Flops | ARTE,https://www.youtube.com/watch?v=16wPhUF0gRY,0.010379,0.011857,0.008837,0.499782,0.261528,25.990697,2022-05-21 18:00:00,305,0.0192,748.0000,0.0201,38957,748,0,35,783,30503331
La Vénus | Scandale dans le monde de l'art (1/3) | ARTE,https://www.youtube.com/watch?v=vad8N9PiJfk,0.010481,0.013744,0.006792,0.500173,11.412975,1135.382028,2026-05-11 19:00:45,1761,0.0188,1019.0000,0.0201,54317,1019,0,72,1091,59259847
Le métier de mes rêves | Unhappy |  ARTE,https://www.youtube.com/watch?v=N8jTKLLU1Aw,0.010759,0.012645,0.006101,0.499895,4.740226,471.721876,2026-02-22 14:00:25,1573,0.0194,1155.0000,0.0201,59460,1155,0,39,1194,70995240
"Venezuela : Trump, le roi du pétrole ? #venezuela #trump #petrole #expresso #arteinfo",https://www.youtube.com/watch?v=UK3e3Xffz1U,0.009817,0.012087,0.015701,0.499574,1.204228,119.679980,2026-01-07 07:45:03,105,0.0183,377.0000,0.0201,20622,377,0,37,414,8537508
"Europe, le choix des armes | Documentaire | ARTE",https://www.youtube.com/watch?v=xFBHDjcGY4Y,0.011954,0.014853,0.002523,0.501601,74.916735,7462.580008,2026-06-02 18:00:35,5064,0.0166,3198.0000,0.0201,193147,3198,0,679,3877,748830919
"Le procès du siècle : Nuremberg, 1945 ⚖️ #histoire #justice",https://www.youtube.com/watch?v=k1iu76CpTs4,0.010256,0.012406,0.012998,0.499193,1.250249,124.350862,2025-12-16 06:30:26,148,0.0196,473.0000,0.0201,24169,473,0,12,485,11721965
TikTok : un réseau sous influence #TikTok #Reportage,https://www.youtube.com/watch?v=Fz9ETjHXAdY,0.010268,0.012112,0.012305,0.499282,0.611814,60.866128,2025-04-29 16:00:33,161,0.0195,505.0000,0.0201,25866,505,0,14,519,13424454
Papier monnaie | MONEY | ARTE,https://www.youtube.com/watch?v=H8qku3iC7GU,0.009928,0.014244,0.011249,0.500080,8.681147,863.990068,2026-05-23 18:00:10,1395,0.0181,562.0000,0.0201,31002,562,0,60,622,19283244
Syrie : l’enfance brisée | ARTE Reportage,https://www.youtube.com/watch?v=xVApQRP86Hw,0.015782,0.011250,0.001204,0.501307,2.057190,205.234127,2020-10-12 18:00:14,1500,0.0173,7401.0000,0.0200,427889,7401,0,1176,8577,3670003953
"L’art du henné, un chemin vers la liberté | Documentaire | ARTE",https://www.youtube.com/watch?v=NmrxSaOmTgQ,0.009941,0.012545,0.017529,0.499062,1.525441,151.866139,2026-03-05 14:00:39,2613,0.0189,330.0000,0.0200,17472,330,0,20,350,6115200
L'importance de la créativité | Kids | ARTE,https://www.youtube.com/watch?v=89Nri4meWKY,0.014032,0.012084,0.001623,0.500069,4.882323,488.130429,2024-12-25 19:00:05,1588,0.0197,5280.0000,0.0200,268394,5280,0,88,5368,1440738992
"Espagne, enfants pauvres | ARTE Regards",https://www.youtube.com/watch?v=-ES-yC0Ib_M,0.009540,0.014760,0.008584,0.501358,19.214139,1920.025876,2026-06-03 10:00:00,1844,0.0160,774.0000,0.0200,48415,774,0,194,968,46865720
Giorgia Meloni et les héritiers de Mussolini | #italie #fascisme,https://www.youtube.com/watch?v=JXoUNvvUWvo,0.010052,0.012504,0.007544,0.500663,6.386567,638.519899,2026-04-09 05:30:15,180,0.0176,901.0000,0.0200,51339,901,0,125,1026,52673814
Elon Musk fait la promo d'une plateforme de cryptomonnaie ? Desintox | ARTE #Musk#Fake#Cryptomonnaie,https://www.youtube.com/watch?v=uMnb6tNZVBk,0.010200,0.012016,0.016541,0.498703,0.166228,16.590414,2023-07-14 19:00:32,60,0.0198,354.0000,0.0200,17915,354,0,4,358,6413570
Interview de Philippe Gonzalez | Les évangéliques à la conquête du monde | ARTE,https://www.youtube.com/watch?v=D1KaRGwpUTY,0.010761,0.010624,0.003514,0.502196,1.291390,129.207849,2023-06-05 16:24:08,1252,0.0151,2188.0000,0.0200,144577,2188,0,701,2889,417682953
Il devait poser une bombe dans un restaurant !  #shorts #algérie,https://www.youtube.com/watch?v=nBy_fqwF4-s,0.009563,0.011261,0.014674,0.500075,0.153025,15.303814,2022-04-11 16:04:20,50,0.0174,409.0000,0.0200,23552,409,0,61,470,11069440
Célibat des prêtres #Shorts,https://www.youtube.com/watch?v=k2YHVZX-fOY,0.008592,0.010550,0.043040,0.497907,0.053191,5.294177,2022-10-04 15:00:35,92,0.0150,108.0000,0.0200,7216,108,0,36,144,1039104
Énergie : l’Europe perd-t-elle le contrôle ? (jeu de rôle) | EUROPARTIE | ARTE,https://www.youtube.com/watch?v=cS1rgLIMyAs,0.009424,0.011559,0.039123,0.497027,0.169444,16.865780,2025-05-17 10:01:03,4166,0.0178,122.0000,0.0199,6868,122,0,15,137,940916
Quelle prise en charge des personnes trans ? #droits #transgenre #arteinfo #expresso,https://www.youtube.com/watch?v=Xg6bRTO-krc,0.009658,0.011723,0.021056,0.499007,0.429300,42.909370,2025-07-24 17:00:43,147,0.0182,264.0000,0.0199,14543,264,0,26,290,4217470
Et si le monde allait mieux qu’on le pense ? | 42 - La réponse à presque tout | ARTE,https://www.youtube.com/watch?v=fx4g0OHDlUQ,0.009884,0.011922,0.015396,0.499382,0.754299,75.480816,2025-09-26 13:01:30,1785,0.0186,386.0000,0.0199,20764,386,0,28,414,8596296
La ministre du climat espagnole en jet privé ? Désintox | ARTE,https://www.youtube.com/watch?v=s1HbK5ddzQQ,0.009039,0.010868,0.020862,0.500110,0.155372,15.541840,2023-07-19 19:00:20,112,0.0160,267.0000,0.0199,16705,267,0,66,333,5562765
Que nous veulent les fantômes ? | Les idées larges | ARTE,https://www.youtube.com/watch?v=F6A5q8SIL80,0.013164,0.011692,0.001922,0.500587,3.618131,362.995191,2024-09-18 15:30:08,1808,0.0185,4358.0000,0.0199,235216,4358,0,330,4688,1102692608
Le Liban après la guerre - Une guérison possible ? | Tracks East | ARTE,https://www.youtube.com/watch?v=QxhEbggcI3Q,0.009925,0.011415,0.008303,0.500625,0.957698,96.031815,2025-03-04 19:00:14,2056,0.0174,805.0000,0.0199,46176,805,0,115,920,42481920
"Dans le chaos des générations | Gymnastique, la culture en s'amusant | ARTE",https://www.youtube.com/watch?v=qY_5U2Sn8GE,0.010381,0.011514,0.006371,0.500384,0.408984,41.038852,2022-06-22 14:00:26,326,0.0182,1098.0000,0.0199,60206,1098,0,101,1199,72186994
"Bientôt tous travailleurs précaires ? Le contrat ""zéro heures"" | #travail #précarité",https://www.youtube.com/watch?v=iCidI5er9MY,0.009749,0.012200,0.010845,0.500343,3.262953,327.457840,2026-03-18 06:30:32,126,0.0175,587.0000,0.0199,33519,587,0,80,667,22357173
12 000 prisonniers libérés !? ⛓️ #désintox,https://www.youtube.com/watch?v=Qny5dIWYoPU,0.009792,0.011536,0.014102,0.499705,0.276731,27.755346,2024-02-28 15:00:21,60,0.0182,429.0000,0.0199,23620,429,0,41,470,11101400
Comment la guerre intoxique-t-elle le monde ? | Les idées larges | ARTE,https://www.youtube.com/watch?v=iUY7fAwqIyg,0.009875,0.011469,0.011351,0.500013,0.237270,23.811362,2022-12-14 20:30:05,1257,0.0181,556.0000,0.0199,30759,556,0,56,612,18824508
L’audace de la mode | Unhappy | ARTE,https://www.youtube.com/watch?v=q14VdbzyoAA,0.010798,0.012116,0.005666,0.499842,2.117214,212.767717,2025-08-27 18:01:00,1613,0.0194,1259.0000,0.0199,64869,1259,0,31,1290,83681010
Adonis - Dopés à la muscu | Documentaire | ARTE,https://www.youtube.com/watch?v=r_GGN-6fEc8,0.011172,0.011751,0.003417,0.501076,7.837824,788.318062,2026-01-13 20:00:50,3032,0.0173,2259.0000,0.0199,130702,2259,0,339,2598,339563796
"À quoi servent les sanctions ? | 42, la réponse à presque tout | ARTE",https://www.youtube.com/watch?v=v_gvw3Qtv7Y,0.009968,0.011697,0.013781,0.499422,0.239978,24.095207,2023-10-27 13:00:52,1586,0.0188,441.0000,0.0199,23495,441,0,26,467,10972165
Syrie : qui est al-Joulani ? #syrie #htc #arte #expresso,https://www.youtube.com/watch?v=NmwuJuz8r9g,0.009933,0.011704,0.012953,0.499613,0.452992,45.496391,2024-12-12 17:00:32,113,0.0185,475.0000,0.0199,25611,475,0,34,509,13035999
#PepsiLivesMatter | Big Flops | ARTE,https://www.youtube.com/watch?v=KG5zzo6cTxQ,0.010521,0.011404,0.005289,0.500612,0.507413,51.029491,2022-05-28 18:00:05,352,0.0179,1364.0000,0.0199,76130,1364,0,149,1513,115184690
Les ados et les marqueurs sociaux | Kids | ARTE,https://www.youtube.com/watch?v=RRyNEQriw7M,0.010053,0.011737,0.010707,0.499787,0.602142,60.511038,2025-01-15 16:30:13,1589,0.0186,596.0000,0.0199,32007,596,0,40,636,20356452
Ils ont traversé les épreuves à deux 🥹 #témoignage #arte,https://www.youtube.com/watch?v=QiuigPzYaIY,0.010080,0.011956,0.018555,0.498541,0.207407,20.814688,2024-06-01 16:00:30,60,0.0195,308.0000,0.0199,15756,308,0,5,313,4931628
"""1984"" ou ""Le meilleur des mondes"" ? | George Orwell versus Aldous Huxley | ARTE",https://www.youtube.com/watch?v=JfnA759j870,0.015730,0.012482,0.001193,0.500425,33.972656,3421.497240,2026-03-04 20:00:11,3209,0.0189,7477.0000,0.0199,396206,7477,0,390,7867,3116952602
"Inde, les paysans sèment la révolution | Documentaire | ARTE",https://www.youtube.com/watch?v=vBveMG7asIo,0.009636,0.031931,0.025966,0.498324,22.734490,2280.822355,2026-06-23 18:00:02,3376,0.0183,204.0000,0.0198,11136,204,0,17,221,2461056
"Les émotions, moteurs des marchés financiers ? | 42 - La réponse à presque tout | ARTE",https://www.youtube.com/watch?v=NEkM3g3b5wg,0.010238,0.012324,0.008157,0.499993,3.420574,344.431487,2026-02-20 14:00:39,1559,0.0186,822.0000,0.0198,44104,822,0,53,875,38591000
Avons-nous toujours pratiqué la chirurgie ? | Est-il vrai que...? | ARTE,https://www.youtube.com/watch?v=E01Xfi8gLLg,0.010452,0.012073,0.007638,0.499720,1.592880,160.527506,2025-09-14 10:00:20,1463,0.0193,888.0000,0.0198,46106,888,0,26,914,42140884
La géo-ingénierie : une folie d’apprentis sorciers ?  | Les questions qui fâchent | ARTE,https://www.youtube.com/watch?v=OaEMFHCcuzA,0.009425,0.012398,0.012105,0.500628,4.516065,455.131238,2026-04-21 13:00:48,1805,0.0166,515.0000,0.0198,30990,515,0,99,614,19027860
Migrants : Macron trahit la mémoire de Michel Rocard ? - Désintox - ARTE,https://www.youtube.com/watch?v=wPPMswC-qN4,0.009981,0.011734,0.014794,0.499190,0.211551,21.305812,2023-09-30 12:16:38,60,0.0190,405.0000,0.0198,21351,405,0,18,423,9031473
Ils ont porté plainte contre leur pays 😮 #climat #justice,https://www.youtube.com/watch?v=PKKIr9F1sf0,0.009721,0.011512,0.015840,0.499490,0.258239,26.017593,2024-04-29 16:00:30,46,0.0181,373.0000,0.0198,20553,373,0,34,407,8365071
Macron-Merz : dans les coulisses du pouvoir (2/2) | L'Europe mise à l'épreuve | ARTE,https://www.youtube.com/watch?v=rhxIw5cL_Rs,0.009521,0.012245,0.009887,0.500888,5.329072,537.592976,2026-04-15 19:00:48,2797,0.0165,655.0000,0.0198,39696,655,0,131,786,31201056
Est-il vrai que seule la soie transitait par la route de la soie ? | Est-il vrai que...? | ARTE,https://www.youtube.com/watch?v=ADDiV49a-bo,0.009753,0.012264,0.018310,0.499085,1.335458,134.520619,2026-02-22 11:00:15,1492,0.0184,313.0000,0.0198,16973,313,0,23,336,5702928
La conversion de Cat Stevens à l'Islam 🎤 #musique #rock #islam,https://www.youtube.com/watch?v=5qtvIs3U8W0,0.010238,0.011325,0.006259,0.500611,0.519836,52.485197,2023-03-08 13:24:15,60,0.0177,1121.0000,0.0198,63406,1121,0,134,1255,79574530
Sommes-nous trop curieux? | 42 - La réponse à presque tout | ARTE,https://www.youtube.com/watch?v=rzCcjjLtBo8,0.010117,0.011922,0.012164,0.499343,0.627829,63.320666,2025-05-02 13:01:37,1671,0.0192,512.0000,0.0198,26727,512,0,17,529,14138583
L'extracteur de jus à 700 $ | Big Flops | ARTE,https://www.youtube.com/watch?v=SCR8P3rPRLA,0.010663,0.011530,0.005133,0.500331,0.513573,51.871518,2022-06-11 18:00:12,296,0.0184,1412.0000,0.0198,76660,1412,0,105,1517,116293220
L'invention de la monnaie | MONEY | ARTE,https://www.youtube.com/watch?v=aF5fCT1yz8o,0.009883,0.014023,0.014325,0.499411,5.634926,568.336896,2026-05-19 19:00:00,1376,0.0186,421.0000,0.0198,22643,421,0,27,448,10144064
Liban : retour au Sud | ARTE Reportage,https://www.youtube.com/watch?v=gZhNDVcL4rQ,0.008451,0.010451,0.028467,0.499986,0.274605,27.665394,2025-03-26 19:00:36,762,0.0143,182.0000,0.0198,12694,182,0,69,251,3186194
Sénégal : arbres de vie | ARTE Reportage,https://www.youtube.com/watch?v=Sqc3go6rmjM,0.010068,0.011642,0.010907,0.499627,0.231036,23.344389,2022-11-07 20:00:16,742,0.0188,583.0000,0.0198,31020,583,0,30,613,19015260
"Bretagne : un emploi, mais sans toit | Reportage | ARTE Regards",https://www.youtube.com/watch?v=CKEfAMFbPzs,0.010099,0.010615,0.004269,0.502516,5.372538,543.535354,2025-11-13 11:00:28,1819,0.0142,1748.0000,0.0198,123477,1748,0,692,2440,301283880
Pop. Pouvoir. Politique. | Tracks East | ARTE,https://www.youtube.com/watch?v=iyHRQ_xSqBY,0.009395,0.011428,0.029378,0.498217,0.207830,20.934925,2025-03-11 16:30:10,1817,0.0176,175.0000,0.0198,9922,175,0,21,196,1944712
Ukraine : les laboratoires biologiques US aux mains des Russes ? #arte #Désintox,https://www.youtube.com/watch?v=RbjfrFmJ9L0,0.009542,0.011108,0.011334,0.500504,0.313150,31.657076,2023-08-25 19:00:13,60,0.0170,557.0000,0.0198,32855,557,0,92,649,21322895
Du Formol dans le cœur (intégrale) | ARTE,https://www.youtube.com/watch?v=3mBsNTQdkXQ,0.010055,0.011646,0.009439,0.499944,0.719893,72.791526,2025-01-28 14:00:05,3496,0.0184,692.0000,0.0198,37564,692,0,50,742,27872488
Le groupe né d'une tragédie #foofighters #kurtcobain #musique,https://www.youtube.com/watch?v=Bd1HG545yMo,0.010424,0.012212,0.007912,0.499629,2.145284,217.013208,2025-12-07 09:30:14,129,0.0193,852.0000,0.0197,44105,852,0,19,871,38415455
"Epidémies, les peurs du passé | Faire l'histoire | ARTE",https://www.youtube.com/watch?v=qpN3rLlqSgs,0.010034,0.011555,0.010096,0.499827,0.266166,26.931988,2022-12-25 11:30:18,974,0.0185,639.0000,0.0197,34504,639,0,42,681,23497224
On s'expatrie ! | Unhappy | ARTE,https://www.youtube.com/watch?v=OhtfUH4awnw,0.009742,0.015457,0.007912,0.500933,22.815364,2309.783951,2026-06-06 13:00:37,1610,0.0167,852.0000,0.0197,51024,852,0,155,1007,51381168
Les courses de pigeon ! 🐦 #pigeons #arte #course,https://www.youtube.com/watch?v=eL6UcUYj4s8,0.010055,0.011625,0.010587,0.499685,0.301201,30.485503,2023-08-04 12:56:03,60,0.0187,604.0000,0.0197,32287,604,0,33,637,20566819
Chine : la course à l'auto suffisance #chine #économie #géopolitique,https://www.youtube.com/watch?v=SDh2iCnlIG4,0.015010,0.011855,0.001327,0.500568,14.345403,1454.139299,2025-10-24 09:00:48,101,0.0184,6630.0000,0.0197,359546,6630,0,463,7093,2550259778
Avons-nous besoin d’avoir du pouvoir ? | 42 - La réponse à presque tout | ARTE,https://www.youtube.com/watch?v=dZuZUSA_5AY,0.010176,0.011617,0.008347,0.499956,0.561279,56.850744,2024-05-31 13:00:40,1802,0.0186,800.0000,0.0197,43098,800,0,50,850,36633300
Des manifestations monstres d'agriculteurs en France ? #Desintox #arte #manifestation #agriculteur,https://www.youtube.com/watch?v=r42aUS8cEQc,0.010085,0.011335,0.007159,0.500494,0.595086,60.291278,2024-01-12 10:37:42,60,0.0177,958.0000,0.0197,54153,958,0,110,1068,57835404
Les Normands en Irlande (2/2) | Chroniques d'une conquête | ARTE,https://www.youtube.com/watch?v=Gbiq1FfPXi0,0.010221,0.012230,0.009849,0.499518,1.916980,194.152200,2026-01-02 19:00:14,3084,0.0192,658.0000,0.0197,34334,658,0,19,677,23244118
Mali : la résistance contre Wagner | ARTE Reportage,https://www.youtube.com/watch?v=PWNavdEnuB8,0.013923,0.010335,0.001634,0.502855,10.332091,1047.957024,2025-07-01 18:00:23,1512,0.0138,5239.0000,0.0197,379237,5239,0,2238,7477,2835555049
Interceptés | Génération Ukraine | ARTE,https://www.youtube.com/watch?v=b5u5h1FhedY,0.014261,0.010838,0.001510,0.501855,6.237231,632.682174,2024-12-03 14:00:40,5451,0.0158,5729.0000,0.0197,361925,5729,0,1406,7135,2582334875
D’où vient notre succès évolutif ? | 42 - La réponse à presque tout | ARTE,https://www.youtube.com/watch?v=U644Lbk7AQU,0.009625,0.011876,0.016350,0.499509,1.164373,117.842809,2026-01-09 14:00:50,1729,0.0179,359.0000,0.0197,20039,359,0,36,395,7915405
L'avion à l'époque de Blériot  ✈️ | En mode | ARTE #documentaire,https://www.youtube.com/watch?v=qhVTpor2Gm0,0.010068,0.011726,0.012204,0.499339,0.263183,26.676177,2023-09-29 12:39:54,57,0.0191,510.0000,0.0197,26759,510,0,17,527,14101993
La Chine s'empare-t-elle de l'Asie centrale ? | Tracks East | ARTE,https://www.youtube.com/watch?v=TKVAxmeVVyE,0.009703,0.011751,0.009439,0.500554,2.786325,282.608914,2026-02-05 19:00:26,1829,0.0171,692.0000,0.0197,40368,692,0,103,795,32092560
Devrions-nous nous disputer plus ? | 42 - La réponse à presque tout | ARTE,https://www.youtube.com/watch?v=bcBdSCji-Qw,0.009908,0.011728,0.012046,0.499643,0.785311,79.667160,2025-07-11 13:01:21,1672,0.0185,518.0000,0.0197,28050,518,0,34,552,15483600
La fusion nucléaire : Quand L’Homme fabrique des soleils | Déclics | ARTE,https://www.youtube.com/watch?v=QQmJkCcTmSw,0.010283,0.013018,0.007204,0.500050,7.871952,799.341821,2026-04-25 10:00:41,1584,0.0185,951.0000,0.0197,51330,951,0,59,1010,51843300
Survivre dans l'ombre du grand voisin russe | Tracks East | ARTE,https://www.youtube.com/watch?v=s5SADrrlAKo,0.009733,0.011768,0.040979,0.496020,0.096620,9.739345,2024-10-15 15:30:29,1887,0.0190,115.0000,0.0197,6048,115,0,4,119,719712
"Adoption internationale, un scandale planétaire | Interview de Johanna Lamboley | ARTE",https://www.youtube.com/watch?v=zv9SXVNiCcI,0.010000,0.011736,0.012326,0.499421,0.473880,48.087542,2024-12-19 14:01:05,742,0.0188,504.0000,0.0197,26739,504,0,22,526,14064714
"Battlefield 6, le jeu qui n'a rien à dire ? | #jeuxvidéo #battlefield6",https://www.youtube.com/watch?v=vXer5hD8YkE,0.009942,0.012303,0.018505,0.498605,1.020750,103.569133,2026-01-24 08:30:33,180,0.0192,309.0000,0.0196,16082,309,0,7,316,5081912
💥Explosion de la bombe nucléaire la plus puissante de l'histoire #tsarbomba #urss,https://www.youtube.com/watch?v=L-lP1Q1PHGI,0.010579,0.011664,0.005986,0.499914,0.476246,48.440953,2022-12-21 14:00:09,58,0.0190,1181.0000,0.0196,62249,1181,0,42,1223,76130527
Je le ferai plus tard ! L’envie de procrastiner  | Twist | ARTE,https://www.youtube.com/watch?v=ih8filVKBkI,0.010356,0.015094,0.006973,0.499949,18.595927,1892.480787,2026-05-31 18:00:02,1817,0.0187,988.0000,0.0196,52767,988,0,48,1036,54666612
"🔴 Replay Live | ARTE Book Club ""La femme sans sépulture"" d'Assia Djebar (Antastesia & Le Mock) ARTE",https://www.youtube.com/watch?v=cICsNhXL1RM,0.009733,0.011345,0.013091,0.499743,0.126371,12.847913,2020-12-10 20:32:37,3986,0.0180,469.0000,0.0196,26027,469,0,42,511,13299797
Les jardins botaniques - Un sanctuaire pour la flore | ARTE,https://www.youtube.com/watch?v=e83ZKP5z_YQ,0.009738,0.022802,0.027268,0.497802,11.314564,1146.880281,2026-06-19 18:00:10,2618,0.0188,192.0000,0.0196,10187,192,0,8,200,2037400
Juifs de Pologne : un combat pour la vérité | ARTE,https://www.youtube.com/watch?v=jKOmELv727c,0.008886,0.010342,0.009567,0.502052,1.138511,115.915264,2025-05-06 13:01:19,3570,0.0141,681.0000,0.0196,48463,681,0,270,951,46088313
Ce que l'IA ne peut pas faire | PhantasIA #1 | Le magazine de la création IA | ARTE,https://www.youtube.com/watch?v=hTeYDUDH1uY,0.009816,0.011471,0.010287,0.500086,0.799523,81.400239,2025-04-24 09:01:05,1423,0.0178,625.0000,0.0196,35023,625,0,62,687,24060801
Géorgie : jusqu'au dernier souffle | ARTE Reportage,https://www.youtube.com/watch?v=nQg9Yg-HUI4,0.009054,0.011201,0.018604,0.500111,0.894974,91.057624,2025-12-01 16:30:31,1479,0.0161,307.0000,0.0196,19026,307,0,66,373,7096698
"L'art peut-il s'autodétruire ?  | Gymnastique, la culture en s'amusant | ARTE",https://www.youtube.com/watch?v=bfsYxnkA3q0,0.009870,0.011533,0.013860,0.499350,0.149817,15.252785,2022-04-08 18:00:14,306,0.0186,438.0000,0.0196,23518,438,0,23,461,10841798
Russie : retour dans un pays en guerre | ARTE Reportage,https://www.youtube.com/watch?v=76PM19tU_iE,0.011795,0.010819,0.002487,0.501913,6.150993,627.463939,2025-07-28 15:30:05,1500,0.0155,3251.0000,0.0196,210192,3251,0,869,4120,865991040
Ces toutous victimes de la mode | ARTE Regards,https://www.youtube.com/watch?v=YMM_jm7HC48,0.010645,0.010914,0.003938,0.501312,1.213683,123.885843,2023-11-29 11:00:26,1926,0.0164,1919.0000,0.0196,116722,1919,0,367,2286,266826492
"Le chien, de l'animal de travail au compagnon de vie | Est-il vrai que...? | ARTE",https://www.youtube.com/watch?v=qljrDxRMZjE,0.010054,0.012537,0.009473,0.499787,3.990563,407.081257,2026-03-29 10:00:52,1440,0.0186,689.0000,0.0196,37132,689,0,38,727,26994964
Moi et l‘hypocondrie | Psycho | ARTE,https://www.youtube.com/watch?v=L6EzkE8dzPw,0.009596,0.011776,0.018505,0.499147,0.816331,83.149125,2025-12-04 20:00:19,1615,0.0181,309.0000,0.0196,17112,309,0,26,335,5732520
Argentine : le Docteur Cerf-Volant | ARTE Reportage,https://www.youtube.com/watch?v=NQk5KmeRlLI,0.009584,0.011319,0.016658,0.499421,0.152073,15.498001,2023-01-09 19:00:09,769,0.0179,351.0000,0.0196,19618,351,0,33,384,7533312
Israël : tapis rouge pour les Juifs d’Ukraine | ARTE Reportage,https://www.youtube.com/watch?v=RSin2f312lo,0.008358,0.009068,0.007623,0.504003,0.537366,54.886686,2022-03-28 16:30:04,746,0.0104,890.0000,0.0196,85236,890,0,778,1668,142173648
Heavy Metal Kingdom - La nouvelle vague rock britannique | Documentaire | ARTE,https://www.youtube.com/watch?v=uGDlWkUB6W4,0.010584,0.011745,0.004753,0.500563,4.593268,469.378421,2025-12-25 16:30:33,3106,0.0178,1544.0000,0.0196,86809,1544,0,154,1698,147401682
Ces enfants risquent leurs vies pour chercher de l'or  #droitshumain #arteinfo #artereportage,https://www.youtube.com/watch?v=ZTgB9xjSqpY,0.010003,0.012017,0.016091,0.498743,0.648775,66.189014,2025-09-15 17:00:48,101,0.0193,366.0000,0.0196,18925,366,0,4,370,7002250
"L'épopée homérique, ou la popculture antique | Faire l'histoire | ARTE",https://www.youtube.com/watch?v=Dsf6OlspUpw,0.010604,0.011588,0.005582,0.499970,0.508344,51.977871,2022-11-27 11:30:02,954,0.0188,1281.0000,0.0195,68047,1281,0,49,1330,90502510
Les Pirates de lʼedelweiss - Une jeunesse contre Hitler | Documentaire | ARTE,https://www.youtube.com/watch?v=RUmDYPnrTh8,0.009901,0.013312,0.010558,0.499810,6.382703,652.255222,2026-05-08 19:00:24,3130,0.0183,606.0000,0.0195,33161,606,0,42,648,21488328
Objecteurs de conscience | ARTE Regards,https://www.youtube.com/watch?v=RKuHUQKcaqg,0.008565,0.010167,0.014855,0.501501,0.250846,25.637273,2023-06-06 10:00:14,1939,0.0141,403.0000,0.0195,28668,403,0,157,560,16054080
"Kharkiv, capitale de la photo rebelle | ARTE",https://www.youtube.com/watch?v=oNEKrkn9bx4,0.009808,0.011831,0.040702,0.495810,0.095317,9.677112,2024-10-17 15:30:28,3187,0.0194,116.0000,0.0195,5990,116,0,1,117,700830
Quel est le rôle des Émirats arabes unis dans la guerre au Soudan ? #Soudan #Émirats #FSR #arteinfo,https://www.youtube.com/watch?v=ajwUT5pSsEQ,0.010092,0.012083,0.012125,0.499160,1.176299,120.297939,2025-11-18 18:00:03,115,0.0193,514.0000,0.0195,26692,514,0,7,521,13906532
Comment devenir populaire ? | 42 - La réponse à presque tout | ARTE,https://www.youtube.com/watch?v=vXUHOHg_m68,0.010612,0.011615,0.005461,0.499991,0.885259,90.661700,2024-05-17 13:01:02,1513,0.0188,1314.0000,0.0195,69999,1314,0,52,1366,95618634
La parade diabolique de Krampus | ARTE Regards,https://www.youtube.com/watch?v=O1yzUPMxeig,0.009509,0.012048,0.020672,0.498951,1.209564,123.572341,2026-02-26 16:30:18,1827,0.0179,270.0000,0.0195,15069,270,0,24,294,4430286
Le Bitcoin c'est une arnaque ?,https://www.youtube.com/watch?v=Y8KOjZj3VKw,0.009397,0.016075,0.008990,0.501093,24.371096,2495.524195,2026-06-10 05:30:31,106,0.0160,733.0000,0.0195,45925,733,0,163,896,41148800
Pourquoi ce bateau a explosé dans la mer des Caraïbes ? #trump #narcotrafic #arte #expresso,https://www.youtube.com/watch?v=LZcHyzMgg5c,0.009581,0.011433,0.011067,0.500271,1.343399,137.510298,2025-10-29 17:00:38,132,0.0172,573.0000,0.0195,33267,573,0,76,649,21590283
Ce que vous devez savoir sur l'éducation sexuelle dans l'UE #enseignement #arte #expresso,https://www.youtube.com/watch?v=4eyjTDibaB0,0.009452,0.011397,0.025267,0.498447,0.202644,20.685453,2024-12-05 16:00:03,102,0.0179,211.0000,0.0195,11790,211,0,19,230,2711700
Comprendre la peur | Kids | ARTE,https://www.youtube.com/watch?v=zmSgp2iaVIQ,0.011060,0.011716,0.004144,0.499991,1.609727,164.956759,2024-11-27 14:00:59,1586,0.0190,1809.0000,0.0195,95353,1809,0,51,1860,177356580
Animaux : le sexe en toute liberté | ARTE,https://www.youtube.com/watch?v=HScxNoIQTVs,0.010263,0.011511,0.006467,0.500210,1.228957,125.902399,2025-03-13 16:30:03,3156,0.0182,1079.0000,0.0195,59419,1079,0,80,1159,68866621
Jean-Michel et sa dune du Pilat | Reportage | ARTE Regards,https://www.youtube.com/watch?v=PUnXg-03vq4,0.009515,0.011665,0.037673,0.496698,0.209984,21.375452,2025-08-06 10:00:42,1839,0.0184,128.0000,0.0195,6973,128,0,8,136,948328
Mont Athos : Bataille au monastère | Bienvenue en Géozarbie | ARTE,https://www.youtube.com/watch?v=xQq2K8Ng1z4,0.010685,0.010695,0.003673,0.501555,0.888187,91.043914,2022-07-24 16:30:07,607,0.0159,2079.0000,0.0195,130643,2079,0,469,2548,332878364
Tombeau de glace | Documentaire | ARTE,https://www.youtube.com/watch?v=HOlQDP7-DXQ,0.010215,0.011954,0.005960,0.500535,5.451211,558.672591,2026-02-27 20:00:26,3563,0.0176,1187.0000,0.0195,67487,1187,0,129,1316,88812892
"Iran : L'eau, une arme stratégique #iran #eau #usa #israel #penurie #arteinfo",https://www.youtube.com/watch?v=iF_L-IVEt4I,0.009712,0.012276,0.014129,0.499493,2.247855,230.170611,2026-03-18 07:30:19,101,0.0182,428.0000,0.0195,23551,428,0,31,459,10809909
BD : l’explosion mondiale des bulles | Square Idée | ARTE,https://www.youtube.com/watch?v=GcaoTFMWm70,0.010323,0.011401,0.006231,0.500164,0.478200,49.065036,2023-01-17 19:00:08,1613,0.0183,1127.0000,0.0195,61716,1127,0,75,1202,74182632
L'état d'esprit du guerrier | Game of Minds | ARTE,https://www.youtube.com/watch?v=JQHlopBudwM,0.009447,0.011343,0.030945,0.497685,0.078813,8.049538,2023-05-26 09:00:11,1303,0.0180,164.0000,0.0195,9090,164,0,13,177,1608930
C'est quoi l'histoire du break dance ? 🤔 Viens on danse : épisode 1 🕺 #shorts #arte #breakdance,https://www.youtube.com/watch?v=IfMfS3pmXpY,0.009691,0.011472,0.020007,0.498689,0.099465,10.183030,2022-06-01 16:00:09,45,0.0185,281.0000,0.0195,15152,281,0,14,295,4469840
Giorgia Meloni et le clan des Goélands (2/2) | L’exercice du pouvoir | ARTE,https://www.youtube.com/watch?v=nlJnjbf0bEg,0.009673,0.011522,0.007425,0.500992,4.169206,427.995206,2026-02-17 19:00:48,2794,0.0164,918.0000,0.0195,55999,918,0,172,1090,61038910
Des jeunes se battent pour sortir de la pauvreté | Reportage | ARTE Regards,https://www.youtube.com/watch?v=il9bOec3AXw,0.009590,0.011584,0.014268,0.499661,0.961965,98.676000,2025-10-30 11:01:27,1836,0.0178,423.0000,0.0195,23798,423,0,40,463,11018474
USA : démocratie en danger ? #arte #artereportage #usa #trump,https://www.youtube.com/watch?v=n04OmnDj43I,0.009931,0.011949,0.013886,0.499097,0.963837,98.946786,2025-11-07 17:01:23,113,0.0190,437.0000,0.0194,23047,437,0,11,448,10325056
"Que serions-nous sans le mucus ? | 42, la réponse à presque tout | ARTE",https://www.youtube.com/watch?v=inqh1L37v14,0.010026,0.011351,0.008347,0.499990,0.243035,24.977156,2021-09-03 15:00:11,1305,0.0182,800.0000,0.0194,43935,800,0,54,854,37520490
"Marie et Élisabeth Tudor : sœurs, rivales et reines | Documentaire | ARTE",https://www.youtube.com/watch?v=gxBQRaykI-I,0.009941,0.013279,0.014555,0.498977,3.645347,374.209536,2026-05-01 18:00:40,3170,0.0191,413.0000,0.0194,21660,413,0,8,421,9118860
"315, la donation de Constantin | Quand l'histoire fait dates | ARTE",https://www.youtube.com/watch?v=hX4L1ATfeXs,0.011392,0.011782,0.003174,0.500493,7.233589,744.584758,2025-12-27 11:01:18,1596,0.0180,2459.0000,0.0194,136388,2459,0,190,2649,361291812
385 millions de personnes par an intoxiquées aux pesticides ? - Désintox | ARTE,https://www.youtube.com/watch?v=zv1FLmJHywE,0.008843,0.010716,0.032205,0.498511,0.076737,7.861064,2023-02-06 15:10:22,96,0.0160,156.0000,0.0194,9732,156,0,33,189,1839348
Travail - entre exploitation et épanouissement | Twist | ARTE,https://www.youtube.com/watch?v=U5F8MozKpSo,0.009870,0.011663,0.009567,0.499968,1.592008,163.758089,2025-11-09 19:00:26,1803,0.0180,681.0000,0.0194,37802,681,0,53,734,27746668
"Allons-nous prendre plus de drogues ? | 42, la réponse à presque tout | ARTE",https://www.youtube.com/watch?v=h53tqj9dL50,0.012739,0.011505,0.002045,0.500659,7.243768,746.209694,2025-08-27 13:01:23,1650,0.0178,4063.0000,0.0194,227661,4063,0,356,4419,1006033959
Vivre sans travail | ARTE,https://www.youtube.com/watch?v=WS6ljer02lw,0.016413,0.012480,0.001091,0.500953,66.796880,6885.144455,2026-04-20 13:01:05,3077,0.0174,8265.0000,0.0194,475695,8265,0,964,9229,4390189155
Ceci est mon corps : 6 ans de procédure contre l'Eglise #justice #eglise #aggression,https://www.youtube.com/watch?v=mgVsfEdUWVc,0.010241,0.011923,0.008140,0.499601,1.733036,178.504814,2025-10-28 10:01:33,134,0.0190,824.0000,0.0194,43415,824,0,18,842,36555430
"Obésité infantile, la course aux profits | Documentaire | ARTE",https://www.youtube.com/watch?v=T0kss8oeQqE,0.009753,0.014799,0.009700,0.500136,13.621038,1402.782306,2026-06-01 13:00:31,3566,0.0176,670.0000,0.0194,38002,670,0,67,737,28007474
Attaque du Hamas : les rescapés de la rave-party | ARTE Regards,https://www.youtube.com/watch?v=vBTCbMa-JFE,0.012048,0.010166,0.002267,0.502586,4.201123,433.272393,2024-11-07 11:01:08,1914,0.0139,3613.0000,0.0194,259172,3613,0,1412,5025,1302339300
Jeunes déscolarisés : vers une seconde chance | ARTE Regards,https://www.youtube.com/watch?v=UO-m9CjPpFE,0.009446,0.011344,0.022836,0.498665,0.216604,22.270216,2024-11-05 11:00:30,1837,0.0179,239.0000,0.0194,13366,239,0,20,259,3461794
"Emmanuel Macron ""met un vent"" à un salarié ? #Politique #MacronCherbourg #Désintox #ARTE",https://www.youtube.com/watch?v=QRYh0IHgkXw,0.010129,0.011157,0.006078,0.500539,0.735279,75.844338,2024-02-02 09:57:12,60,0.0174,1160.0000,0.0194,66532,1160,0,129,1289,85759748
🦣 Cette start-up veut ressusciter des espèces disparues #biodiversity #animaux #documentaire,https://www.youtube.com/watch?v=D_k0beMMB4o,0.009666,0.011667,0.015233,0.499307,0.823274,84.803134,2025-10-18 09:00:28,108,0.0182,391.0000,0.0194,21477,391,0,25,416,8934432
"Boulot, boulot, dodo : c’est quoi le rythme “996” ? #burnout #travail #ia #sante #arteinfo #expresso",https://www.youtube.com/watch?v=-g6uRr67yDc,0.016009,0.011526,0.001141,0.500716,16.234276,1677.150851,2025-10-08 05:00:01,136,0.0178,7863.0000,0.0194,441802,7863,0,689,8552,3778290704
10 ans de jeux vidéo !  | ARTE,https://www.youtube.com/watch?v=cXlV-HqXv4E,0.009484,0.011299,0.021320,0.498775,0.143070,14.732675,2023-10-20 14:20:37,119,0.0180,260.0000,0.0194,14468,260,0,20,280,4051040
Baarle : Trafics au village | Bienvenue en Géozarbie | ARTE,https://www.youtube.com/watch?v=3qdzGIQ2BlQ,0.011765,0.011422,0.002815,0.500236,1.022577,105.743980,2022-07-17 16:30:00,614,0.0185,2822.0000,0.0193,152477,2822,0,126,2948,449502196
"""Les hauts de Hurlevent"" : amour, haine et vengeance | Documentaire | ARTE",https://www.youtube.com/watch?v=FcjcZH_OU8o,0.013735,0.012151,0.001653,0.500202,19.504452,2017.486756,2026-02-11 19:00:22,3225,0.0187,5172.0000,0.0193,276074,5172,0,165,5337,1473406938
"Cisjordanie, les graines de la colère | ARTE",https://www.youtube.com/watch?v=tR_XEtzivW8,0.010216,0.010478,0.004180,0.501846,1.808405,187.064837,2024-10-01 13:01:13,3116,0.0151,1791.0000,0.0193,118803,1791,0,505,2296,272771688
Giorgia Meloni et le clan des Goélands (1/2) | Les origines | ARTE,https://www.youtube.com/watch?v=m_K8oxYfsUo,0.009929,0.010556,0.004180,0.502725,9.927852,1027.150833,2026-02-17 16:30:20,2894,0.0133,1791.0000,0.0193,134500,1791,0,808,2599,349565500
La guerre d’indépendance américaine | Épisode 6 | La victoire des citoyens (1780 et après) | ARTE,https://www.youtube.com/watch?v=M-VVGUa7eMs,0.009491,0.111274,0.029244,0.497694,93.500000,9633.000000,2026-06-27 18:00:34,7363,0.0183,176.0000,0.0193,9633,176,0,10,186,1791738
Faut-il échouer pour réussir ? | 42 - La réponse à presque tout | ARTE,https://www.youtube.com/watch?v=_N54rOqXyOc,0.016237,0.011818,0.001094,0.500104,14.162926,1467.557469,2025-09-05 13:01:15,1633,0.0190,8243.0000,0.0193,434529,8243,0,143,8386,3643960194
1648 - La paix de Westphalie | Quand l'histoire fait dates | ARTE,https://www.youtube.com/watch?v=allNKLeBYxE,0.012360,0.011713,0.002309,0.500228,6.569299,680.707926,2025-09-21 13:00:04,1599,0.0186,3538.0000,0.0193,190660,3538,0,141,3679,701438140
Au secours des palais de Palerme | ARTE Regards,https://www.youtube.com/watch?v=fElUIsKefQQ,0.009168,0.011678,0.020735,0.499341,1.274409,131.785484,2026-02-27 19:00:42,1839,0.0169,269.0000,0.0193,15925,269,0,38,307,4888975
L'IA menace-t-elle la démocratie ? | L'Europe dans l’œil du cyclone avec Hugo Micheron | ARTE,https://www.youtube.com/watch?v=-_dewZA0u6c,0.009524,0.011281,0.016697,0.499266,0.247063,25.569074,2024-05-24 15:30:00,1965,0.0179,350.0000,0.0193,19560,350,0,27,377,7374120
Mobilité individuelle ou collective ?  | Les questions qui fâchent | ARTE,https://www.youtube.com/watch?v=kwnDc6ZxcuQ,0.009183,0.010248,0.007071,0.501982,1.226609,127.246000,2025-01-09 10:00:48,1623,0.0143,972.0000,0.0193,68104,972,0,340,1312,89352448
Humanité 🆚 IA : l'heure de vérité a sonné. Regardez #rematch sur ARTE ♟️,https://www.youtube.com/watch?v=D-1X4uB0siM,0.009588,0.011544,0.031562,0.497186,0.134086,13.838285,2024-10-17 15:00:11,38,0.0187,160.0000,0.0193,8566,160,0,5,165,1413390
"Camelot, enquête sur le château du roi Arthur | Documentaire | ARTE",https://www.youtube.com/watch?v=sZzv2dOqdU8,0.010415,0.023613,0.004667,0.500723,112.211477,11651.471372,2026-06-20 18:00:03,3371,0.0172,1577.0000,0.0193,91842,1577,0,191,1768,162376656
Des déserteurs russes témoignent | Masha on Russia | ARTE,https://www.youtube.com/watch?v=pb5gQA3Iyh0,0.016557,0.011257,0.001075,0.501049,17.716258,1840.481585,2025-10-03 09:01:31,968,0.0170,8409.0000,0.0192,493721,8409,0,1095,9504,4692324384
Justice climatique : la lutte pour le futur entre dans les tribunaux (4/4) | ARTE,https://www.youtube.com/watch?v=o1uvIZHc8To,0.009373,0.011339,0.046052,0.495550,0.067005,6.900244,2024-04-28 15:30:10,1253,0.0181,99.0000,0.0192,5458,99,0,6,105,573090
"Gipsy Kings, le temps des gitans | Documentaire | ARTE",https://www.youtube.com/watch?v=X78fC99qob8,0.010153,0.013326,0.006003,0.500390,14.678195,1525.893621,2026-05-15 19:00:23,3160,0.0176,1177.0000,0.0192,66896,1177,0,109,1286,86028256
De l'ARN Messager au Prix Nobel 🧬🔬🏆 #documentaire #science #médecine,https://www.youtube.com/watch?v=18INFVFdruw,0.008870,0.010652,0.022086,0.499634,0.151573,15.720234,2023-10-09 17:00:01,53,0.0160,249.0000,0.0192,15609,249,0,51,300,4682700
"Le Groenland, à la recherche de son identité | Tracks East | ARTE",https://www.youtube.com/watch?v=uwn5yoBCvZ0,0.009359,0.012240,0.038627,0.496582,0.708651,73.241511,2026-03-26 19:00:50,1852,0.0180,124.0000,0.0192,6873,124,0,8,132,907236
"D'Istanbul au Caire, mille manières d'être moderne | Documentaire | ARTE",https://www.youtube.com/watch?v=mT2QsnxfO0c,0.009834,0.011689,0.010150,0.499715,1.583741,164.765738,2025-11-28 19:00:56,3644,0.0182,635.0000,0.0192,34904,635,0,35,670,23385680
Sauvetage en Méditerranée | ARTE Regards,https://www.youtube.com/watch?v=qXdJthfEQ78,0.008132,0.009888,0.022836,0.500805,0.192012,19.962524,2024-01-17 11:00:45,1818,0.0134,239.0000,0.0192,17830,239,0,103,342,6097860
Les nanotechnologies: Les Super-pouvoirs de l’invisible ! | Déclics | ARTE,https://www.youtube.com/watch?v=cH0DxIPTMNE,0.009936,0.012330,0.007411,0.500215,6.392629,665.996917,2026-04-11 10:01:03,1584,0.0177,920.0000,0.0192,52091,920,0,79,999,52038909
Irak : la résistance kurde contre les mollahs iraniens | ARTE Reportage,https://www.youtube.com/watch?v=203bNP1ipo0,0.010114,0.010600,0.004662,0.501370,1.008055,105.075424,2023-11-20 19:00:01,1466,0.0158,1579.0000,0.0192,99910,1579,0,337,1916,191427560
Aux portes de la guerre : alertes en Roumanie | ARTE Regards,https://www.youtube.com/watch?v=6m_qwDsK1B4,0.009025,0.014512,0.021121,0.499453,5.855337,608.688002,2026-06-02 10:00:35,1950,0.0165,263.0000,0.0192,15957,263,0,43,306,4882842
Liban : un nouvel exode sous les bombes | ARTE Reportage,https://www.youtube.com/watch?v=m7F3UuUduSU,0.009272,0.012513,0.017842,0.499466,2.920003,303.712594,2026-04-27 15:30:35,794,0.0172,323.0000,0.0192,18826,323,0,38,361,6796186
Argentine : les pionniers de l’après-glyphosate (2018) | ARTE Reportage,https://www.youtube.com/watch?v=pEa07SXjWGE,0.009242,0.010949,0.014497,0.500009,0.406717,42.332742,2024-11-20 11:00:53,1522,0.0168,415.0000,0.0192,24772,415,0,60,475,11766700
Avortement : ce que cache le revirement historique aux États-Unis #étatsunis #droitsdesfemmes,https://www.youtube.com/watch?v=ZPZ5uo2VeQE,0.009744,0.011456,0.009370,0.500032,1.527927,159.210775,2025-10-23 14:00:52,94,0.0177,698.0000,0.0192,39492,698,0,59,757,29895444
La tendance à la mignonnerie | Twist | ARTE,https://www.youtube.com/watch?v=oWAeSszRQi8,0.009807,0.011671,0.010543,0.499657,1.475741,153.781454,2025-11-23 19:00:53,1811,0.0182,607.0000,0.0192,33346,607,0,32,639,21308094
Les soldats français du Reich (1/2) | Documentaire | ARTE,https://www.youtube.com/watch?v=0tUv-rRUtus,0.012474,0.011197,0.002058,0.501890,23.234350,2424.703864,2026-03-10 16:30:00,3602,0.0151,4034.0000,0.0192,266584,4034,0,1074,5108,1361711072
Est-il vrai que nous avons toujours fait grève ? | Est-il vrai que...? | ARTE,https://www.youtube.com/watch?v=AJjPqlU3NvI,0.009412,0.011565,0.022529,0.498577,0.582137,60.537815,2025-11-16 11:00:18,1383,0.0179,243.0000,0.0192,13571,243,0,17,260,3528460
La lutte pour l'eau | Tracks East | ARTE,https://www.youtube.com/watch?v=iKQDKwruTdw,0.009156,0.011281,0.029927,0.498051,0.346163,35.953815,2025-09-25 18:01:06,1852,0.0172,171.0000,0.0192,9919,171,0,19,190,1884610
L'Insurrection de la bourgeoisie | La bataille du Chili (1/3) | ARTE,https://www.youtube.com/watch?v=h8Xm3cfLSPI,0.010310,0.011223,0.005578,0.500219,0.677556,70.715096,2023-09-21 15:30:21,5783,0.0179,1282.0000,0.0191,71492,1282,0,87,1369,97872548
Sois anti-fragile ! | Streetphilosophy | ARTE,https://www.youtube.com/watch?v=bGnSaVexMkY,0.010348,0.011360,0.006078,0.499881,0.367894,38.406938,2022-01-09 17:30:06,1568,0.0185,1160.0000,0.0191,62638,1160,0,39,1199,75102962
Des religieuses abusées par des prêtres brisent le silence #shorts #religion #arte #droitdesfemmes,https://www.youtube.com/watch?v=G1CxdRPc8xI,0.010011,0.011068,0.006620,0.500326,0.370207,38.648088,2022-04-01 12:00:19,50,0.0175,1050.0000,0.0191,59871,1050,0,96,1146,68612166
Reconnaissance faciale : des entreprises de la tech au cœur de la surveillance | Sources | ARTE,https://www.youtube.com/watch?v=LItqj771Zb4,0.010121,0.011349,0.005875,0.500438,2.522042,263.425934,2025-10-08 18:00:20,1446,0.0174,1207.0000,0.0191,69250,1207,0,118,1325,91756250
Une guerre commerciale entre les USA et le Canada ? #douane #économie #expresso,https://www.youtube.com/watch?v=j3_YzgY6Q7o,0.009325,0.011274,0.027974,0.497996,0.197881,20.583520,2025-02-05 18:00:37,102,0.0178,186.0000,0.0191,10454,186,0,14,200,2090800
Kazakhstan : bons baisers de Baïkonour | ARTE Reportage,https://www.youtube.com/watch?v=TzEjowpOlkk,0.009949,0.014802,0.007631,0.500071,17.657158,1844.459694,2026-06-01 15:30:36,1469,0.0179,889.0000,0.0191,49775,889,0,63,952,47385800
Royaume-Uni : Starmer sous pression | Décryptages | ARTE,https://www.youtube.com/watch?v=7FsHQzMH6Eo,0.009503,0.010514,0.005968,0.501719,2.511032,262.534336,2025-08-28 09:00:11,515,0.0148,1185.0000,0.0191,79878,1185,0,342,1527,121973706
Querelles dans un jardin familial allemand | ARTE Regards,https://www.youtube.com/watch?v=i0rXGanyQeE,0.008913,0.010901,0.028467,0.498620,0.263474,27.448264,2025-05-20 10:01:10,1814,0.0164,182.0000,0.0191,11095,182,0,30,212,2352140
SOS Santé : comment sortir de la crise ? | ARTE Regards,https://www.youtube.com/watch?v=g7BEsmi7VcA,0.009208,0.010987,0.022158,0.498930,0.124077,12.946232,2023-06-12 10:00:24,1909,0.0172,248.0000,0.0191,14399,248,0,27,275,3959725
"🎮 Jour De Play au FRAMES Festival avec Daz, Lydia et Clément Viktorovitch | Replay Live | ARTE",https://www.youtube.com/watch?v=bg2gHKS1eDE,0.009116,0.011017,0.033584,0.497575,0.102460,10.671943,2024-04-14 10:29:17,7845,0.0172,148.0000,0.0191,8593,148,0,16,164,1409252
Il a tenté d'interviewer les anciens bureaucrates nazis,https://www.youtube.com/watch?v=zU5PDwPWybw,0.011835,0.011647,0.002648,0.500277,7.334957,768.511218,2025-11-24 06:30:39,162,0.0182,3026.0000,0.0191,166276,3026,0,147,3173,527593748
"Suge Knight, Biggie & Tupac | Documentaire | ARTE",https://www.youtube.com/watch?v=kH60l1VwOdU,0.012246,0.015240,0.002241,0.500824,88.976983,9325.714328,2026-06-05 18:00:13,6080,0.0172,3661.0000,0.0191,213394,3661,0,410,4071,868726974
« Ce moment m'a guidé tout le long de ma carrière » | Fragments #6 | ARTE,https://www.youtube.com/watch?v=gO_aVhvMRy0,0.009556,0.011229,0.017061,0.498991,0.097863,10.231192,2021-06-20 10:30:08,1194,0.0182,341.0000,0.0191,18766,341,0,17,358,6718228
"Russie : guerre choc, choc des cultures | Tracks East | ARTE",https://www.youtube.com/watch?v=bwUZgrhVxmc,0.010107,0.011099,0.005776,0.500467,1.200117,125.732620,2024-12-10 16:30:08,1808,0.0173,1231.0000,0.0191,71032,1231,0,124,1355,96248360
"Vladimir Poutine : craint, haï, admiré ? | Tracks East | ARTE",https://www.youtube.com/watch?v=ZRphJzukkOo,0.009210,0.010548,0.008482,0.501214,1.060150,111.086332,2025-03-25 19:00:22,1924,0.0154,785.0000,0.0191,51082,785,0,189,974,49753868
Dollarisation : le cas spectaculaire de l'Argentine | MONEY | ARTE,https://www.youtube.com/watch?v=ywt92KFIR0U,0.009532,0.014230,0.008140,0.500676,16.963027,1777.611327,2026-05-31 13:00:26,1336,0.0165,824.0000,0.0191,49934,824,0,128,952,47537168
Un dîner avec Trump ? 💵 #élections #usa #trump #arte #expresso,https://www.youtube.com/watch?v=XXkIb7OT8Bk,0.009562,0.011305,0.017102,0.498962,0.221393,23.161347,2024-04-13 09:00:33,59,0.0182,340.0000,0.0191,18674,340,0,16,356,6647944
Mode et pouvoir politique : le diktat du vêtement | Tracks East | ARTE,https://www.youtube.com/watch?v=MFWjkoIqpH4,0.010094,0.012301,0.008032,0.499615,4.249281,445.356396,2026-03-19 19:00:19,1850,0.0186,837.0000,0.0191,44910,837,0,19,856,38442960
Churchill parie sur la France | Documentaire | ARTE,https://www.youtube.com/watch?v=UgMUQxEJVGA,0.009901,0.012893,0.007425,0.500167,9.370321,982.609843,2026-05-06 15:30:17,2831,0.0176,918.0000,0.0191,52065,918,0,74,992,51648480
"25 août 1270, la mort de Saint Louis | Quand l'histoire fait dates | ARTE",https://www.youtube.com/watch?v=4M2E2wUDKUQ,0.011180,0.011732,0.003469,0.500114,5.843723,613.339684,2025-12-13 14:00:08,1584,0.0184,2220.0000,0.0190,120858,2220,0,82,2302,278215116
Vivre et survivre dans les zones de guerre | Tracks East | ARTE,https://www.youtube.com/watch?v=-6FoVpWxjYk,0.008936,0.010953,0.046785,0.496023,0.112157,11.672441,2025-02-18 19:00:00,1838,0.0168,97.0000,0.0190,5776,97,0,13,110,635360
"14 mai 1610, l'assassinat d'Henri IV | Quand l'histoire fait dates | ARTE",https://www.youtube.com/watch?v=0UrPC3ed23A,0.011609,0.011632,0.002881,0.500188,6.159171,646.773249,2025-11-08 11:00:03,1584,0.0183,2748.0000,0.0190,150164,2748,0,111,2859,429318876
Tunisie : l'enfer des exilés | ARTE Reportage,https://www.youtube.com/watch?v=A6ZLOVrzk-8,0.009653,0.009674,0.004321,0.503069,3.649482,383.466645,2025-06-28 09:00:13,1462,0.0123,1724.0000,0.0190,140064,1724,0,941,2665,373270560
"Cosplay, ce désir de changer d’identité | Reportage | ARTE Regards",https://www.youtube.com/watch?v=RG-CyX9vuME,0.009892,0.011418,0.007742,0.500059,1.779912,186.896416,2025-10-08 10:00:42,1832,0.0178,874.0000,0.0190,49194,874,0,62,936,46045584
"Le jeu vidéo, mieux que la vie ? (ft. Adrien Ménielle) I Jour De Play | REPLAY LIVE I ARTE",https://www.youtube.com/watch?v=7ff91IVnnDg,0.009665,0.011158,0.010499,0.499808,0.390775,41.018203,2024-03-13 19:59:54,8871,0.0178,610.0000,0.0190,34324,610,0,43,653,22413572
Que veulent vraiment les SMS d'arnaque ? ✉️ #arnaque #telegram,https://www.youtube.com/watch?v=xOuRZ3_e-q0,0.009482,0.012953,0.013993,0.499521,4.546222,477.090479,2026-05-08 06:30:27,113,0.0177,433.0000,0.0190,24504,433,0,33,466,11418864
Les Labubus : soft power chinois ? #chine #labubu #reportage #arteinfo,https://www.youtube.com/watch?v=dtx0FOh0psE,0.009856,0.011582,0.009926,0.499558,1.256669,132.028373,2025-10-02 16:01:17,109,0.0184,652.0000,0.0190,35511,652,0,23,675,23969925
"Dans les favelas, c'est la guerre #narcotrafic #favela #brésil #artereportage",https://www.youtube.com/watch?v=BcZrBDOjYIU,0.009428,0.013169,0.038383,0.496326,1.264512,132.073396,2026-05-08 05:30:06,158,0.0184,125.0000,0.0190,6789,125,0,4,129,875781
Qui veut la peau de la monarchie britannique ? | ARTE Regards,https://www.youtube.com/watch?v=iDTwjvv2uOU,0.010261,0.011077,0.004025,0.501614,9.398153,988.811372,2026-02-24 11:01:10,1819,0.0152,1871.0000,0.0190,122784,1871,0,462,2333,286455072
Elle se rend compte qu'elle connaît le tueur ! 🔪 #truecrime,https://www.youtube.com/watch?v=3qBlN7fGR7k,0.010675,0.011935,0.004682,0.499883,5.305176,558.358203,2026-01-28 06:30:02,150,0.0186,1571.0000,0.0190,84514,1571,0,34,1605,135644970
"« Il suffit d'une fois, et tout peut s'arrêter » | Fragments #4 | ARTE",https://www.youtube.com/watch?v=9JC0Ey6yYws,0.009322,0.010911,0.014886,0.499638,0.111675,11.742020,2021-01-17 17:30:01,991,0.0172,402.0000,0.0190,23342,402,0,41,443,10340506
Les cheminotes ukrainiennes | ARTE Regards,https://www.youtube.com/watch?v=l82yuhoekjM,0.009240,0.010915,0.016817,0.499500,0.172906,18.173912,2023-06-08 10:00:37,1939,0.0171,347.0000,0.0190,20286,347,0,38,385,7810110
Un groupe sataniste boycotté par l’Unicef ? Désintox | ARTE,https://www.youtube.com/watch?v=_cVTIq6fOfg,0.008726,0.010390,0.017573,0.500303,0.196373,20.648020,2023-08-24 19:00:23,88,0.0153,329.0000,0.0190,21450,329,0,78,407,8730150
"Chypre, les oubliés du Covid long | Reportage | ARTE Regards",https://www.youtube.com/watch?v=hHoOCpx1jvI,0.008886,0.010428,0.010017,0.501329,1.329213,140.124627,2025-08-20 10:01:16,1839,0.0147,645.0000,0.0189,43749,645,0,184,829,36267921
Quel est le système éducatif idéal ? | Kids | ARTE,https://www.youtube.com/watch?v=VVVBfciu0fw,0.012075,0.011307,0.002413,0.500281,3.584495,378.482433,2025-02-21 19:00:24,1589,0.0181,3365.0000,0.0189,186153,3365,0,160,3525,656189325
Yael Naim - Une nouvelle âme | Documentaire | ARTE,https://www.youtube.com/watch?v=S0MskAcb20I,0.009147,0.011430,0.038873,0.496679,0.333253,34.941803,2025-12-09 14:00:48,3356,0.0175,123.0000,0.0189,7025,123,0,10,133,934325
"Moi, en thérapie | Psycho | ARTE",https://www.youtube.com/watch?v=NRYiOFJcu2c,0.010330,0.011585,0.005658,0.499930,2.768497,292.304160,2025-11-04 14:00:43,1608,0.0183,1261.0000,0.0189,68998,1261,0,45,1306,90111388
The Amusement | Teaser d’annonce,https://www.youtube.com/watch?v=OWMWftoE6bQ,0.008904,0.011127,0.050879,0.495380,0.203489,21.290243,2025-10-28 09:00:43,50,0.0168,87.0000,0.0189,5179,87,0,11,98,507542
"La chapelle du Rosaire, le dernier chef-d’œuvre de Matisse | Documentaire | ARTE",https://www.youtube.com/watch?v=CtDd-nRFZuc,0.009344,0.012205,0.021661,0.498605,1.617304,170.352006,2026-04-05 13:00:19,3140,0.0178,255.0000,0.0189,14325,255,0,16,271,3882075
Le temps : en moins de 30 minutes chrono | Déclics | ARTE,https://www.youtube.com/watch?v=Xym7dvAYvQw,0.009647,0.015522,0.010692,0.499687,14.246680,1505.871849,2026-06-06 10:00:09,1617,0.0178,597.0000,0.0189,33454,597,0,35,632,21142928
RDC : face à l'épidémie Mpox | ARTE Reportage,https://www.youtube.com/watch?v=JbjkT-2N6pI,0.009399,0.011074,0.013886,0.499577,0.405933,42.888419,2024-11-21 19:00:18,736,0.0175,437.0000,0.0189,25040,437,0,36,473,11843920
Éducation : Tiens-toi bien ! | Streetphilosophy | ARTE,https://www.youtube.com/watch?v=qAy1LqT-mzs,0.010414,0.011257,0.005415,0.499853,0.418537,44.285538,2022-01-14 17:30:05,1587,0.0184,1327.0000,0.0189,72004,1327,0,33,1360,97925440
La bonne relation | Unhappy | ARTE,https://www.youtube.com/watch?v=Hj0aAXmg1Hg,0.010602,0.011289,0.004303,0.500280,2.768882,293.102074,2025-07-30 15:30:22,1586,0.0177,1732.0000,0.0189,97599,1732,0,111,1843,179874957
Serions-nous plus heureux sans bonheur ? | 42 - La réponse à presque tout | ARTE,https://www.youtube.com/watch?v=fxDddiXFN2I,0.010647,0.011298,0.004523,0.499969,1.143008,121.013664,2024-06-21 13:00:42,1633,0.0183,1635.0000,0.0189,89198,1635,0,49,1684,150209432
Peut-on avoir le blé et l'argent du blé ? | Les idées larges | ARTE,https://www.youtube.com/watch?v=MHqEnYST-ms,0.009793,0.011117,0.007494,0.500196,1.183788,125.311205,2025-05-07 18:00:31,1450,0.0174,908.0000,0.0189,52240,908,0,78,986,51508640
Mohamed Ali | Round 1 : le plus grand (1942-1964) | ARTE,https://www.youtube.com/watch?v=XcSvHuQLzXw,0.009930,0.014955,0.006861,0.500150,21.742546,2302.097547,2026-06-03 18:00:33,7352,0.0176,1007.0000,0.0189,57281,1007,0,74,1081,61920761
La société de consommation | Une brève histoire de l'automobile (2/3) | ARTE,https://www.youtube.com/watch?v=xwm7zP-iP8U,0.009927,0.013226,0.007573,0.499903,10.296628,1090.264550,2026-05-13 19:00:48,3165,0.0179,897.0000,0.0189,49978,897,0,46,943,47129254
"Faire à manger, c'est apaisant 💆 #cuisine #asmr",https://www.youtube.com/watch?v=zd95q4eUCfE,0.009705,0.011256,0.011651,0.499379,0.332569,35.191522,2024-03-11 17:00:42,18,0.0183,539.0000,0.0189,29523,539,0,18,557,16444311
Il était geôlier dans l'enfer des prisons syriennes | #syrie,https://www.youtube.com/watch?v=Qniqswg7qzQ,0.009324,0.011579,0.017186,0.499199,1.213743,128.337502,2026-01-29 06:30:25,131,0.0175,338.0000,0.0189,19297,338,0,26,364,7024108
Le destin brisé de l'empereur de la mode | #versace #mode #fashion,https://www.youtube.com/watch?v=yLfHJa5nqK4,0.009296,0.086912,0.067391,0.492107,23.871038,2491.681668,2026-06-27 07:30:33,159,0.0182,60.0000,0.0189,3288,60,0,2,62,203856
La Spice Mania #spicegirls #shorts #spicemania,https://www.youtube.com/watch?v=uaTSHHBpJzM,0.009748,0.011215,0.010907,0.499411,0.221763,23.507640,2022-10-12 14:00:28,59,0.0183,583.0000,0.0188,31854,583,0,17,600,19112400
Qui sont les espions de Poutine ? #russie #poutine #arte #arteinfo,https://www.youtube.com/watch?v=eodOEZc3sIk,0.008992,0.011082,0.017399,0.499732,0.998337,105.745755,2025-12-18 07:30:17,107,0.0164,333.0000,0.0188,20337,333,0,50,383,7789071
Le cinéma est-il mort? #Netflix #WarnerBros #cinema #culture #arteinfo,https://www.youtube.com/watch?v=psmmNN6ccYY,0.009207,0.011263,0.016164,0.499520,1.010939,107.139506,2025-12-11 07:30:35,137,0.0170,364.0000,0.0188,21355,364,0,38,402,8584710
"Le congrès brésilien envahi par un ""shaman"" cornu ? #brésil #bolsonaro",https://www.youtube.com/watch?v=2hFOGUZJVfI,0.009397,0.011078,0.017706,0.498963,0.136710,14.483288,2023-01-13 20:00:01,60,0.0178,326.0000,0.0188,18275,326,0,18,344,6286600
La nouvelle ère du muay-thaï 🇹🇭💪🏳️‍⚧️ | En mode | ARTE #documentaire,https://www.youtube.com/watch?v=q4_aNzSZfas,0.009470,0.010984,0.011706,0.499753,0.301914,32.036263,2023-11-12 18:00:31,46,0.0174,536.0000,0.0188,30719,536,0,42,578,17755582
Le chiffrement parfait existe-t-il ? | 42 - La réponse à presque tout | ARTE,https://www.youtube.com/watch?v=164Qe4rbM0s,0.009726,0.011074,0.007992,0.500110,0.966990,102.728136,2025-03-14 14:00:00,1709,0.0174,842.0000,0.0188,48390,842,0,68,910,44034900
Spice Girls #Shorts,https://www.youtube.com/watch?v=_FQLyhEMpec,0.009755,0.011353,0.013993,0.498848,0.158393,16.810861,2022-09-27 15:00:26,59,0.0188,433.0000,0.0188,23031,433,0,0,433,9972423
Est-ce que nos voitures nous espionnent? #arte #arteinfo #voiture #automobile #expresso #byd,https://www.youtube.com/watch?v=8nwyIaf5lzw,0.009399,0.011429,0.010632,0.500074,2.313721,245.838120,2026-02-04 17:00:14,139,0.0170,601.0000,0.0188,35382,601,0,64,665,23529030
"JO 2024, le combat des ouvriers sans-papiers | ARTE Regards",https://www.youtube.com/watch?v=8cuKkFqvcls,0.009658,0.010472,0.005788,0.501172,1.059213,112.649496,2024-07-31 10:00:07,1824,0.0156,1228.0000,0.0188,78541,1228,0,248,1476,115926516
Randonnée et course à pied | Unhappy | ARTE,https://www.youtube.com/watch?v=iRaKxuiq0zs,0.013471,0.011980,0.001698,0.500125,21.615071,2300.134422,2026-03-01 16:30:16,1594,0.0183,5018.0000,0.0188,273589,5018,0,123,5141,1406521049
"Apollo 1, l’histoire d’une tragédie #espace #fusée",https://www.youtube.com/watch?v=nUyXxmBxhys,0.009804,0.011516,0.010722,0.499301,0.990970,105.321223,2025-08-27 09:01:14,79,0.0185,595.0000,0.0188,32150,595,0,9,604,19418600
"Azote, la révolution des engrais | Documentaire | ARTE",https://www.youtube.com/watch?v=LIHj9hd9wx8,0.008718,0.019368,0.021942,0.499550,13.570266,1439.890840,2026-06-17 13:00:33,3153,0.0157,251.0000,0.0188,15969,251,0,49,300,4790700
Pologne : ces bars à lait devenus cultes | ARTE Regards,https://www.youtube.com/watch?v=8mD73a0br4E,0.009134,0.011788,0.019332,0.499172,1.684448,178.780213,2026-03-24 11:00:16,1816,0.0170,293.0000,0.0188,17194,293,0,30,323,5553662
"USA : Alabama, un désert d’avortement | ARTE Reportage",https://www.youtube.com/watch?v=PRl6QypNIW0,0.008649,0.009623,0.008073,0.502274,0.474345,50.469471,2023-01-10 17:30:02,1466,0.0130,832.0000,0.0188,63839,832,0,367,1199,76542961
Risquons-nous une explosion de superbactéries ? | 42 - La réponse à presque tout | ARTE,https://www.youtube.com/watch?v=230cZoJooQo,0.009569,0.011152,0.008877,0.500136,1.520008,161.751241,2025-10-03 13:00:11,1612,0.0172,744.0000,0.0188,43364,744,0,70,814,35298296
🔴 Replay Live | ARTE Book Club | « La vie devant soi » Emile Ajar (Le Mock & Lucile Poulain) | ARTE,https://www.youtube.com/watch?v=dcLfXNh1YvU,0.009766,0.011089,0.009269,0.499664,0.181279,19.289817,2020-12-03 20:24:13,3256,0.0180,707.0000,0.0188,39212,707,0,29,736,28860032
La course contre la montre | C'est juste une question de temps (1/4) | ARTE,https://www.youtube.com/watch?v=b_lTNkoU_2U,0.009666,0.011199,0.011780,0.499336,0.291386,31.004762,2023-11-29 14:00:27,790,0.0182,532.0000,0.0188,29208,532,0,16,548,16005984
L'aide à mourir en France #findevie #actu #arte #expresso,https://www.youtube.com/watch?v=3TTsjt5Brn8,0.009188,0.010888,0.013807,0.499857,0.562883,59.893945,2025-04-16 17:00:06,114,0.0168,440.0000,0.0188,26229,440,0,52,492,12904668
Est-il vrai qu’autrefois nous parlions tous la même langue ? | Est-il vrai que...? | ARTE,https://www.youtube.com/watch?v=cuHl3T36EX8,0.012848,0.011371,0.001918,0.500477,11.097985,1183.518585,2025-11-30 11:01:13,1510,0.0176,4370.0000,0.0188,248744,4370,0,294,4664,1160142016
"Dans la jungle des néobanques : Arnaques, trafics et clients lésés | Sources | ARTE",https://www.youtube.com/watch?v=tjVnddgwO6Y,0.015313,0.011347,0.001242,0.500774,23.793079,2538.134461,2026-01-14 14:01:39,1225,0.0171,7146.0000,0.0187,418914,7146,0,707,7853,3289731642
Brésil : le clown de Cracolandia | ARTE Reportage,https://www.youtube.com/watch?v=5YYEz0Q7EMo,0.028083,0.011178,0.000450,0.500312,15.117063,1612.778959,2024-05-27 15:30:01,1526,0.0181,22216.0000,0.0187,1228916,22216,0,821,23037,28310537892
Zeist : Tribunal en exil | Bienvenue en Géozarbie | ARTE,https://www.youtube.com/watch?v=gxr5zbJsYu4,0.010155,0.011202,0.006509,0.499722,0.384955,41.043111,2022-08-07 16:30:06,631,0.0184,1071.0000,0.0187,58320,1071,0,22,1093,63743760
Voici comment il porte sa Razza 🏔️👳🇲🇦  #nomade #atlas #montagne,https://www.youtube.com/watch?v=w6ZaiGvfQdI,0.009593,0.011149,0.012534,0.499319,0.261488,27.851299,2023-10-21 17:00:37,60,0.0181,494.0000,0.0187,27320,494,0,18,512,13987840
Cherche conducteurs de bus désespérément | ARTE Regards,https://www.youtube.com/watch?v=sZYG4SA9Mv0,0.008829,0.009777,0.007296,0.502164,1.026957,109.557624,2024-09-25 10:01:03,1827,0.0133,937.0000,0.0187,70250,937,0,379,1316,92449000
Élisabeth d’Angleterre et Marie d’Écosse : la guerre des deux reines | Documentaire | ARTE,https://www.youtube.com/watch?v=qe6UfDtUM34,0.009572,0.012666,0.014074,0.499094,3.510866,374.196511,2026-04-26 13:01:23,3168,0.0182,430.0000,0.0187,23608,430,0,12,442,10434736
Back and Forth | Foo Fighters | ARTE,https://www.youtube.com/watch?v=c1t6aKn_zwc,0.011175,0.011317,0.003203,0.500283,4.901018,523.580667,2025-10-09 15:30:23,5831,0.0177,2433.0000,0.0187,137171,2433,0,134,2567,352117957
Sortir sa famille de Gaza à tout prix | ARTE Regards,https://www.youtube.com/watch?v=8w89HxcPJCQ,0.008929,0.009906,0.007256,0.501933,1.019554,108.913236,2024-10-08 10:00:13,1838,0.0138,943.0000,0.0187,68421,943,0,337,1280,87578880
Les standards de beauté des jouets pour garçons 💪,https://www.youtube.com/watch?v=JX1snaoV8VU,0.009621,0.012641,0.012265,0.499285,4.129826,440.714830,2026-04-26 07:30:10,54,0.0182,507.0000,0.0187,27906,507,0,15,522,14566932
La mort vient en deux-roues | Big Flops | ARTE,https://www.youtube.com/watch?v=-eaLlw8h230,0.009461,0.011078,0.013834,0.499310,0.293937,31.372375,2024-05-03 18:00:00,314,0.0178,439.0000,0.0187,24655,439,0,22,461,11365955
"Green Line - Beyrouth, enfer rouge, jours noirs | La Lucarne | ARTE",https://www.youtube.com/watch?v=tPU0a1ix-kI,0.008868,0.010928,0.029927,0.498159,0.339055,36.083105,2025-09-15 13:01:47,9074,0.0166,171.0000,0.0187,10323,171,0,22,193,1992339
Les Polonais s’entraînent à la guerre | ARTE Regards,https://www.youtube.com/watch?v=UupK7uw0LME,0.010021,0.009965,0.004014,0.502011,1.481196,158.459982,2024-03-12 11:00:32,1798,0.0141,1877.0000,0.0187,132817,1877,0,605,2482,329651794
Cisjordanie : la bataille des camps | ARTE Reportage,https://www.youtube.com/watch?v=wA3SS_uj0KM,0.007772,0.009433,0.019332,0.501532,0.362531,38.717381,2024-10-17 09:01:02,772,0.0122,293.0000,0.0187,23976,293,0,155,448,10741248
Comment les feux d'artifice sont devenus un problème en Europe ? #expresso #arte #gangs #crime,https://www.youtube.com/watch?v=XzUMJO2o2Ew,0.009260,0.010990,0.013601,0.499687,0.655674,70.086373,2025-06-19 05:00:37,125,0.0171,448.0000,0.0187,26242,448,0,42,490,12858580
Russie : terre d'Islam ? (2021) | ARTE Reportage,https://www.youtube.com/watch?v=pNiWHyX1Gr8,0.009764,0.010493,0.005047,0.501345,2.765065,296.257828,2025-08-14 09:01:18,1490,0.0153,1440.0000,0.0187,94286,1440,0,319,1759,165849074
🐶 Chaussette nous montre son gros bâton #canisfamiliaris #série,https://www.youtube.com/watch?v=EhU_NkDb9Zg,0.009025,0.010748,0.021942,0.498891,0.121616,12.999751,2023-05-12 16:30:02,59,0.0169,251.0000,0.0186,14858,251,0,26,277,4115666
Ukraine : la résistance agricole | ARTE Reportage,https://www.youtube.com/watch?v=_iLacKaewY0,0.009064,0.010881,0.015041,0.499786,0.720049,77.077366,2025-08-21 13:01:07,1459,0.0166,397.0000,0.0186,23978,397,0,50,447,10718166
"L’espoir, un entraînement quotidien ? | Twist | ARTE",https://www.youtube.com/watch?v=ZVr0aL4Venk,0.009152,0.011672,0.020798,0.498819,1.296489,138.626012,2026-03-08 19:00:28,1817,0.0173,268.0000,0.0186,15504,268,0,21,289,4480656
Billie Jean King vs Bobby Riggs | Duels d'Histoire | ARTE,https://www.youtube.com/watch?v=ubjJKsJknao,0.009022,0.010709,0.018755,0.499323,0.174522,18.670756,2023-10-28 13:00:54,753,0.0167,304.0000,0.0186,18187,304,0,35,339,6165393
Téma la taille (et les capacités) du rat 🐀 #rat,https://www.youtube.com/watch?v=dj0r5Nu5Gs4,0.011430,0.011120,0.002962,0.500054,1.129842,121.203906,2023-03-06 17:30:05,18,0.0182,2662.0000,0.0186,146645,2662,0,71,2733,400780785
Il s'est fait exorciser à cause de son homosexualité #église #violence,https://www.youtube.com/watch?v=5dezuIFh2yE,0.009391,0.010789,0.010427,0.499991,0.304717,32.657140,2023-06-18 16:30:00,60,0.0170,615.0000,0.0186,36117,615,0,58,673,24306741
Le break c'est aussi un mouvement musical 📀 Viens on danse : épisode 4 🔥 #shorts #arte #breakdance,https://www.youtube.com/watch?v=xR7ouiQa2nc,0.009261,0.011010,0.025462,0.498003,0.073739,7.883012,2022-06-04 16:00:34,52,0.0179,209.0000,0.0186,11706,209,0,9,218,2551908
"Un lieu, un ressenti : comment ça marche ? | Twist | ARTE",https://www.youtube.com/watch?v=lQVH54VPB9A,0.009389,0.015829,0.022086,0.498219,6.129576,655.816776,2026-06-07 18:00:10,1829,0.0182,249.0000,0.0186,13695,249,0,6,255,3492225
Corée du Nord - Le prix de la liberté | ARTE,https://www.youtube.com/watch?v=P5aeV9ZFSZc,0.012921,0.011030,0.001866,0.500565,6.433221,690.924218,2025-06-15 18:00:19,6500,0.0173,4508.0000,0.0186,261088,4508,0,353,4861,1269148768
"Les rencontres arrangées, un commerce qui date | Faire l'histoire | ARTE",https://www.youtube.com/watch?v=ocoPnbUFhEY,0.009599,0.011049,0.011116,0.499455,0.227316,24.378084,2022-12-04 11:30:10,975,0.0180,570.0000,0.0186,31744,570,0,21,591,18760704
Tunisie : un Ehpad dans un hôtel de luxe | Reportage | ARTE Regards,https://www.youtube.com/watch?v=8Y8IjRiMVxA,0.008649,0.010102,0.008837,0.501841,2.246094,241.074965,2025-11-12 11:00:26,1839,0.0136,748.0000,0.0186,55007,748,0,276,1024,56327168
La dépression : prédisposition ou influence de l’environnement ? | Les questions qui fâchent | ARTE,https://www.youtube.com/watch?v=sJXwy2-8nLc,0.012907,0.010944,0.001864,0.500686,6.444964,692.829725,2025-06-10 13:01:27,1637,0.0170,4514.0000,0.0186,265416,4514,0,423,4937,1310358792
Communauté et solitude | Unhappy | ARTE,https://www.youtube.com/watch?v=4RfTsvvszI8,0.009722,0.011225,0.008528,0.499781,1.306765,140.367045,2025-08-19 15:30:06,1611,0.0178,780.0000,0.0186,43933,780,0,37,817,35893261
Ces trailers vous mentent-ils ? | Jour de play | ARTE,https://www.youtube.com/watch?v=bfqtr3bUCdo,0.009490,0.011014,0.012326,0.499416,0.266698,28.632701,2023-10-12 18:00:28,908,0.0178,504.0000,0.0186,28343,504,0,23,527,14936761
Provocation et indignation 2.0 | Tracks East | ARTE,https://www.youtube.com/watch?v=HWZAIcb7pDw,0.009169,0.011453,0.028218,0.497776,0.570708,61.080363,2026-01-08 19:00:26,1825,0.0176,184.0000,0.0186,10435,184,0,10,194,2024390
La performance d’Arielle Dombasle financée par nos impôts ?💃💵 #désintox,https://www.youtube.com/watch?v=E5vP7lZJ0uY,0.009324,0.010722,0.009900,0.500193,0.519969,55.868838,2024-07-26 16:00:21,57,0.0167,654.0000,0.0186,39218,654,0,75,729,28589922
Apprendre à accepter son corps | Kids | ARTE,https://www.youtube.com/watch?v=y9QalNNAqrE,0.010694,0.011125,0.004034,0.500054,1.693377,182.273517,2024-12-04 14:01:04,1581,0.0179,1866.0000,0.0186,104087,1866,0,67,1933,201200171
Brésil : le retour de la faim (2022) | ARTE Reportage,https://www.youtube.com/watch?v=aFnQG2WeMCs,0.008675,0.010423,0.010314,0.501324,2.271845,244.499934,2026-01-01 14:00:01,1477,0.0143,623.0000,0.0186,43533,623,0,185,808,35174664
🎮 Cosy Gaming : quand le jeu devient détente (ft Ultia) I Jour De Play I ARTE,https://www.youtube.com/watch?v=25s-R3CmPnk,0.009385,0.011023,0.012285,0.499582,0.616734,66.339999,2025-04-16 20:12:54,9891,0.0174,506.0000,0.0186,29043,506,0,33,539,15654177
Qu'est ce que l'intelligence ? | Les idées larges | ARTE,https://www.youtube.com/watch?v=hSoakjXRNp8,0.010723,0.010865,0.003707,0.500403,1.332619,143.591472,2024-03-20 16:30:12,1329,0.0173,2057.0000,0.0186,119173,2057,0,154,2211,263491503
Prends le avec humour | Streetphilosophy | ARTE,https://www.youtube.com/watch?v=lPW14qs-pVg,0.009480,0.011015,0.013576,0.499189,0.150108,16.149065,2022-04-01 18:00:16,1591,0.0180,449.0000,0.0186,25013,449,0,15,464,11606032
Cette ville risque de s'effondrer ! #mine #terresrares #ue #arteinfo,https://www.youtube.com/watch?v=BtsoQT_f_iw,0.009556,0.011248,0.011266,0.499445,0.934398,100.588011,2025-08-20 16:00:17,124,0.0179,561.0000,0.0185,31380,561,0,21,582,18263160
De fausses lettres de menaces pour Aurore Bergé et Marie Lebec ? - Désintox | Arte,https://www.youtube.com/watch?v=t7gxCsQEfuo,0.008666,0.010189,0.014674,0.500483,0.211843,22.802226,2023-03-31 19:00:31,60,0.0151,409.0000,0.0185,27017,409,0,92,501,13535517
"Transpirer, le superpouvoir des humains | Documentaire | ARTE",https://www.youtube.com/watch?v=Cr_MRHs3GLw,0.009088,0.011252,0.024336,0.498373,0.603529,64.856493,2025-12-13 11:00:31,3051,0.0173,221.0000,0.0185,12788,221,0,16,237,3030756
Accro à Instagram ?! 😱😵‍💫,https://www.youtube.com/watch?v=aRjtmnWHoCU,0.009553,0.010913,0.010004,0.499690,0.243922,26.286275,2022-09-01 16:40:35,55,0.0176,646.0000,0.0185,36694,646,0,34,680,24951920
Une espèce à part (intégrale) | ARTE,https://www.youtube.com/watch?v=stCxLxBMjYA,0.216856,0.010816,0.000053,0.500555,48.951933,5286.489479,2019-06-29 15:00:10,1897,0.0174,235181.0000,0.0185,13512306,235181,0,15061,250242,3381346478052
"Shaïna, histoire d’un mépris criminel (1/2) | La descente aux enfers | ARTE",https://www.youtube.com/watch?v=nOmnJBpB5E8,0.016299,0.011195,0.001129,0.501549,50.750635,5481.732090,2026-03-25 16:30:30,3009,0.0153,7958.0000,0.0185,520461,7958,0,1678,9636,5015162196
"Adrénochrome, la substance qui empoisonne la toile | Citizen Facts (5/5) | ARTE",https://www.youtube.com/watch?v=w_UJQu4IRvk,0.024195,0.009402,0.000701,0.502979,10.562039,1141.096546,2023-11-17 19:00:34,2082,0.0125,13582.0000,0.0185,1088424,13582,0,6566,20148,21929566752
Gros trafic de cocaïne en Europe 💰 #trafic #expresso,https://www.youtube.com/watch?v=CG1u92kjygs,0.009425,0.010524,0.007466,0.500615,0.602781,65.067984,2024-02-13 15:30:06,61,0.0162,912.0000,0.0185,56348,912,0,131,1043,58770964
"Russie : Fère champenoise, chronique de l’Oural | ARTE Reportage (2023)",https://www.youtube.com/watch?v=LiBHz5_iFQk,0.009342,0.011869,0.007765,0.500676,7.625928,823.206789,2026-04-23 13:00:42,1483,0.0160,871.0000,0.0185,54406,871,0,136,1007,54786842
Aux Frontières de l'Infini 🌠🔭  #documentaire #jameswebb #espace,https://www.youtube.com/watch?v=vKC-W8vnsXI,0.009615,0.011128,0.011988,0.499165,0.272439,29.399673,2023-10-31 18:30:43,60,0.0183,521.0000,0.0185,28543,521,0,7,528,15070704
Un café viennois contre la solitude | Reportage | ARTE Regards,https://www.youtube.com/watch?v=mt6cE2cxSTQ,0.009146,0.011328,0.023898,0.498300,0.637711,68.665484,2025-12-22 11:01:26,1826,0.0175,226.0000,0.0185,12921,226,0,13,239,3088119
La sexualité dévoilée | Le rapport Hite | ARTE,https://www.youtube.com/watch?v=9wdtV9Hi7wI,0.010393,0.013274,0.004564,0.500137,20.803613,2248.649173,2026-05-18 18:00:13,3588,0.0176,1618.0000,0.0185,91930,1618,0,82,1700,156281000
Une ville réservée aux blancs | #afriquedusud,https://www.youtube.com/watch?v=n4kD4a96lgo,0.009018,0.010823,0.008464,0.501078,3.680687,397.879589,2026-02-17 06:30:25,135,0.0151,787.0000,0.0185,52266,787,0,179,966,50488956
"Séisme en Turquie, la catastrophe du siècle | ARTE Regards",https://www.youtube.com/watch?v=1Al5MolecKI,0.008463,0.009708,0.010558,0.501612,0.342463,37.021763,2023-03-13 14:00:00,1939,0.0136,606.0000,0.0185,44539,606,0,217,823,36655597
Silicon F***ing Valley (2/6) | L'ordi qui a tout changé | ARTE,https://www.youtube.com/watch?v=g9ZKLeyHyZA,0.013110,0.011116,0.001799,0.500099,4.045831,438.444785,2024-11-11 16:30:15,937,0.0180,4698.0000,0.0185,260412,4698,0,107,4805,1251279660
🍔 LES BURGERS VOLANTS | Une comédie interactive tournée EN DIRECT | ARTE,https://www.youtube.com/watch?v=xL0TvZvJi0o,0.009256,0.010825,0.012751,0.499640,0.417880,45.220483,2024-10-10 20:29:55,9380,0.0171,484.0000,0.0184,28298,484,0,38,522,14771556
La bourse ? Grave ! | Petits investisseurs contre géants de la finance | ARTE,https://www.youtube.com/watch?v=OokMbLzMAG0,0.009976,0.012106,0.005744,0.500182,9.196175,996.312443,2026-04-17 15:30:16,1839,0.0173,1239.0000,0.0184,71721,1239,0,84,1323,94886883
Llívia : Guerre sur un plateau | Bienvenue en Géozarbie | ARTE,https://www.youtube.com/watch?v=ytTKvistGWo,0.011801,0.010848,0.002482,0.500322,1.185690,128.566668,2022-07-10 16:30:18,610,0.0175,3258.0000,0.0184,186286,3258,0,177,3435,639892410
Joey Starr : un peu de son enfance | Épitaphe | ARTE,https://www.youtube.com/watch?v=xvvkqgmtEyY,0.009399,0.010247,0.006478,0.501022,0.488296,52.925257,2022-11-20 20:00:13,729,0.0155,1077.0000,0.0184,69639,1077,0,207,1284,89416476
Queens of Joy : unies pour la liberté | ARTE,https://www.youtube.com/watch?v=iSVk-AgDMKg,0.009064,0.011567,0.057567,0.493692,0.282510,30.264776,2026-02-10 14:01:15,3680,0.0177,74.0000,0.0184,4178,74,0,3,77,321706
Michel Mayor : À la recherche des EXOPLANÈTES | ARTE,https://www.youtube.com/watch?v=8pqFqze1L2o,0.009305,0.011069,0.012066,0.499650,1.066423,115.558028,2025-10-11 10:00:19,1025,0.0172,517.0000,0.0184,30070,517,0,37,554,16658780
Retour en Syrie ? | ARTE Regards,https://www.youtube.com/watch?v=zuCO6UU2jZw,0.008732,0.010329,0.013781,0.500401,0.522504,56.627608,2025-02-06 11:01:29,1838,0.0154,441.0000,0.0184,28720,441,0,88,529,15192880
L’Europe unie pour dominer l’espace : mission impossible ? (Jeu de rôle) | EUROPARTIE | ARTE,https://www.youtube.com/watch?v=7hC9P41DV9g,0.008850,0.011042,0.039896,0.496613,0.300219,32.350324,2025-11-22 11:00:11,3912,0.0169,119.0000,0.0184,7058,119,0,11,130,917540
« Je ne la trouve pas chez Leclerc ta tisane »  | Fragments #5 | ARTE,https://www.youtube.com/watch?v=t-RxT5SuHUU,0.008998,0.010497,0.014382,0.499808,0.118885,12.888060,2021-01-24 17:30:03,1068,0.0164,419.0000,0.0184,25530,419,0,51,470,11999100
Syrie : les enfants sacrifiés de l’or noir | ARTE Reportage,https://www.youtube.com/watch?v=i5dIQO5JNQQ,0.009594,0.009666,0.004567,0.502083,0.641037,69.629088,2021-10-27 14:00:20,1416,0.0136,1617.0000,0.0184,118721,1617,0,568,2185,259405385
"La Chine, pays de rêve pour les retraités ?  #voixdechine #chine #arteinfo",https://www.youtube.com/watch?v=STikIqrL774,0.008428,0.010384,0.032538,0.498315,0.252427,27.297367,2025-06-25 05:00:28,147,0.0153,154.0000,0.0184,10057,154,0,31,185,1860545
USA élections : le péril jeune | ARTE Reportage,https://www.youtube.com/watch?v=xK3y28Rq7-4,0.008719,0.010105,0.010768,0.500975,0.611917,66.477840,2024-11-01 19:00:42,795,0.0147,592.0000,0.0184,40142,592,0,146,738,29624796
Pourquoi l'eau du Grand Canyon est bleue | #grandcanyon,https://www.youtube.com/watch?v=8f2hDLsCYF8,0.009712,0.033648,0.009127,0.499445,83.124172,9039.867286,2026-06-24 05:30:22,123,0.0181,720.0000,0.0184,39803,720,0,11,731,29095993
Frapper la monnaie | MONEY | ARTE,https://www.youtube.com/watch?v=HpLZvAXAgjE,0.009000,0.013231,0.020486,0.498888,3.924347,426.049311,2026-05-21 19:00:10,1452,0.0169,273.0000,0.0184,16122,273,0,23,296,4772112
En mode DJ Mehdi #djmehdi #musique,https://www.youtube.com/watch?v=l6vfvmBEhco,0.009301,0.011137,0.025762,0.497673,0.181750,19.703797,2024-11-30 16:00:41,54,0.0182,206.0000,0.0184,11329,206,0,2,208,2356432
Gianni Versace : l'empereur des songes | Documentaire | ARTE,https://www.youtube.com/watch?v=3QrOTMj6N1s,0.008722,0.024772,0.043353,0.496296,8.588247,927.960054,2026-06-21 15:30:30,4332,0.0165,107.0000,0.0184,6483,107,0,12,119,771477
Mohamed Ali | Round 2 : comment je m’appelle ? | ARTE,https://www.youtube.com/watch?v=aC1mrLzvvs8,0.009198,0.014651,0.013501,0.499538,9.802534,1066.121143,2026-06-03 19:00:25,6505,0.0171,452.0000,0.0184,26483,452,0,34,486,12870738
Notre carte du monde déformée? 🗺️,https://www.youtube.com/watch?v=SZ3WVzIxh5k,0.009392,0.011046,0.011035,0.499616,0.996971,108.502574,2025-08-27 17:00:43,116,0.0174,575.0000,0.0183,33085,575,0,32,607,20082595
"""Nous adaptons nos corps à la sexualité masculine depuis des siècles !""",https://www.youtube.com/watch?v=qVPCzYZLWS8,0.010792,0.016447,0.003542,0.500265,65.878463,7184.573589,2026-06-11 05:30:04,39,0.0173,2168.0000,0.0183,125035,2168,0,124,2292,286580220
Looking for Fael | Jeux Vidéo | Bande Annonce | ARTE,https://www.youtube.com/watch?v=hBQrCvhAruA,0.008750,0.010563,0.028980,0.498174,0.147870,16.057162,2024-08-21 08:39:54,39,0.0164,178.0000,0.0183,10859,178,0,21,199,2160941
Est-il vrai que les frontières sont aussi anciennes que l'humanité ? | Est-il vrai que...? | ARTE,https://www.youtube.com/watch?v=E_p6Ml-9HwI,0.009287,0.010966,0.009214,0.500193,2.013520,219.524646,2025-12-14 11:00:23,1451,0.0165,712.0000,0.0183,43065,712,0,77,789,33978285
Tout sur le triple NARCO-FÉMINICIDE en Argentine #argentine #féminicide #milei #arte #expresso,https://www.youtube.com/watch?v=9ai2hnhAxrc,0.009376,0.011119,0.011969,0.499447,1.011375,110.219502,2025-10-01 05:00:11,128,0.0175,522.0000,0.0183,29806,522,0,24,546,16274076
Quand les parents se séparent | ARTE,https://www.youtube.com/watch?v=zTbBCB7Bzrc,0.008872,0.010224,0.010056,0.500784,0.662338,72.226505,2024-11-20 14:01:05,1599,0.0152,642.0000,0.0183,42256,642,0,132,774,32706144
🔴 Replay Live | ARTE Book Club | « Cent ans de solitude » de Gabriel Garcia Marquez | ARTE,https://www.youtube.com/watch?v=ASMIxykwo8U,0.009435,0.010764,0.010245,0.499649,0.182011,19.870314,2021-07-08 19:23:42,3322,0.0174,628.0000,0.0183,36081,628,0,32,660,23813460
"Comment ça se danse un glitch ? | Gymnastique, la culture en s'amusant | ARTE",https://www.youtube.com/watch?v=tJtSvZPmu0w,0.009163,0.010875,0.024608,0.498001,0.080992,8.817407,2022-09-02 10:30:16,322,0.0177,218.0000,0.0183,12302,218,0,7,225,2767950
"Pouvoir aller chez le médecin, un luxe? #santé #arteinfo #médecine #europe",https://www.youtube.com/watch?v=5uNpqbI0Z-w,0.008867,0.011325,0.022758,0.498757,1.129390,123.056675,2026-03-03 07:30:04,87,0.0166,240.0000,0.0183,14437,240,0,24,264,3811368
👥 L'horreur de la prostitution forcée #trafic #pauvreté,https://www.youtube.com/watch?v=9aEvbDmDkuY,0.009599,0.010728,0.007690,0.499989,0.422233,46.132680,2023-06-12 16:30:02,60,0.0172,881.0000,0.0183,51297,881,0,57,938,48116586
"Espagne, une guerre sans fin (1/2) | Documentaire | ARTE",https://www.youtube.com/watch?v=YcMepFbKv7g,0.010084,0.010254,0.003844,0.501691,5.647801,617.554490,2025-11-18 16:30:16,3155,0.0144,1973.0000,0.0183,137063,1973,0,533,2506,343479878
"Japon : Fukushima, eaux toxiques | ARTE Reportage",https://www.youtube.com/watch?v=kOK0b-dpRQs,0.009755,0.011080,0.006614,0.500065,2.443196,267.099447,2025-11-11 20:00:40,1524,0.0172,1051.0000,0.0183,61112,1051,0,66,1117,68262104
Influenceurs d'extrême droite | Reportage | ARTE Regards,https://www.youtube.com/watch?v=-4e0dJ3rGZQ,0.013094,0.010033,0.001771,0.501908,8.444016,923.943822,2025-06-30 10:00:00,1859,0.0142,4782.0000,0.0183,335591,4782,0,1351,6133,2058179603
Autotune : est-ce de la triche ? 🎤🤖🎶  | En mode | ARTE #Reportage #Rap,https://www.youtube.com/watch?v=v47yQEUjs5U,0.009368,0.010711,0.009952,0.499811,0.353537,38.666277,2023-10-19 17:00:39,56,0.0171,650.0000,0.0183,38006,650,0,44,694,26376164
Taïwan menacé par les mafias chinoises | #chine #taiwan #mafia,https://www.youtube.com/watch?v=78dhL7yQXgc,0.009256,0.011617,0.012751,0.499468,2.481579,271.454764,2026-03-17 06:30:03,180,0.0172,484.0000,0.0182,28058,484,0,28,512,14365696
Les Mystères d'Halloween #halloween #spooky,https://www.youtube.com/watch?v=j-IqeE7ejtk,0.009505,0.011321,0.012408,0.499074,1.051142,114.984562,2025-10-31 10:01:22,90,0.0181,500.0000,0.0182,27621,500,0,4,504,13920984
L’asperge grecque défie la concurrence | ARTE Regards,https://www.youtube.com/watch?v=tCqg6mVJw9c,0.008942,0.019625,0.062757,0.492934,3.120648,337.208262,2026-06-17 10:00:16,1812,0.0175,66.0000,0.0182,3782,66,0,3,69,260958
Le piège des aliments ultratransformés #Reportage #Cuisine,https://www.youtube.com/watch?v=Fo4OYOJAAG4,0.009016,0.010900,0.030647,0.497425,0.181564,19.793583,2025-03-03 17:00:23,91,0.0174,166.0000,0.0182,9539,166,0,8,174,1659786
"Norvège : Svalbard, pion stratégique russe | ARTE Reportage",https://www.youtube.com/watch?v=VeEZn3D8470,0.008977,0.010097,0.007047,0.501481,2.185419,239.455514,2025-09-15 15:30:28,1524,0.0143,976.0000,0.0182,68481,976,0,273,1249,85532769
Beau comme un tracteur | La vie en face | ARTE,https://www.youtube.com/watch?v=qMTSVVSiSXI,0.008995,0.010531,0.012144,0.500038,0.576910,63.182618,2025-02-12 16:30:20,2937,0.0162,513.0000,0.0182,31651,513,0,64,577,18262627
Est-il vrai qu'autrefois il y avait beaucoup moins de paperasse ? | Est-il vrai que...? | ARTE,https://www.youtube.com/watch?v=Id6LJrfoqHU,0.009380,0.011491,0.009700,0.499816,3.187020,349.190443,2026-03-08 11:00:34,1279,0.0171,670.0000,0.0182,39170,670,0,44,714,27967380
Déficit définitif ? Une génération en difficulté | Tracks East | ARTE,https://www.youtube.com/watch?v=fUoCvqAMPzI,0.008387,0.011248,0.025462,0.499173,1.583586,173.205507,2026-04-09 18:00:42,1840,0.0151,209.0000,0.0182,13836,209,0,43,252,3486672
Inspiration artistique ou appropriation culturelle? #mexique  #adidas #arteinfo,https://www.youtube.com/watch?v=dCamBov59xk,0.009063,0.010709,0.011969,0.499926,0.907741,99.537947,2025-08-13 17:00:47,123,0.0164,522.0000,0.0182,31745,522,0,56,578,18348610
Bienvenue à Bad Gastein ! La diva des Alpes | Documentaire | ARTE,https://www.youtube.com/watch?v=JWICKzHaQ7g,0.009086,0.013836,0.043995,0.495453,1.631885,177.724324,2026-05-26 13:00:20,2616,0.0179,105.0000,0.0182,5881,105,0,2,107,629267
Palestine : le combat des Samaritains (2022) | ARTE Reportage,https://www.youtube.com/watch?v=OYOCncCNO8M,0.008370,0.010169,0.013233,0.500976,1.453540,159.530283,2025-12-04 14:00:42,2120,0.0141,463.0000,0.0182,32871,463,0,135,598,19656858
"Attaque contre l'Iran : opération ""Fureur épique"" | Tracks East | ARTE",https://www.youtube.com/watch?v=aOxlKYyht78,0.008102,0.010555,0.021942,0.500129,1.493636,163.753560,2026-03-10 20:00:00,1678,0.0140,251.0000,0.0182,17980,251,0,76,327,5879460
Une plateforme pour parier sur les guerres #polymarket #arteinfo #iran #trump,https://www.youtube.com/watch?v=jAKSWxuX7X8,0.008854,0.011464,0.020926,0.498937,1.520978,166.695040,2026-03-24 07:30:32,129,0.0166,266.0000,0.0182,16056,266,0,26,292,4688352
Pays baltes - le point sensible de l'UE | Tracks East | ARTE,https://www.youtube.com/watch?v=phAhiX0UZ6s,0.008560,0.010091,0.014794,0.500346,0.311200,34.158463,2024-04-30 18:00:32,1925,0.0150,405.0000,0.0182,26947,405,0,85,490,13204030
"Les invasions barbares, la construction d'une légende | Faire l'histoire | ARTE",https://www.youtube.com/watch?v=SjrUqpYEZsc,0.010700,0.010432,0.003369,0.500697,0.985984,108.465931,2022-12-11 11:30:07,964,0.0163,2296.0000,0.0182,140480,2296,0,257,2553,358645440
Turquie : le calvaire des réfugiés afghans | ARTE Reportage,https://www.youtube.com/watch?v=nU3_fLL-3PE,0.007571,0.009078,0.019719,0.501397,0.130676,14.351067,2021-11-25 17:30:05,752,0.0119,286.0000,0.0182,24051,286,0,151,437,10510287
La chasse à l’arc en Europe | ARTE Regards,https://www.youtube.com/watch?v=ws4Q8QinRNs,0.008372,0.009705,0.010752,0.501466,0.753541,82.851606,2025-01-16 11:01:19,1839,0.0136,593.0000,0.0182,43760,593,0,202,795,34789200
​Pourquoi les mangas ont-ils tant de succès en France ?  | ARTE Book Club  | REPLAY | ARTE,https://www.youtube.com/watch?v=4jLb_ITCqR8,0.008705,0.010173,0.013501,0.500276,0.277244,30.471966,2023-11-08 14:00:03,7383,0.0154,452.0000,0.0182,29346,452,0,81,533,15641418
L’homme et le cheval | Unhappy | ARTE,https://www.youtube.com/watch?v=GUmqeqcmIaw,0.009255,0.011534,0.011199,0.499675,2.932908,322.464261,2026-03-17 20:00:13,1608,0.0170,565.0000,0.0182,33149,565,0,37,602,19955698
La beauté intérieure existe-t-elle vraiment ? | Gymnastique | ARTE,https://www.youtube.com/watch?v=dLx-D-ASTQI,0.009173,0.010876,0.021730,0.498249,0.140014,15.362929,2023-12-09 14:00:26,292,0.0177,254.0000,0.0182,14319,254,0,6,260,3722940
Le plus grand événement caritatif de Pologne | ARTE Regards,https://www.youtube.com/watch?v=b3tk3YK5X0Q,0.008763,0.010749,0.054775,0.494391,0.104568,11.388201,2025-05-13 10:01:03,1813,0.0169,79.0000,0.0182,4683,79,0,6,85,398055
La plus grande fraude dans le monde de l'art #oligarque #art #arte,https://www.youtube.com/watch?v=ztWjDdY1JQY,0.008980,0.053032,0.037673,0.496465,28.374435,3104.247843,2026-06-26 06:30:31,140,0.0175,128.0000,0.0181,7330,128,0,5,133,974890
L’Amérique en guerre contre ses femmes ♀️​ #trump #violencesfaitesauxfemmes #arteinfo,https://www.youtube.com/watch?v=83w_jUaJCSs,0.009519,0.011134,0.009336,0.499564,1.500343,165.170353,2025-10-30 08:30:12,127,0.0176,701.0000,0.0181,39852,701,0,22,723,28812996
Le livre est-il moteur d’émancipation ? | ARTE Book Club | Replay Live | ARTE,https://www.youtube.com/watch?v=WzynGpsPqbY,0.008965,0.010617,0.019496,0.498894,0.160817,17.677460,2023-11-01 14:00:23,7882,0.0169,290.0000,0.0181,17148,290,0,21,311,5333028
Junkies et familles cohabitent à Francfort | ARTE Regards,https://www.youtube.com/watch?v=f0wPdej8bTI,0.008601,0.014205,0.017102,0.499874,8.259167,908.673572,2026-06-04 10:00:25,1826,0.0155,340.0000,0.0181,22004,340,0,59,399,8779596
Qui sont les petites mains derrière l'IA ? #madagascar #reportage #artereportage #arte,https://www.youtube.com/watch?v=NNRoXOwdjn0,0.009315,0.011196,0.016897,0.498633,0.634626,69.797917,2025-09-26 16:00:50,113,0.0180,345.0000,0.0181,19192,345,0,3,348,6678816
USA : Minneapolis en résistance | ARTE Reportage,https://www.youtube.com/watch?v=8RvPEBEXJ0c,0.009981,0.011137,0.004656,0.500661,7.516219,828.852867,2026-03-02 16:30:03,1552,0.0162,1581.0000,0.0181,97759,1581,0,191,1772,173228948
Pourquoi Hitchcock est devenu réalisateur ?   #hitchcock,https://www.youtube.com/watch?v=jbNbwI2PL0Y,0.009262,0.010910,0.018806,0.498444,0.148278,16.321218,2023-08-28 09:58:28,36,0.0179,303.0000,0.0181,16896,303,0,3,306,5170176
Est-il vrai que les pâtes viennent d'Italie ? | Est-il vrai que...? | ARTE,https://www.youtube.com/watch?v=D4Yx8Tiej-8,0.009350,0.010264,0.005670,0.501278,3.243428,358.523739,2025-11-02 11:00:20,1429,0.0147,1258.0000,0.0181,85391,1258,0,286,1544,131843704
Qu’est-ce qui nous rend dépressifs ? | 42 - La réponse à presque tout | ARTE,https://www.youtube.com/watch?v=v5YcH5X5Xgo,0.033730,0.010774,0.000368,0.500454,31.604466,3497.870497,2025-03-21 14:01:09,1576,0.0171,27798.0000,0.0181,1623181,27798,0,1533,29331,47609521911
Les oubliés des safaris de luxe #afrique #safaris #droitshumains #arteinfo  #artereportage,https://www.youtube.com/watch?v=MbnqHYDMM4Q,0.009502,0.011023,0.009875,0.499401,0.950490,105.102314,2025-07-11 17:00:34,171,0.0177,656.0000,0.0181,36988,656,0,12,668,24707984
💍 Tolkien : un stream react pour les passionner tous I LE DOCK | REPLAY LIVE I ARTE,https://www.youtube.com/watch?v=YsMn4qXyN-0,0.009500,0.010815,0.008501,0.499738,0.840250,92.943115,2025-02-26 20:56:13,9469,0.0173,783.0000,0.0181,45241,783,0,34,817,36961897
Chine : confessions forcées | ARTE Reportage,https://www.youtube.com/watch?v=wXVRH-2iSOY,0.012237,0.009758,0.002057,0.501715,1.151778,127.770125,2020-06-18 16:30:10,1350,0.0143,4035.0000,0.0180,281215,4035,0,1034,5069,1425478835
Mobutu - Maître du jeu (1/4) | L'ombre de Lumumba | ARTE,https://www.youtube.com/watch?v=OFOPwUgGLNI,0.010515,0.015270,0.003523,0.500744,61.641037,6837.518120,2026-06-08 19:00:11,3437,0.0161,2181.0000,0.0180,135661,2181,0,264,2445,331691145
La Crypto Queen de l'arnaque !,https://www.youtube.com/watch?v=CZ3Pl7Etf3Q,0.009503,0.010596,0.007765,0.499906,0.360547,39.997592,2022-12-29 09:44:03,60,0.0170,871.0000,0.0180,51086,871,0,49,920,46999120
C'est quoi le fémonationalisme ? #féminisme #extrêmedroite #nemesis,https://www.youtube.com/watch?v=CvKKkXNVGno,0.008284,0.010643,0.017842,0.500226,1.816899,201.328681,2026-03-09 17:30:07,91,0.0145,323.0000,0.0180,22328,323,0,79,402,8975856
Arrestation de Greta Thunberg : une mise en scène ?,https://www.youtube.com/watch?v=utd7yTKKLcY,0.008600,0.009979,0.012663,0.500469,0.234813,26.061089,2023-01-27 20:00:15,58,0.0150,488.0000,0.0180,32519,488,0,97,585,19023615
La voix du peuple : la culture ultra au Liverpool FC | Tribunes libres #2 | ARTE,https://www.youtube.com/watch?v=ezedK6oaZw0,0.009460,0.010260,0.006406,0.500506,0.286825,31.867305,2020-08-26 16:00:11,631,0.0161,1091.0000,0.0180,67940,1091,0,131,1222,83022680
Le mème le plus cher du monde | Big Flops | ARTE,https://www.youtube.com/watch?v=27yVjFMyngM,0.009754,0.010628,0.006307,0.499930,0.396548,44.074577,2022-06-25 18:00:01,262,0.0172,1111.0000,0.0180,64520,1111,0,49,1160,74843200
💡​ Est-il vrai qu'Hitler a inventé l'autoroute ? #propagande #mensonge #media #evq #arte,https://www.youtube.com/watch?v=k30TV-_e_YU,0.009037,0.011031,0.022993,0.498157,0.497112,55.112453,2025-10-25 05:01:01,124,0.0175,237.0000,0.0180,13581,237,0,7,244,3313764
"Mobutu - Maître du jeu (4/4) | Après moi, le déluge | ARTE",https://www.youtube.com/watch?v=p-cqYcbWx6s,0.009254,0.016035,0.007071,0.500617,33.045214,3676.658567,2026-06-11 19:00:21,3345,0.0157,972.0000,0.0180,61917,972,0,140,1112,68851704
Les États-Unis sous Trump: le repli ou la désobéissance | Tracks East | ARTE,https://www.youtube.com/watch?v=JmOuopanWGE,0.010323,0.010410,0.003752,0.500791,2.943197,327.619543,2025-06-03 18:00:31,2071,0.0159,2029.0000,0.0180,127733,2029,0,265,2294,293019502
Vivre sans chauffage au Portugal | ARTE Regards,https://www.youtube.com/watch?v=10siAmh2V_M,0.008111,0.009786,0.017751,0.500514,0.506949,56.331362,2025-05-08 10:00:05,1837,0.0139,325.0000,0.0180,23446,325,0,96,421,9870766
Comment échapper à l'enfer ? | Tracks East | ARTE,https://www.youtube.com/watch?v=H17eSrGHlFI,0.008741,0.010465,0.022454,0.498732,0.211028,23.420967,2024-10-01 15:30:05,1955,0.0164,244.0000,0.0180,14872,244,0,23,267,3970824
Pourquoi les chefs cuisiniers portent des grands chapeaux blancs ? 👨‍🍳 #Cuisine #Histoire,https://www.youtube.com/watch?v=CtaQN7royH4,0.011020,0.010982,0.003228,0.499856,3.030185,337.475327,2025-05-23 16:00:17,84,0.0178,2412.0000,0.0180,135316,2412,0,17,2429,328682564
"Qui dit break dance, dit block party ! 🎶 Viens on danse : épisode 3 🔥 #shorts #arte #breakdance",https://www.youtube.com/watch?v=jwQztn5aWqM,0.008821,0.010531,0.030500,0.497531,0.059894,6.637435,2022-06-03 16:00:19,42,0.0169,167.0000,0.0179,9863,167,0,10,177,1745751
Grèce : l’école et rien d’autre (2021) | ARTE Reportage,https://www.youtube.com/watch?v=DKpSP3c5vRM,0.008754,0.010681,0.024980,0.498371,0.385486,42.777403,2025-08-30 10:00:15,1474,0.0166,214.0000,0.0179,12928,214,0,18,232,2999296
Balenciaga : Une marque de luxe aux fétiches douteux | Big Flops | ARTE,https://www.youtube.com/watch?v=KegY6wkTkGw,0.008886,0.010005,0.008538,0.500831,0.583667,65.000344,2024-04-20 09:00:14,342,0.0150,779.0000,0.0179,51952,779,0,153,932,48419264
"Mayotte, la mer de tous les dangers | Décryptage | ARTE",https://www.youtube.com/watch?v=Yyg_pWix4HY,0.008473,0.010384,0.023072,0.499106,0.480901,53.425603,2025-09-16 18:00:29,673,0.0155,236.0000,0.0179,15220,236,0,37,273,4155060
Cambodge : les briques de sang | ARTE Reportage,https://www.youtube.com/watch?v=np_isYKrmL0,0.009584,0.017590,0.005133,0.500995,63.518479,7079.464882,2026-06-15 13:00:11,1509,0.0152,1412.0000,0.0179,92675,1412,0,250,1662,154025850
1324 : le pèlerinage de Mansa Moussa à La Mecque | Quand l'histoire fait dates | ARTE,https://www.youtube.com/watch?v=L9NX32V8UEg,0.012164,0.010609,0.002111,0.500761,8.362481,932.618455,2025-10-11 13:00:45,1598,0.0162,3918.0000,0.0179,242565,3918,0,431,4349,1054915185
Des feux d’artifice plus vertueux (2024) | ARTE Regards,https://www.youtube.com/watch?v=S44fAV4DVQo,0.008632,0.010244,0.015947,0.499812,0.390701,43.485221,2024-12-30 11:00:36,1822,0.0156,370.0000,0.0179,23707,370,0,55,425,10075475
La start-up qui a cramé 40 milliards de dollars | Big Flops | ARTE,https://www.youtube.com/watch?v=m4AWOHDBJbE,0.013452,0.010414,0.001625,0.500587,1.894903,211.363810,2022-05-14 18:00:23,368,0.0166,5272.0000,0.0179,318289,5272,0,434,5706,1816157034
La slip dress de Julie (en 12 chapitres) 👗 #cinema,https://www.youtube.com/watch?v=Cs9FpqPrGdI,0.009206,0.010883,0.019776,0.498252,0.185007,20.571970,2024-05-16 16:30:03,60,0.0179,285.0000,0.0179,15901,285,0,0,285,4531785
Les vacances nous reposent-elles vraiment? | 42 - La réponse à presque tout | ARTE,https://www.youtube.com/watch?v=dpk3RiThWSQ,0.009403,0.013139,0.008131,0.499907,11.809037,1316.653694,2026-05-22 13:00:49,1713,0.0169,825.0000,0.0179,48835,825,0,50,875,42730625
Eurovision - Une colonne de feu dans la ville du duo ukrainien Désintox | ARTE #arte #eurovision,https://www.youtube.com/watch?v=WpK9AG4xUg0,0.009065,0.010730,0.022379,0.498147,0.110471,12.282972,2023-05-19 14:07:02,59,0.0176,245.0000,0.0179,13954,245,0,5,250,3488500
USA : les décrets transphobes s'enchaînent #usa #trump #trans #droits #arteinfo #artereportage,https://www.youtube.com/watch?v=zV95MmykjxQ,0.008913,0.010749,0.017356,0.499084,0.631564,70.354107,2025-09-18 05:01:04,104,0.0168,334.0000,0.0179,19940,334,0,23,357,7118580
L'oligarque et le marchand d'art (2/3) | Documentaire | ARTE,https://www.youtube.com/watch?v=2kOKo5CHF4o,0.008708,0.019396,0.017144,0.499474,17.526746,1953.402006,2026-06-17 19:00:20,3551,0.0160,339.0000,0.0179,21176,339,0,40,379,8025704
L’avenir de la bourse | La bourse ? Grave ! | ARTE,https://www.youtube.com/watch?v=30NQhzC_DvI,0.009138,0.011897,0.010427,0.499811,5.093359,568.686630,2026-04-24 15:30:05,1821,0.0166,615.0000,0.0179,36957,615,0,46,661,24428577
TikTok et le business des passeurs de migrants | Sources | ARTE,https://www.youtube.com/watch?v=fv2mJtx9o5M,0.009592,0.010230,0.005476,0.500662,0.933472,104.324882,2024-04-24 18:00:17,870,0.0158,1310.0000,0.0179,82926,1310,0,173,1483,122979258
Comment l'Union européenne fait-elle respecter les droits des personnes LGBTI ? #Politique #Europe,https://www.youtube.com/watch?v=1B2cf25t7cg,0.009195,0.010799,0.012471,0.499308,0.668453,74.633566,2025-06-07 16:00:05,165,0.0173,497.0000,0.0179,28806,497,0,18,515,14835090
Fraudes et mensonges scientifiques | Documentaire | ARTE,https://www.youtube.com/watch?v=jOzuUMk-ZRE,0.009204,0.014145,0.006038,0.501173,31.194518,3487.218795,2026-06-05 19:00:22,3168,0.0147,1169.0000,0.0179,79650,1169,0,255,1424,113421600
Leur camarade d'école est devenu un tueur en série | #truecrime,https://www.youtube.com/watch?v=S_9amYGHvzU,0.009092,0.011258,0.014382,0.499178,1.654562,184.729169,2026-02-16 06:30:26,116,0.0171,419.0000,0.0179,24451,419,0,18,437,10685087
La chevelure des métalleux 🤘🎸 #shorts,https://www.youtube.com/watch?v=26Z7snbfc8E,0.009023,0.010550,0.016201,0.499026,0.126074,14.071349,2022-05-09 14:51:11,55,0.0171,363.0000,0.0179,21262,363,0,17,380,8079560
Seniors au travail | ARTE Regards,https://www.youtube.com/watch?v=k1t3dCHRUuU,0.008339,0.009922,0.017842,0.500011,0.260564,29.088747,2024-06-06 10:00:45,1835,0.0148,323.0000,0.0179,21881,323,0,68,391,8555471
"Serbie, deux tueries, deux pays | ARTE Reportage",https://www.youtube.com/watch?v=xoNo-jNoidY,0.008315,0.009156,0.008073,0.502154,0.545297,60.999841,2023-06-20 15:30:13,761,0.0124,832.0000,0.0179,67343,832,0,371,1203,81013629
"Route des Balkans : migrants, dix ans après | Reportage | ARTE Regards",https://www.youtube.com/watch?v=ragWKbQSPfc,0.008742,0.010597,0.018654,0.499169,0.603479,67.371127,2025-09-22 10:01:47,1827,0.0163,306.0000,0.0179,18811,306,0,30,336,6320496
Transnistrie : une poudrière à l'est de l'Europe | Zone de conflit | ARTE,https://www.youtube.com/watch?v=AWWxyoVu71Q,0.008893,0.010497,0.009359,0.500478,2.095448,234.840570,2025-12-17 20:00:22,1603,0.0154,699.0000,0.0178,45277,699,0,108,807,36538539
🎥 Le challenge de La La Land #ryangosling #cinéma,https://www.youtube.com/watch?v=OGqpX59NmpE,0.009231,0.010756,0.015233,0.498747,0.162679,18.220002,2023-03-08 17:30:04,60,0.0178,391.0000,0.0178,22008,391,0,1,392,8627136
Syrie : les enfants volés de la dictature | ARTE Reportage,https://www.youtube.com/watch?v=sgE_xOc1FHQ,0.008648,0.010724,0.018214,0.499354,1.057236,118.380505,2026-01-12 16:30:22,1514,0.0159,315.0000,0.0178,19763,315,0,37,352,6956576
Objectif autonomie : le printemps de la jeunesse corse | Reportage (2022) | ARTE Regards,https://www.youtube.com/watch?v=LvixtdSpKys,0.008417,0.009975,0.011854,0.500814,1.139125,127.741050,2025-09-12 09:00:36,1923,0.0143,528.0000,0.0178,36950,528,0,130,658,24313100
La sexualité positive | Unhappy | ARTE,https://www.youtube.com/watch?v=AMFaIdjoXKM,0.012477,0.010929,0.001970,0.500437,13.073528,1468.120744,2026-01-06 16:30:06,1608,0.0167,4239.0000,0.0178,253904,4239,0,282,4521,1147899984
"À quoi servent les faux rires à la télévision ? | Gymnastique, la culture en s'amusant | ARTE",https://www.youtube.com/watch?v=zj2WOMZ3YEk,0.009296,0.010190,0.006961,0.500429,0.388914,43.657415,2022-08-05 10:30:27,277,0.0159,990.0000,0.0178,62133,990,0,116,1106,68719098
"École hôtelière : ""Personne n'est là par choix"" #hotellerie #hôtellerie",https://www.youtube.com/watch?v=QHcrq1eOUe4,0.011403,0.012311,0.002657,0.500158,28.757505,3233.946377,2026-05-05 05:30:10,28,0.0171,3014.0000,0.0178,175937,3014,0,114,3128,550330936
Géorgie : le thé de la liberté ? | ARTE Regards,https://www.youtube.com/watch?v=TphSq-hP5yA,0.008831,0.010619,0.023644,0.498269,0.264646,29.651242,2025-03-28 10:00:48,1818,0.0169,229.0000,0.0178,13557,229,0,12,241,3267237
"Les cargos à voile, un transport dans le vent | ARTE",https://www.youtube.com/watch?v=FEtQAVf28f4,0.008744,0.011051,0.012007,0.500134,3.098893,348.109013,2026-03-24 19:00:12,3192,0.0156,520.0000,0.0178,33363,520,0,73,593,19784259
L’inceste est-il vraiment un interdit ? | Les idées larges | ARTE,https://www.youtube.com/watch?v=c81K_vKyCV4,0.014186,0.009903,0.001454,0.501288,2.279855,256.565438,2022-03-30 10:30:06,1314,0.0150,5980.0000,0.0178,397983,5980,0,1092,7072,2814535776
"Champagne, l’envers d’un terroir | ARTE Regards",https://www.youtube.com/watch?v=tMjoCKKzqPM,0.009203,0.009910,0.006165,0.500981,0.736846,82.942081,2023-12-19 11:00:44,1823,0.0149,1141.0000,0.0178,76487,1141,0,217,1358,103869346
L’extrême droite et la scène viking | ARTE Regards,https://www.youtube.com/watch?v=I_v43rmqnH8,0.010707,0.008934,0.002859,0.502867,2.339904,263.540098,2024-01-08 11:00:20,1916,0.0117,2772.0000,0.0178,237759,2772,0,1449,4221,1003580739
Allons-nous manquer d’électricité ? | 42 - La réponse à presque tout | ARTE,https://www.youtube.com/watch?v=CgoPNKm23XM,0.008925,0.010487,0.008777,0.500512,2.350730,264.524663,2025-12-25 14:00:20,1608,0.0154,754.0000,0.0178,48950,754,0,115,869,42537550
Que veut la Gen Z 212 ? #maroc #artereportage #arte,https://www.youtube.com/watch?v=VIE7FY6x9Us,0.009117,0.010848,0.011266,0.499561,1.383672,155.635082,2025-11-26 17:00:56,113,0.0168,561.0000,0.0178,33294,561,0,30,591,19676754
Avons-nous toujours cru aux dieux ? | Est-il vrai que...? | ARTE,https://www.youtube.com/watch?v=0OAn6-vsmOo,0.019091,0.010580,0.000821,0.500550,17.412122,1961.684798,2025-07-13 10:00:01,1482,0.0166,11379.0000,0.0178,687013,11379,0,816,12195,8378123535
"Qu'est-ce qui est beau ? Mon corps, ma bataille | Tracks East | ARTE",https://www.youtube.com/watch?v=OXFnSTt-l5M,0.009182,0.010379,0.008847,0.499981,0.489779,55.132027,2024-03-26 19:00:21,1898,0.0164,747.0000,0.0177,45420,747,0,59,806,36608520
Les tireurs sportifs dans le collimateur  | ARTE Regards,https://www.youtube.com/watch?v=_1gZ1gBPF8o,0.009015,0.008552,0.004639,0.503373,1.637609,184.555327,2024-03-20 11:00:28,1818,0.0104,1588.0000,0.0177,153213,1588,0,1130,2718,416432934
Charles de Gaulle sur Twitch ? 🤯 #IA #IntelligenceArtificielle,https://www.youtube.com/watch?v=jsGow29teR8,0.008911,0.010684,0.022758,0.498211,0.266069,29.883085,2025-03-17 17:00:49,61,0.0172,240.0000,0.0177,13983,240,0,8,248,3467784
Silicon F***ing Valley (4/6) | Ce que l'IA doit aux chats | ARTE,https://www.youtube.com/watch?v=cx9Vm1dqrHI,0.011645,0.010609,0.002452,0.500167,2.890657,326.197274,2024-11-12 16:30:09,832,0.0171,3304.0000,0.0177,193417,3304,0,123,3427,662840059
La fuite des huguenots (2/2) |  En terre étrangère | ARTE,https://www.youtube.com/watch?v=zbBqIQQsxc8,0.008669,0.011888,0.020926,0.498860,2.472800,278.228240,2026-04-30 19:00:54,2924,0.0162,266.0000,0.0177,16371,266,0,24,290,4747590
"Foi, espoir, résistance | Tracks East | ARTE",https://www.youtube.com/watch?v=dme1Fv4QB-Y,0.007853,0.009741,0.040161,0.497688,0.186936,20.969000,2025-05-20 18:00:48,1900,0.0139,118.0000,0.0177,8469,118,0,32,150,1270350
Ma guerre des mondes - L'intégrale | ARTE,https://www.youtube.com/watch?v=HEDeMkJfq0A,0.008820,0.010389,0.015632,0.499334,0.315442,35.540277,2024-09-16 18:00:08,2933,0.0164,379.0000,0.0177,23097,379,0,30,409,9446673
Un tiktokeur inventé par une intelligence artificielle ? #Tiktok #XelitoBelek,https://www.youtube.com/watch?v=qAHGDR0ohCU,0.009083,0.010484,0.012534,0.499351,0.203342,22.927982,2023-01-06 20:00:14,60,0.0170,494.0000,0.0177,29091,494,0,21,515,14981865
Elles ont organisé un sabotage à Auschwitz !💥 #histoire #auschwitzbirkenau #shoah,https://www.youtube.com/watch?v=7DdkyseTea8,0.014645,0.011158,0.001323,0.500121,22.321897,2522.033034,2026-01-27 06:30:03,170,0.0173,6650.0000,0.0177,384261,6650,0,151,6801,2613359061
Un village allemand face à son passé nazi | ARTE Regards,https://www.youtube.com/watch?v=1L5sQ2_tO1s,0.009161,0.009863,0.005693,0.501329,2.235683,252.636477,2025-07-15 10:00:05,1832,0.0142,1252.0000,0.0177,87972,1252,0,304,1556,136884432
La Chine investit dans l'un des états les plus pauvres du Pacifique #chine #arte #arteinfo,https://www.youtube.com/watch?v=q7JPj4frTdo,0.008698,0.010999,0.019278,0.498998,1.297441,146.375646,2026-02-25 07:30:24,108,0.0163,294.0000,0.0177,18051,294,0,25,319,5758269
"Entendons-nous tous pareil ? | 42, la réponse à presque tout | ARTE",https://www.youtube.com/watch?v=va0MXJR_Mdk,0.008885,0.010663,0.018073,0.498831,0.504553,56.947992,2025-08-01 15:30:37,1391,0.0169,318.0000,0.0177,18849,318,0,15,333,6276717
Russie : le courage de s'opposer | ARTE Regards,https://www.youtube.com/watch?v=FuuWeFZVS9U,0.008941,0.009591,0.005879,0.501706,2.121773,240.139762,2025-06-19 10:00:34,1831,0.0134,1206.0000,0.0177,89864,1206,0,381,1587,142614168
"Trump - Harris, l’enjeu du Wisconsin #documentaire #usa",https://www.youtube.com/watch?v=IgJHnLG4NFc,0.008976,0.010696,0.022758,0.498034,0.202347,22.823774,2024-11-02 17:00:16,29,0.0174,240.0000,0.0177,13761,240,0,3,243,3343923
"Suis-je mon cerveau ? | Albert Moukheiber,  docteur en neurosciences | Les idées larges | ARTE",https://www.youtube.com/watch?v=bu4vQSR4ge4,0.022471,0.010506,0.000628,0.500237,5.999588,679.692495,2022-11-16 15:00:22,1297,0.0171,15355.0000,0.0177,897199,15355,0,483,15838,14209837762
Trous noirs : Enquête aux limites de l’Univers | Documentaire | ARTE,https://www.youtube.com/watch?v=jnChpe1NbIM,0.009130,0.018492,0.007944,0.500266,39.554365,4477.469976,2026-06-16 18:00:08,5714,0.0159,848.0000,0.0176,53203,848,0,91,939,49957617
Est-il vrai que l'enfance est une invention des Temps modernes ? | Est-il vrai que...? | ARTE,https://www.youtube.com/watch?v=dyTv3v79JmY,0.008974,0.010846,0.012862,0.499446,1.394277,157.690482,2025-12-28 11:01:10,1447,0.0167,479.0000,0.0176,28727,479,0,28,507,14564589
Quelle est la puissance des cartes ? | 42 - La réponse à presque tout | ARTE,https://www.youtube.com/watch?v=P_a6itkxeSM,0.010791,0.010417,0.003167,0.500325,1.966000,222.807875,2024-08-30 13:00:33,1767,0.0166,2465.0000,0.0176,148633,2465,0,157,2622,389715726
Est-ce que les animaux se font la gueule ? #Animaux #Science,https://www.youtube.com/watch?v=V-sVUzxtOR4,0.009528,0.010719,0.007565,0.499589,1.020168,115.558044,2025-04-06 16:00:39,52,0.0173,898.0000,0.0176,51766,898,0,15,913,47262358
Les professionnels de l'e-sport | Game of Minds | ARTE,https://www.youtube.com/watch?v=1t2mgrKNvAw,0.008415,0.009929,0.017485,0.499710,0.170378,19.292099,2023-05-25 19:00:03,1433,0.0152,331.0000,0.0176,21797,331,0,53,384,8370048
Savoir dire non | Psycho | ARTE,https://www.youtube.com/watch?v=jXIsfYjFqKU,0.013544,0.010460,0.001581,0.500219,2.304582,261.724116,2023-02-21 10:00:25,1554,0.0170,5438.0000,0.0176,320145,5438,0,199,5637,1804657365
Que ressentent nos animaux d'élevage ? | 42 - La réponse à presque tout | ARTE,https://www.youtube.com/watch?v=npPo0ZGqruY,0.009010,0.010340,0.008409,0.500321,1.539315,174.651761,2025-09-12 13:01:48,1693,0.0157,793.0000,0.0176,50490,793,0,96,889,44885610
"M’widi, la légende de l’underground | Paris 8 - La fac hip-hop #8  | ARTE",https://www.youtube.com/watch?v=Q-EdY0o8lmQ,0.008712,0.010249,0.020065,0.498807,0.058219,6.592525,2019-05-31 14:00:03,523,0.0164,280.0000,0.0176,17042,280,0,20,300,5112600
"Tunisie, la révolution trahie | Documentaire | ARTE",https://www.youtube.com/watch?v=86u0Qml-X-w,0.009988,0.009447,0.003464,0.502464,7.973980,905.697786,2025-12-09 19:00:07,3508,0.0122,2224.0000,0.0176,181901,2224,0,978,3202,582447002
"Israël, les ministres du chaos #Israel #Palestine",https://www.youtube.com/watch?v=yA2eyfNkK2w,0.009495,0.010518,0.006447,0.500059,1.548534,175.796205,2025-06-21 16:01:27,143,0.0166,1083.0000,0.0176,65390,1083,0,68,1151,75263890
"Murdoch, le grand manipulateur des médias | Interview d'Eric Albert | ARTE",https://www.youtube.com/watch?v=VeBPpciqnAc,0.008593,0.009911,0.012620,0.500150,0.146708,16.642238,2021-03-17 15:00:11,603,0.0153,490.0000,0.0176,32103,490,0,75,565,18138195
🎮 C'est comment le métier de game designer ? #gamejam #arte,https://www.youtube.com/watch?v=gAh21Dz04fA,0.009151,0.010569,0.012795,0.499091,0.209233,23.729555,2023-04-14 16:30:13,60,0.0173,482.0000,0.0176,27786,482,0,7,489,13587354
"Le Groenland, menacé de rachat par Trump #groenland #USA #militaire #arteinfo #artereportage",https://www.youtube.com/watch?v=-NG1UzxKToA,0.009337,0.010677,0.008024,0.499776,1.515969,172.173222,2025-09-12 17:00:00,87,0.0168,838.0000,0.0176,49745,838,0,37,875,43526875
"Chili, par la raison ou par la force | Documentaire | ARTE",https://www.youtube.com/watch?v=12pvqoYZHbw,0.008590,0.010476,0.008857,0.501017,4.319979,490.700953,2026-03-13 16:30:00,5437,0.0142,746.0000,0.0176,52478,746,0,177,923,48437194
Le mystère Satoshi : enquête sur l'inventeur du bitcoin (intégrale) | ARTE,https://www.youtube.com/watch?v=uY5FTf7CsPw,0.009382,0.011356,0.006376,0.500320,7.631676,867.095312,2026-04-10 18:01:02,4120,0.0160,1097.0000,0.0176,68398,1097,0,106,1203,82282794
50 rescapés du 7 octobre se sont suicidés ? #désintox,https://www.youtube.com/watch?v=sdwWEDQLQIY,0.009125,0.010084,0.007283,0.500457,0.667764,75.874127,2024-04-26 16:30:09,55,0.0156,939.0000,0.0176,60164,939,0,119,1058,63653512
Le fret en voie de l’écologie | ARTE Regards,https://www.youtube.com/watch?v=NdzljC4oLx8,0.008873,0.009916,0.007712,0.500815,1.024208,116.392471,2025-02-04 11:00:27,1818,0.0148,878.0000,0.0176,59264,878,0,164,1042,61753088
Les soldats français du Reich (2/2) | Documentaire | ARTE,https://www.youtube.com/watch?v=UXxcOEEcMPs,0.011320,0.010564,0.002488,0.501336,17.812194,2026.028984,2026-03-10 19:00:28,3586,0.0146,3249.0000,0.0176,222540,3249,0,663,3912,870576480
Une espèce à part : Intelligences #intelligence #nature #humanité,https://www.youtube.com/watch?v=J1BlY2WTBZ4,0.009244,0.010521,0.008689,0.499752,0.882226,100.269748,2025-03-31 16:00:32,173,0.0168,763.0000,0.0176,45519,763,0,37,800,36415200
La bourse ? Grave ! | Stratégies d'investissement | ARTE,https://www.youtube.com/watch?v=CwhIcoR0qWs,0.010461,0.011348,0.003461,0.500546,15.452001,1757.793271,2026-04-10 15:30:09,1838,0.0160,2226.0000,0.0176,138842,2226,0,214,2440,338774480
Le pays de la famille | Pakistan | ARTE,https://www.youtube.com/watch?v=ef52xAMzBc4,0.008660,0.010254,0.012998,0.499934,0.811328,92.166278,2025-08-03 13:01:10,1783,0.0156,473.0000,0.0176,30331,473,0,60,533,16166423
"TikTok, un réseau sous influence (2/2) | L’affrontement | ARTE",https://www.youtube.com/watch?v=7Sbt593UBZc,0.008876,0.013041,0.015201,0.499174,5.735547,651.524943,2026-05-23 13:00:08,2947,0.0167,392.0000,0.0176,23514,392,0,21,413,9711282
😰 Ses jumeaux sont nés très prématurés #fragments #arte,https://www.youtube.com/watch?v=-b4XlpiSXQQ,0.008816,0.010444,0.020798,0.498487,0.164141,18.630027,2024-02-26 17:00:00,41,0.0169,268.0000,0.0176,15890,268,0,11,279,4433310
Embargo vers la Russie : révélations sur un commerce interdit | Sources | ARTE,https://www.youtube.com/watch?v=pHdnJ9IajRs,0.010169,0.009721,0.003479,0.501452,2.658105,302.709358,2025-01-29 19:00:37,1320,0.0142,2213.0000,0.0176,155847,2213,0,523,2736,426397392
1347 : la peste noire | Quand l'histoire fait dates | ARTE,https://www.youtube.com/watch?v=GnNUFPdEnts,0.022840,0.010687,0.000612,0.500165,22.583682,2574.469932,2025-07-05 13:00:34,1574,0.0171,15810.0000,0.0175,921893,15810,0,363,16173,14909775489
Pouvons-nous faire décroître l'économie ? | 42 - La réponse à presque tout  | ARTE,https://www.youtube.com/watch?v=URn334bS-tw,0.009939,0.010105,0.004261,0.500617,1.242859,141.712690,2024-05-03 13:00:26,1478,0.0157,1752.0000,0.0175,111399,1752,0,201,1953,217562247
Sortir de la solitude | ARTE Regards,https://www.youtube.com/watch?v=0a-4cLIw1vU,0.011026,0.009725,0.002661,0.501509,3.940284,449.391416,2025-03-13 11:00:01,1817,0.0142,3009.0000,0.0175,212191,3009,0,711,3720,789350520
A Fisherman’s Tale | “La Tempête” | Vidéo 360° | ARTE,https://www.youtube.com/watch?v=VjRHrlZGQG0,0.008597,0.010270,0.038627,0.496468,0.023973,2.715180,2018-12-14 14:12:12,306,0.0166,124.0000,0.0175,7475,124,0,7,131,979225
Ukraine : un rêve de Crimée | ARTE Reportage,https://www.youtube.com/watch?v=rIn51Y7mYoI,0.008316,0.009169,0.008049,0.501834,0.678239,77.360224,2024-02-26 16:30:16,1482,0.0127,835.0000,0.0175,65984,835,0,321,1156,76277504
C'est quoi la magagne bastiaise ? #corse #bastia,https://www.youtube.com/watch?v=UliyiJQN1ig,0.008806,0.010843,0.023898,0.498061,0.572925,65.127407,2025-12-06 10:01:01,98,0.0170,226.0000,0.0175,13300,226,0,7,233,3098900
Nationalistes contre migrants : tensions aux frontières britanniques | ARTE,https://www.youtube.com/watch?v=nXrL5LBixAA,0.007595,0.011241,0.026818,0.499791,2.851900,324.414246,2026-05-12 15:30:36,3123,0.0129,196.0000,0.0175,15243,196,0,71,267,4069881
Ondes sonores : les symphonies de la physique (2/2) | Documentaire | ARTE,https://www.youtube.com/watch?v=Rtkv-vuQMQc,0.008754,0.010787,0.016817,0.499107,1.124618,128.097347,2026-01-14 16:30:09,2922,0.0164,347.0000,0.0175,21129,347,0,23,370,7817730
La fabrique de l'ignorance | Documentaire | ARTE,https://www.youtube.com/watch?v=KGqCRbqzvBI,0.023162,0.011375,0.000611,0.500436,96.066605,10972.009923,2026-04-02 15:30:10,5839,0.0166,15820.0000,0.0175,954417,15820,0,892,16712,15950216904
Toujours faire mieux nous rend-il fou ? | 42 - La réponse à presque tout | ARTE,https://www.youtube.com/watch?v=l6SMchiVgKM,0.013587,0.010827,0.001565,0.500027,10.980373,1254.135754,2025-10-17 13:01:34,1671,0.0173,5504.0000,0.0175,318663,5504,0,75,5579,1777820877
"A La Havane, un litre d'essence à 8,50€ #cuba #crise #énergie #artereportage",https://www.youtube.com/watch?v=puH9db9AczI,0.010333,0.012679,0.003582,0.500592,31.601690,3609.650905,2026-05-22 05:30:21,164,0.0159,2140.0000,0.0175,135012,2140,0,223,2363,319033356
Un sniper sur une tour pendant les émeutes ? #desintox #arte #nahel,https://www.youtube.com/watch?v=xCvyGpob-UE,0.009084,0.010245,0.009095,0.499886,0.356538,40.698705,2023-07-07 19:00:29,58,0.0163,723.0000,0.0175,44233,723,0,51,774,34236342
"📖 Norman Mailer, l'écrivain de tous les excès #litterature #politique",https://www.youtube.com/watch?v=58n-31rwEnw,0.008956,0.010577,0.022993,0.497899,0.095975,10.925852,2023-02-04 17:30:00,60,0.0175,237.0000,0.0175,13547,237,0,0,237,3210639
Népal : les réseaux de la colère | ARTE Reportage,https://www.youtube.com/watch?v=o9NoS8MptU4,0.009107,0.010323,0.007445,0.500347,1.852818,211.628161,2025-09-26 09:01:35,768,0.0157,915.0000,0.0175,58252,915,0,104,1019,59358788
Rêvons-nous assez ? | 42 - La réponse à presque tout | ARTE,https://www.youtube.com/watch?v=hH7lIFTtCDk,0.018162,0.010737,0.000872,0.500072,17.006218,1944.659839,2025-08-15 13:01:18,1578,0.0173,10637.0000,0.0175,616632,10637,0,147,10784,6649759488
Coupe du monde de boucherie : Les virtuoses de la viande | Reportage complet | ARTE Regards,https://www.youtube.com/watch?v=-sfB2d8QgoE,0.008317,0.009987,0.017228,0.499804,0.534823,61.042778,2025-06-23 10:00:02,1826,0.0149,337.0000,0.0175,22599,337,0,58,395,8926605
Notre cerveau nous joue des tours (2/2) | Mon cerveau et les autres | ARTE,https://www.youtube.com/watch?v=oY-430Jor1g,0.009690,0.011475,0.005483,0.500050,8.596612,983.110250,2026-04-09 13:01:36,3263,0.0166,1308.0000,0.0175,78737,1308,0,68,1376,108342112
La transformation d'un village chinois #chine #dictature #campagne #arteinfo,https://www.youtube.com/watch?v=f0le56KeDT8,0.008864,0.010760,0.028980,0.497256,0.275715,31.385601,2025-08-06 05:00:49,109,0.0174,178.0000,0.0175,10245,178,0,1,179,1833855
Le déluge | Quand l'histoire fait dates | ARTE,https://www.youtube.com/watch?v=oaN6WvILQeg,0.013536,0.010408,0.001578,0.500623,10.564246,1209.329535,2025-09-20 13:01:41,1598,0.0160,5452.0000,0.0175,339930,5452,0,486,5938,2018504340
"Il a perdu son oeil, victime des violences policières #violencespolicières",https://www.youtube.com/watch?v=an9cm3R8Tf8,0.008228,0.009580,0.011067,0.501044,0.927964,106.151503,2025-05-28 14:30:00,55,0.0136,573.0000,0.0175,42039,573,0,161,734,30856626
Les frontaliers chinois | Tracks East | ARTE,https://www.youtube.com/watch?v=iv4D2ktC5k4,0.009273,0.010587,0.007795,0.499855,1.697771,194.315765,2025-10-02 18:00:46,1830,0.0166,867.0000,0.0175,52248,867,0,45,912,47650176
Plus d’œufs dans les supermarchés ? #usa #expresso #arte,https://www.youtube.com/watch?v=9u_narXtvQ8,0.008657,0.010341,0.020065,0.498775,0.304307,34.757892,2025-02-20 17:00:10,105,0.0163,280.0000,0.0175,17133,280,0,19,299,5122767
"Du chocolat, équitable et durable | ARTE Regards",https://www.youtube.com/watch?v=E1BrvJPzMAw,0.009058,0.010381,0.010043,0.499662,0.594555,68.054667,2024-12-05 11:00:14,1813,0.0166,643.0000,0.0174,38803,643,0,34,677,26269631
"🇪🇺 L’Europe, championne du jeu vidéo ? I EuroGuessr avec @manonbrilcuah @monsieurmv et @Jarm_0_u",https://www.youtube.com/watch?v=kez258mGtWM,0.008380,0.011441,0.049570,0.495217,0.694671,78.855720,2026-04-18 09:01:05,7423,0.0160,90.0000,0.0174,5619,90,0,8,98,550662
Liaison d'un prêtre | Célibat des prêtres | ARTE,https://www.youtube.com/watch?v=QfuK5lTvIRw,0.006907,0.008283,0.019663,0.502028,0.197324,22.585444,2022-12-24 11:30:07,599,0.0099,287.0000,0.0174,28958,287,0,218,505,14623790
Une maison de retraite pour la communauté juive | ARTE Regards,https://www.youtube.com/watch?v=W92aLpUXnVE,0.007997,0.009855,0.050879,0.495673,0.106958,12.149979,2025-02-27 11:00:41,1841,0.0147,87.0000,0.0174,5907,87,0,16,103,608421
"Portugal, les combattants des mégafeux | ARTE Regards",https://www.youtube.com/watch?v=PmTNHRwOESI,0.008453,0.010014,0.017186,0.499529,0.295426,33.797406,2024-09-18 10:00:33,1832,0.0154,338.0000,0.0174,21908,338,0,44,382,8368856
24 septembre 1877 – La bataille de Shiroyama | Quand l'histoire fait dates | ARTE,https://www.youtube.com/watch?v=vtcZeelO3pE,0.012459,0.010641,0.001948,0.500210,8.384396,961.597389,2025-10-05 13:01:50,1594,0.0168,4294.0000,0.0174,255871,4294,0,167,4461,1141440531
La société a-t-elle besoin de l'ALCOOL ? | 42 - La réponse à presque tout | ARTE,https://www.youtube.com/watch?v=aK5ph0gUQpw,0.010745,0.010390,0.003056,0.500562,5.387015,617.750647,2025-10-10 13:00:02,1765,0.0159,2568.0000,0.0174,161289,2568,0,244,2812,453544668
New adult : le boom de la romance littéraire | Documentaire | ARTE,https://www.youtube.com/watch?v=MGzsKVSqr9k,0.008776,0.011331,0.014410,0.499354,2.696599,308.896346,2026-04-06 18:00:26,3114,0.0163,418.0000,0.0174,25602,418,0,28,446,11418492
"Tito, le maître de la Yougoslavie | Documentaire | ARTE",https://www.youtube.com/watch?v=C6FB3__XIvE,0.010039,0.012679,0.003796,0.500954,34.295147,3936.592896,2026-05-25 18:00:11,5484,0.0150,2002.0000,0.0174,133381,2002,0,321,2323,309844063
Jeu de rôle : ils font la loi sur le jeu vidéo | EUROPARTIE | ARTE,https://www.youtube.com/watch?v=HRoF3FYmgRw,0.008423,0.011490,0.044997,0.495779,0.789956,89.926851,2026-04-19 09:00:32,3279,0.0161,102.0000,0.0174,6318,102,0,8,110,694980
Silicon F***ing Valley (5/6) | L'avenue aux 350 milliards | ARTE,https://www.youtube.com/watch?v=Yme5sXOnsIo,0.011130,0.010539,0.002844,0.499941,2.389161,274.472343,2024-11-13 14:00:36,720,0.0172,2789.0000,0.0174,162501,2789,0,39,2828,459552828
2050 : jouer le jeu de la sobriété ? | Scope | ARTE,https://www.youtube.com/watch?v=TX3RcTYJH8g,0.007415,0.009110,0.036122,0.498743,0.113778,13.006947,2024-03-24 11:00:22,17193,0.0126,135.0000,0.0174,10746,135,0,52,187,2009502
L'invasion des Normands en Irlande | #histoire #irlande,https://www.youtube.com/watch?v=-6adXr_qqd4,0.009035,0.010993,0.013305,0.499046,1.477631,169.479187,2026-01-21 06:30:01,140,0.0171,460.0000,0.0174,26839,460,0,7,467,12533813
🔴 Replay Live | ARTE Book Club | « Harry Potter à l’école des sorciers » J.K. Rowling | ARTE,https://www.youtube.com/watch?v=jm4LqEmnAzo,0.009060,0.010210,0.009532,0.499728,0.179513,20.614942,2020-12-22 20:24:39,3099,0.0165,684.0000,0.0174,41514,684,0,38,722,29973108
"Amérique latine : avec Trump, retour de la doctrine Monroe | Décryptage | ARTE",https://www.youtube.com/watch?v=PZ0DPGSY2rg,0.008907,0.010360,0.008199,0.500395,2.459470,282.607766,2025-12-22 14:00:45,601,0.0154,817.0000,0.0174,53144,817,0,107,924,49105056
🎵 Quand les jeux chantent ! (ft Pelerine) I Jour De Play I ARTE,https://www.youtube.com/watch?v=wluRtLE9PqM,0.008540,0.010308,0.022158,0.498641,0.358855,41.130958,2025-06-18 19:54:40,9120,0.0161,248.0000,0.0174,15416,248,0,20,268,4131488
-52 Alésia | Quand l'histoire fait dates | ARTE,https://www.youtube.com/watch?v=Ss-CGE--fZs,0.011196,0.010417,0.002619,0.500640,8.000532,920.622701,2025-11-29 14:00:59,1598,0.0158,3064.0000,0.0174,194296,3064,0,312,3376,655943296
Réseaux low-tech | L’appart du futur – Bienvenue dans la « biosphère urbaine » (6/8) | ARTE,https://www.youtube.com/watch?v=Vi3eBZ96Y34,0.008689,0.010395,0.013280,0.499659,1.047507,120.336748,2025-10-30 14:00:50,1028,0.0159,461.0000,0.0174,29007,461,0,43,504,14619528
Pays-Bas : sortir du travail clandestin | ARTE Regards,https://www.youtube.com/watch?v=jcPLzR_Qdr8,0.008003,0.012488,0.017887,0.500180,6.254750,718.504696,2026-05-27 10:00:25,1837,0.0139,322.0000,0.0174,23147,322,0,80,402,9305094
Le pouvoir populaire | La bataille du Chili (3/3) | ARTE,https://www.youtube.com/watch?v=UjmnV-QfEn0,0.008777,0.010255,0.015530,0.499126,0.199331,22.908700,2023-09-21 18:00:11,4734,0.0165,382.0000,0.0174,23158,382,0,20,402,9309516
"La miniature, c'est du grand art | Twist | ARTE",https://www.youtube.com/watch?v=7UP--5Omdw0,0.008865,0.010782,0.015598,0.498953,1.040560,119.619332,2025-12-21 19:00:08,1810,0.0168,380.0000,0.0174,22589,380,0,12,392,8854888
"Le viol des hommes, une arme de guerre | Documentaire | ARTE",https://www.youtube.com/watch?v=CzZUfBDKLTk,0.015025,0.010046,0.001285,0.501106,13.627342,1570.541724,2025-09-09 15:30:11,3143,0.0150,6876.0000,0.0174,458577,6876,0,1081,7957,3648897189
Paris 8 - La fac Hip-Hop (Intégrale) | ARTE,https://www.youtube.com/watch?v=tCxLeLPk_30,0.011281,0.010348,0.002609,0.500292,3.456494,398.414092,2025-03-15 19:00:43,4067,0.0164,3077.0000,0.0173,187191,3077,0,170,3247,607809177
Europe : haro sur le faux miel importé ! | ARTE Regards,https://www.youtube.com/watch?v=4qPqfZ5ksuQ,0.008462,0.009707,0.010342,0.500649,0.643772,74.138093,2024-11-25 11:00:05,1817,0.0144,621.0000,0.0173,43013,621,0,125,746,32087698
"Mémoires d'un esclave, Oluale Kossola | Faire l'histoire | ARTE",https://www.youtube.com/watch?v=SSmUSWxGm_U,0.010809,0.009694,0.002837,0.501130,1.219423,140.587073,2022-10-16 14:00:27,952,0.0147,2797.0000,0.0173,189940,2797,0,497,3294,625662360
Pouvons-nous dormir moins ? | 42 - La réponse à presque tout | ARTE,https://www.youtube.com/watch?v=afu1A_bjqVg,0.011788,0.010819,0.002296,0.500041,9.581714,1105.136614,2025-12-20 19:00:02,1546,0.0170,3561.0000,0.0173,209800,3561,0,76,3637,763042600
Mes parents et ma fratrie | Unhappy | ARTE,https://www.youtube.com/watch?v=2SBKXMjFCbE,0.008566,0.010778,0.029650,0.497555,0.587295,67.439417,2026-01-23 20:00:04,1613,0.0165,173.0000,0.0173,10507,173,0,9,182,1912274
Sommes-nous prêts pour un gouvernement mondial ? | 42 - La réponse à presque tout | ARTE,https://www.youtube.com/watch?v=yaFbwxCPUK4,0.012452,0.009676,0.001920,0.501417,5.467497,631.415462,2025-02-28 14:01:12,1726,0.0143,4365.0000,0.0173,306267,4365,0,938,5303,1624133901
Italie : retenir les migrants en Albanie ? | Reportage 2025 | ARTE Regards,https://www.youtube.com/watch?v=2dwIanXvXwc,0.007991,0.009580,0.012907,0.500982,1.283032,148.013314,2025-10-28 11:00:06,1822,0.0133,477.0000,0.0173,35993,477,0,146,623,22423639
Les chauffards du vélo | Reportage 2025 | ARTE Regards,https://www.youtube.com/watch?v=NOPjBWChh-A,0.008038,0.009049,0.008098,0.502250,2.360655,272.707166,2025-10-09 10:00:41,1839,0.0116,829.0000,0.0173,71508,829,0,408,1237,88455396
10 fois moins d’eau | L’appart du futur – Bienvenue dans la « biosphère urbaine » (3/8) | ARTE,https://www.youtube.com/watch?v=TwJZGKH-KrY,0.008852,0.010235,0.008777,0.500241,1.699690,196.381685,2025-10-23 15:30:15,1157,0.0155,754.0000,0.0173,48700,754,0,88,842,41005400
Les troubles de l'attachement | Psycho | ARTE,https://www.youtube.com/watch?v=iYxFoYKLSMg,0.044655,0.010353,0.000266,0.500156,16.560491,1915.880262,2023-02-19 17:30:03,1563,0.0170,39780.0000,0.0173,2346768,39780,0,789,40569,95206030992
Des images détournées pour célébrer la victoire du SSC Napoli ? Désintox | ARTE,https://www.youtube.com/watch?v=w3uNTukTG0Q,0.008790,0.010350,0.019949,0.498413,0.126725,14.613286,2023-05-15 08:50:59,59,0.0169,282.0000,0.0173,16663,282,0,6,288,4798944
Déplacés climatiques #climat #climatechange #ecologie,https://www.youtube.com/watch?v=N3lqTy0FhvA,0.008912,0.010668,0.017102,0.498584,0.571177,65.930179,2025-09-01 09:00:38,74,0.0172,340.0000,0.0173,19796,340,0,2,342,6770232
Obligé de travailler pour la propagande russe | #poutine #russie,https://www.youtube.com/watch?v=zPQiHhkZvYE,0.008456,0.010641,0.016238,0.499520,1.654936,191.179848,2026-02-26 06:30:36,90,0.0155,362.0000,0.0173,23393,362,0,42,404,9450772
Un remède à l'obésité génétique | #obésité #santé,https://www.youtube.com/watch?v=qSX0P69wzNM,0.008813,0.011123,0.016619,0.498822,1.644597,189.975929,2026-03-10 06:30:25,131,0.0168,352.0000,0.0173,20966,352,0,10,362,7589692
Et si on vous parle d'un volcan sous-marin 🌋🌊🎥  #documentaire #hungatonga,https://www.youtube.com/watch?v=7AUkDa1iW4g,0.008953,0.010369,0.013476,0.499048,0.233116,26.947574,2023-10-11 17:00:06,59,0.0170,453.0000,0.0173,26703,453,0,8,461,12310083
Jour De Play : Total Wooaaaaw (ft Pressea) I ARTE,https://www.youtube.com/watch?v=mkdyRKgowC0,0.008639,0.011009,0.016464,0.499144,1.872694,216.495241,2026-03-18 21:46:37,10309,0.0162,356.0000,0.0173,22023,356,0,24,380,8368740
Quel est le POUVOIR de la désinformation ? | 42 - La réponse à presque tout | ARTE,https://www.youtube.com/watch?v=O9fv4I5UQ7A,0.009517,0.010290,0.005552,0.500169,1.920130,222.545732,2025-07-04 13:00:49,1793,0.0161,1289.0000,0.0172,79914,1289,0,89,1378,110121492
Élections en Turquie : L'alliance contre Erdoğan | ARTE Regards,https://www.youtube.com/watch?v=dz-X_8gXM3M,0.006932,0.007865,0.012492,0.503274,0.432374,50.101932,2023-05-15 10:00:25,1933,0.0087,496.0000,0.0172,57127,496,0,489,985,56270095
Saumon : histoire d'un enfumage | Sources | ARTE,https://www.youtube.com/watch?v=jpV1n3hYpXI,0.009829,0.009987,0.004393,0.500437,0.781524,90.631439,2023-04-02 16:30:05,963,0.0158,1691.0000,0.0172,107212,1691,0,157,1848,198127776
"Neutralité carbone, le grand mensonge | Documentaire | ARTE",https://www.youtube.com/watch?v=Ss4oLgec9Xg,0.008446,0.010381,0.017751,0.499282,0.958260,110.923954,2025-12-22 19:00:35,3177,0.0156,325.0000,0.0172,20836,325,0,34,359,7480124
Le cannabis pour tous ? | ARTE Regards,https://www.youtube.com/watch?v=5VMZZqDU3bE,0.009051,0.009097,0.004907,0.501937,1.342909,155.948678,2024-06-05 10:00:05,1835,0.0127,1488.0000,0.0172,117463,1488,0,534,2022,237510186
Les femmes sont folles de lui 🫦 #musique #julioiglesias,https://www.youtube.com/watch?v=CW4prKzDtGQ,0.008901,0.010100,0.009700,0.499830,0.432662,50.215230,2024-03-19 17:30:01,57,0.0161,670.0000,0.0172,41724,670,0,48,718,29957832
"Mossoul, renaissance d’une ville millénaire | Documentaire | ARTE",https://www.youtube.com/watch?v=W6_3C-6vLuQ,0.008505,0.011746,0.012998,0.499899,5.320415,617.387753,2026-05-09 13:01:03,5220,0.0153,473.0000,0.0172,30925,473,0,59,532,16452100
"Cybercriminalité, des attaques bien réelles | ARTE",https://www.youtube.com/watch?v=P9K1Fc0ayjU,0.009220,0.020030,0.007071,0.499994,51.769347,6013.254992,2026-06-18 15:30:03,3099,0.0162,972.0000,0.0172,60052,972,0,61,1033,62033716
Insomnie : qu’est-ce qui perturbe notre sommeil ? | Twist | ARTE,https://www.youtube.com/watch?v=JacJj5diEa0,0.008949,0.010947,0.010587,0.499528,2.654816,308.270045,2026-03-01 19:00:17,1816,0.0165,604.0000,0.0172,36635,604,0,26,630,23080050
The Amusement Release Date teaser,https://www.youtube.com/watch?v=zMsUPLfUoU0,0.008371,0.010880,0.062052,0.493131,0.307129,35.225941,2026-03-03 10:01:31,56,0.0162,67.0000,0.0172,4129,67,0,4,71,293159
Que le meilleur gagne ! Regardez « Rematch » sur ARTE ♟️ #rematch,https://www.youtube.com/watch?v=TMYqTrcyC-Q,0.008354,0.010115,0.039377,0.496497,0.104132,12.023712,2024-10-07 15:00:35,31,0.0160,121.0000,0.0172,7563,121,0,9,130,983190
"Seule la danse, dernière année au conservatoire | ARTE",https://www.youtube.com/watch?v=q8JZ1C6EXJk,0.011219,0.010294,0.002666,0.500048,1.766378,205.566258,2024-02-07 19:00:22,2196,0.0168,3002.0000,0.0172,179221,3002,0,77,3079,551821459
"Le troc, la première forme de monnaie ? | Est-il vrai que...? | ARTE",https://www.youtube.com/watch?v=pBFjIInE3Cg,0.011388,0.010352,0.002487,0.500309,5.574033,648.904402,2025-08-24 10:01:19,1374,0.0162,3250.0000,0.0172,200002,3250,0,185,3435,687006870
Des mercenaires russes au Mali #mali #wagner #FLA #russie #artereportage #arteinfo,https://www.youtube.com/watch?v=bbdL41QSlcg,0.010418,0.010181,0.003328,0.500545,4.304138,501.263730,2025-09-04 17:00:52,149,0.0156,2329.0000,0.0172,148837,2329,0,226,2555,380278535
Les esprits méconnus de nos repas 🌬️🍔🍗  #documentaire #esprit #animaux,https://www.youtube.com/watch?v=6p4drLNUang,0.008749,0.010256,0.017020,0.498786,0.189813,22.062423,2023-12-11 18:30:03,38,0.0167,342.0000,0.0172,20515,342,0,10,352,7221280
Courant alternatif | L’appart du futur – Bienvenue dans la « biosphère urbaine » (5/8) | ARTE,https://www.youtube.com/watch?v=etgiaVae5uI,0.008796,0.010429,0.011949,0.499511,1.144400,133.155277,2025-10-29 14:01:18,1105,0.0162,523.0000,0.0172,32230,523,0,30,553,17823190
L'invention du détecteur de mensonge 🤥 #Reportage #Archives,https://www.youtube.com/watch?v=R0evuCkm6D8,0.008900,0.010545,0.016350,0.498611,0.453440,52.714934,2025-05-27 16:00:43,115,0.0172,359.0000,0.0172,20926,359,0,0,359,7512434
Liban - Norvège: graines de guerre (2018) | ARTE Reportage,https://www.youtube.com/watch?v=w3A6vXClaQE,0.008528,0.010350,0.023152,0.498331,0.409558,47.567956,2025-08-28 15:30:42,2195,0.0163,235.0000,0.0172,14460,235,0,13,248,3586080
Un journaliste ukrainien se drogue en direct ? #désintox,https://www.youtube.com/watch?v=Pywm5EIIWjs,0.008454,0.009786,0.012367,0.500055,0.377954,44.028704,2024-05-31 14:30:08,56,0.0150,502.0000,0.0171,33375,502,0,70,572,19090500
À des années-lumière | C'est juste une question de temps (4/4) | ARTE,https://www.youtube.com/watch?v=Td62fB3XTSw,0.008436,0.009998,0.020798,0.498791,0.158008,18.383202,2023-12-20 19:00:12,750,0.0158,268.0000,0.0171,16928,268,0,22,290,4909120
"« Il était parti faire des courses, il n'est jamais revenu » | FRAGMENTS | ARTE",https://www.youtube.com/watch?v=C8kseROVoRk,0.009169,0.009873,0.006472,0.500296,0.327761,38.251131,2021-07-18 10:30:02,1218,0.0156,1078.0000,0.0171,69089,1078,0,105,1183,81732287
Moi et la démence | Psycho | ARTE,https://www.youtube.com/watch?v=HYtTuTT0v0g,0.008930,0.010596,0.012346,0.499158,1.063365,123.984633,2025-10-30 10:00:37,1599,0.0168,503.0000,0.0171,29907,503,0,9,512,15312384
🔴 Replay Live | ARTE Book Club #05 | « Des souris et des hommes » Steinbeck | ARTE,https://www.youtube.com/watch?v=iYNZPKzzxAQ,0.008686,0.009873,0.010987,0.499867,0.141305,16.489644,2020-05-10 19:15:28,3599,0.0156,578.0000,0.0171,36934,578,0,54,632,23342288
Vers un élevage des veaux plus respectueux | ARTE Regards,https://www.youtube.com/watch?v=fK4_Kzu6cN8,0.008079,0.012538,0.022014,0.499238,4.410612,513.828804,2026-05-26 10:00:40,1837,0.0146,250.0000,0.0171,17067,250,0,42,292,4983564
Soudan : des femmes dans la guerre | ARTE Reportage,https://www.youtube.com/watch?v=5YZUjdzbSsg,0.008610,0.009894,0.010163,0.500192,0.779441,90.995673,2025-03-25 16:30:02,1480,0.0151,634.0000,0.0171,41853,634,0,82,716,29966748
"Kentucky, bastion du mouvement MAGA #usa #trump #artereportage",https://www.youtube.com/watch?v=Bc2lageYB78,0.008524,0.010117,0.011403,0.500083,1.389522,162.196759,2025-11-15 09:00:17,125,0.0151,553.0000,0.0171,36536,553,0,72,625,22835000
L'alcoolisme chez les jeunes femmes #dependance #drogue,https://www.youtube.com/watch?v=EyIsBz16iCQ,0.009411,0.009985,0.005662,0.500191,0.562805,65.814933,2023-03-13 17:30:01,59,0.0159,1260.0000,0.0171,79169,1260,0,93,1353,107115657
"1914-18, des Indochinois au secours de la France | Documentaire | ARTE",https://www.youtube.com/watch?v=3Cxok6sGJhw,0.008435,0.010847,0.010273,0.500489,5.048525,590.171202,2026-04-16 13:00:13,2872,0.0145,626.0000,0.0171,43136,626,0,111,737,31791232
Jeffrey Dahmer était son camarade de classe | ARTE,https://www.youtube.com/watch?v=4DQqtzRq8m0,0.008309,0.010541,0.022682,0.498707,1.016826,118.708753,2026-02-17 20:00:02,542,0.0155,241.0000,0.0171,15527,241,0,24,265,4114655
Hymne à la vie | Fragment | ARTE,https://www.youtube.com/watch?v=VVQk_JViGpg,0.008162,0.009820,0.035705,0.497219,0.068184,7.941394,2023-06-02 15:54:57,1181,0.0154,137.0000,0.0171,8910,137,0,15,152,1354320
Albanie : heureux comme des réfugiés afghans ? | ARTE Reportage,https://www.youtube.com/watch?v=y7bDxd7p76U,0.008183,0.009115,0.009225,0.501264,0.273533,32.033770,2021-11-10 19:00:14,758,0.0131,711.0000,0.0171,54164,711,0,213,924,50047536
"En Italie, soigner les toxicomanes | ARTE Regards",https://www.youtube.com/watch?v=F4RiWpOUfl0,0.008634,0.009768,0.009508,0.500261,0.500505,58.617728,2024-05-13 10:00:10,1831,0.0151,686.0000,0.0171,45500,686,0,90,776,35308000
On The Morning You Wake (To the End of the World) | ARTE,https://www.youtube.com/watch?v=7B637EFXTLw,0.008120,0.009353,0.012707,0.500547,0.194964,22.827485,2022-04-19 14:00:04,2216,0.0139,486.0000,0.0171,34950,486,0,110,596,20830200
La politique par la force selon Trump | Tracks East | ARTE,https://www.youtube.com/watch?v=ypdOz5xsU4A,0.008270,0.010548,0.016897,0.499557,1.817506,212.815153,2026-03-12 19:01:04,1877,0.0150,345.0000,0.0170,22950,345,0,46,391,8973450
La France pré-sida : entre libération sexuelle et conservatisme | ARTE,https://www.youtube.com/watch?v=2XiWw8ayZEo,0.009441,0.011054,0.005892,0.499924,6.544947,768.305812,2026-03-24 20:00:04,529,0.0163,1203.0000,0.0170,73603,1203,0,50,1253,92224559
Naître à Grozny | ARTE Reportage,https://www.youtube.com/watch?v=_MmowK1cITw,0.008243,0.009938,0.025170,0.498453,0.240313,28.113599,2025-02-24 16:30:09,1577,0.0154,212.0000,0.0170,13746,212,0,22,234,3216564
Bonheur et habitat | Unhappy | ARTE,https://www.youtube.com/watch?v=KulvkiBzzl8,0.008713,0.010455,0.009302,0.500109,2.911645,342.140737,2026-02-14 16:30:08,1575,0.0154,704.0000,0.0170,45828,704,0,75,779,35700012
Mohamed Ali | Round 3 : la rivalité (1970-1974) | ARTE,https://www.youtube.com/watch?v=OZkKW7ZZuow,0.008609,0.014018,0.012620,0.499593,11.075116,1300.834128,2026-06-04 18:00:09,6253,0.0158,490.0000,0.0170,31067,490,0,38,528,16403376
"Qui dit catastrophe dit évolution ? | 42, la réponse à presque tout | ARTE",https://www.youtube.com/watch?v=IHXbDb2Lj3E,0.008583,0.010044,0.016091,0.499078,0.215467,25.291492,2024-01-12 14:00:10,1541,0.0161,366.0000,0.0170,22713,366,0,20,386,8767218
"Pikachu, emblème anti-Erdoğan ? ⚡ #Turquie #pokemon #expresso #arte",https://www.youtube.com/watch?v=Ib_Y8mjarD4,0.008643,0.010037,0.011669,0.499701,0.643914,75.678665,2025-04-02 17:00:18,58,0.0157,538.0000,0.0170,34201,538,0,43,581,19870781
Le sucre nous rend-il bêtes ? | 42 - La réponse à presque tout | ARTE,https://www.youtube.com/watch?v=XcZ7CnAEgB0,0.047922,0.010134,0.000252,0.500283,25.962273,3056.531991,2024-03-08 14:00:32,1634,0.0164,42204.0000,0.0170,2573749,42204,0,1518,43722,112529453778
"Le cannibale de Milwaukee : ""Mon ami Dahmer"" de Derf Backderf | ARTE",https://www.youtube.com/watch?v=Rbw_x31xQag,0.010327,0.010289,0.003322,0.500649,8.024337,944.722943,2026-01-17 16:30:12,3233,0.0153,2334.0000,0.0170,152993,2334,0,264,2598,397475814
Israël : le désarroi de la gauche | ARTE Reportage,https://www.youtube.com/watch?v=pp7Q-gHvPjY,0.008191,0.008579,0.006702,0.502367,0.796232,93.735726,2023-10-23 15:30:22,758,0.0113,1035.0000,0.0170,91766,1035,0,523,1558,142971428
Toutes les vies de Kojin - Être gay au Kurdistan | Documentaire | ARTE,https://www.youtube.com/watch?v=yeKs9gxH1Q4,0.008598,0.009926,0.009181,0.500352,1.512462,177.959606,2025-10-01 13:02:03,5299,0.0149,715.0000,0.0170,48065,715,0,101,816,39221040
Le bruit peut-il vraiment nous rendre malades ? #santé #ue #europe #arteinfo,https://www.youtube.com/watch?v=PqSyqeq2DLk,0.008558,0.010136,0.014794,0.499299,0.590041,69.379542,2025-06-26 17:00:36,122,0.0159,405.0000,0.0170,25457,405,0,27,432,10997424
Danone : Le fléau des mini bouteilles | Sources | ARTE,https://www.youtube.com/watch?v=1oi2BrijQPs,0.009147,0.009672,0.005752,0.500616,0.723884,85.259850,2023-10-30 19:00:01,1001,0.0149,1237.0000,0.0170,82859,1237,0,169,1406,116499754
Le réel pouvoir de Telegram #telegram #paveldurov #arte #arteinfo,https://www.youtube.com/watch?v=xU_ZdD9wFnE,0.008503,0.010298,0.015041,0.499358,1.044501,122.842109,2025-12-05 06:30:40,112,0.0157,397.0000,0.0170,25227,397,0,31,428,10797156
🔴 Replay Live | ARTE Book Club #03 | « Le joueur d’échecs » de S.Zweig (Le Mock & Eva Bester) | ARTE,https://www.youtube.com/watch?v=2A4VdfUVUG0,0.008990,0.009935,0.008106,0.499871,0.194780,22.946309,2020-04-26 19:20:37,3459,0.0160,828.0000,0.0170,51717,828,0,49,877,45355809
"Incendies, innover pour mieux lutter | Documentaire | ARTE",https://www.youtube.com/watch?v=_UxrzAullNY,0.008277,0.012050,0.046052,0.495484,1.152514,134.757176,2026-05-13 15:30:19,3132,0.0160,99.0000,0.0169,6197,99,0,6,105,650685
E-commerce : des solutions plus durables | ARTE Regards,https://www.youtube.com/watch?v=KQiWWRq9PK4,0.008481,0.010049,0.018214,0.498899,0.299549,35.277037,2024-12-16 11:00:17,1836,0.0160,315.0000,0.0169,19726,315,0,19,334,6588484
Le triangle des Bermudes de l'espace | #astronomie #espace,https://www.youtube.com/watch?v=U7eocVe84PI,0.010126,0.010577,0.003918,0.499984,5.605695,661.844221,2026-01-02 07:30:26,146,0.0164,1930.0000,0.0169,117358,1930,0,57,1987,233190346
"Ukraine, la catastrophe démographique | ARTE Reportage",https://www.youtube.com/watch?v=RS1E3mPbaR0,0.009426,0.009172,0.004134,0.501707,2.458787,290.473045,2025-03-03 16:30:07,1502,0.0130,1814.0000,0.0169,139992,1814,0,555,2369,331641048
"Le grand tout : l’ethnologie, les étudiants nigériens et nous | La Lucarne | ARTE",https://www.youtube.com/watch?v=EzjmoDtartU,0.008292,0.010270,0.047545,0.495214,0.191222,22.393847,2025-10-07 13:00:35,7053,0.0161,95.0000,0.0169,5914,95,0,5,100,591400
"L'adrénochrome, une drogue prélevée dans le sang d'enfants kidnappés ? - Désintox | Arte",https://www.youtube.com/watch?v=0kJadApIdHw,0.009145,0.008717,0.004376,0.502225,1.009760,119.391143,2023-03-17 20:00:00,60,0.0119,1699.0000,0.0169,143126,1699,0,721,2420,346364920
"Euthanasie : ""J'aime la vie, mais pas cette vie-là."" #findevie",https://www.youtube.com/watch?v=p4yEHbECyA4,0.009545,0.010371,0.005165,0.500062,3.525008,416.691277,2025-12-01 06:30:35,138,0.0161,1402.0000,0.0169,87239,1402,0,73,1475,128677525
Bangladesh : la révolution de la génération Z | ARTE Reportage,https://www.youtube.com/watch?v=EFzD8MWkAPQ,0.008740,0.009761,0.008199,0.500294,0.753358,89.063989,2024-10-28 16:30:04,1521,0.0151,817.0000,0.0169,54146,817,0,98,915,49543590
Découvrez le point commun entre Marine Le Pen et Alexeï Navalny 🤔 #justice #rn #arte #expresso,https://www.youtube.com/watch?v=JMXpQTtwksI,0.008707,0.010069,0.011100,0.499614,0.682139,80.616028,2025-04-09 17:00:18,149,0.0159,571.0000,0.0169,35868,571,0,35,606,21736008
Le quotidien d'une cascadeuse 🤸‍♀️ #témoignage #cascade,https://www.youtube.com/watch?v=nmX7qUGnwrY,0.008626,0.010127,0.018909,0.498509,0.140134,16.538592,2023-06-25 16:30:15,50,0.0166,301.0000,0.0169,18175,301,0,6,307,5579725
Pouvons-nous stopper la propagation des virus ? | 42 - La réponse à presque tout | ARTE,https://www.youtube.com/watch?v=vmMd3rHHnfk,0.008102,0.009841,0.022914,0.498881,0.399302,47.132484,2025-07-25 13:01:49,1709,0.0149,238.0000,0.0169,15935,238,0,31,269,4286515
Le coup d'État militaire | La bataille du Chili (2/3) | ARTE,https://www.youtube.com/watch?v=Bc4qPzlIopY,0.008613,0.009854,0.011368,0.499721,0.296752,35.104780,2023-09-21 16:30:01,5286,0.0156,555.0000,0.0169,35489,555,0,44,599,21257911
Le jour où Shaïna a disparu,https://www.youtube.com/watch?v=CRJIEyYtpnM,0.008386,0.012760,0.023644,0.498279,3.531644,416.850315,2026-05-25 05:30:06,86,0.0160,229.0000,0.0169,14341,229,0,13,242,3470522
CAN 2025 : qui seront les vrais gagnants ? #football #foot #arte,https://www.youtube.com/watch?v=U7Lw6JYAkAM,0.008398,0.010394,0.020672,0.498655,0.821846,97.080565,2026-01-04 10:00:44,130,0.0159,270.0000,0.0169,17010,270,0,17,287,4881870
Les vraies origines de la démocratie | Est-il vrai que...?  | ARTE,https://www.youtube.com/watch?v=8--k_gV0P5k,0.011204,0.010180,0.002567,0.500206,4.588265,543.912314,2025-07-06 10:00:12,1417,0.0161,3135.0000,0.0169,194294,3135,0,142,3277,636701438
Pourquoi ne sommes-nous pas minuscules ? | 42 - La réponse à presque tout | ARTE,https://www.youtube.com/watch?v=9Nirh17W4IE,0.008884,0.009710,0.007071,0.500378,0.724280,85.869790,2024-06-07 13:00:10,1570,0.0151,972.0000,0.0169,64496,972,0,115,1087,70107152
Sous le soleil de la Corée du Nord | Tracks East | ARTE,https://www.youtube.com/watch?v=LdH7WYVYF8s,0.009023,0.009800,0.006427,0.500378,1.170668,138.861742,2025-01-28 16:30:11,1770,0.0152,1087.0000,0.0168,71645,1087,0,120,1207,86475515
Les défis des géomètres en Roumanie | ARTE Regards,https://www.youtube.com/watch?v=0DemFCdS3Sk,0.008341,0.014777,0.013729,0.499758,12.906190,1529.747772,2026-06-09 10:00:19,1838,0.0151,443.0000,0.0168,29395,443,0,52,495,14550525
Sois naturel avec le surnaturel ! | Streetphilosophy | ARTE,https://www.youtube.com/watch?v=rs0OAYeynD8,0.008905,0.009766,0.007616,0.500101,0.295151,35.024746,2021-12-31 19:00:19,1591,0.0155,891.0000,0.0168,57435,891,0,76,967,55539645
Le génie humain | Une brève histoire de l'automobile (1/3) | ARTE,https://www.youtube.com/watch?v=PDg52bHrT6Y,0.009377,0.012006,0.005732,0.499979,13.898197,1649.999888,2026-05-12 19:00:17,3151,0.0161,1242.0000,0.0168,77287,1242,0,59,1301,100550387
"Pédocriminels, la traque | Documentaire | ARTE",https://www.youtube.com/watch?v=nuxY4Uv09QM,0.011119,0.010562,0.002528,0.500846,19.511997,2320.855855,2026-03-27 19:00:42,5515,0.0148,3190.0000,0.0168,215469,3190,0,432,3622,780428718
Silicon F***ing Valley (1/6) | La fabrique des cerveaux | ARTE,https://www.youtube.com/watch?v=_tSFem3SC9I,0.017948,0.010151,0.000895,0.500116,8.865435,1055.194696,2024-11-11 14:00:41,902,0.0165,10326.0000,0.0168,626837,10326,0,206,10532,6601847284
Est-il vrai qu’autrefois nous vivions en harmonie avec la nature ? | Est-il vrai que...? | ARTE,https://www.youtube.com/watch?v=dvtrBup93lo,0.009959,0.010316,0.004006,0.500162,4.880071,580.657088,2025-12-07 11:01:15,1583,0.0159,1881.0000,0.0168,117974,1881,0,101,1982,233824468
"Après #MeToo, le retour de bâton ? | Idée 3D | ARTE",https://www.youtube.com/watch?v=SOpWzK5jBts,0.008137,0.009101,0.009427,0.501057,0.394307,46.896525,2023-06-08 18:00:19,1607,0.0132,693.0000,0.0168,52331,693,0,186,879,45998949
DJ Mehdi : Made in France (1/6) | Les enfants du rap | ARTE,https://www.youtube.com/watch?v=MSsUrSnURSI,0.037739,0.010058,0.000332,0.500269,24.662835,2937.127841,2024-09-13 15:30:07,2319,0.0162,31116.0000,0.0168,1917905,31116,0,1092,32208,61771884240
Macron salue une foule absente le 8 mai ? Désintox | ARTE,https://www.youtube.com/watch?v=Wb2huJLlKa8,0.007363,0.008150,0.010056,0.502576,0.467722,55.661597,2023-05-11 19:00:10,100,0.0101,642.0000,0.0168,63668,642,0,427,1069,68061092
"Un confinement volontaire, sous terre 🕳️🔦🧭 | En mode | ARTE #deeptime",https://www.youtube.com/watch?v=eTJlvSWQ3KE,0.008399,0.009569,0.010783,0.500167,0.363830,43.303891,2023-12-16 18:00:19,55,0.0148,591.0000,0.0168,40051,591,0,81,672,26914272
Le numérique européen est-il déjà perdu ? (jeu de rôle) | EUROPARTIE | ARTE,https://www.youtube.com/watch?v=-VvnXzfn5aM,0.008168,0.010024,0.048738,0.495137,0.132972,15.696125,2025-06-21 09:00:00,4075,0.0157,92.0000,0.0168,5843,92,0,6,98,572614
Explorer la création IA et questionner ses limites | PhantasIA #3 | ARTE,https://www.youtube.com/watch?v=xhiXmdhB4UM,0.008349,0.010086,0.023985,0.498212,0.330320,39.224843,2025-07-03 09:01:34,1783,0.0159,225.0000,0.0168,14131,225,0,12,237,3349047
Incendies : à quand des pompiers européens ? | Décryptage | ARTE,https://www.youtube.com/watch?v=KFv8aqRdlqk,0.008086,0.009953,0.044323,0.495906,0.167603,19.818264,2025-07-23 13:00:41,477,0.0154,104.0000,0.0168,6740,104,0,9,113,761620
Les plans américains pour détruire l’Europe | Décryptage | ARTE,https://www.youtube.com/watch?v=lV4SrbwqjW4,0.012085,0.009363,0.002023,0.501477,6.920228,826.157867,2025-06-26 09:01:08,712,0.0136,4112.0000,0.0167,303412,4112,0,970,5082,1541939784
Jean-Paul Sartre joué par Brad Pitt au cinéma ? - Désintox | Arte,https://www.youtube.com/watch?v=CnpE5F7ozRY,0.008602,0.009959,0.014296,0.499105,0.183756,21.896308,2023-03-24 20:00:03,60,0.0162,422.0000,0.0167,26096,422,0,15,437,11403952
Espionnés par nos apps | Documentaire | ARTE,https://www.youtube.com/watch?v=Xvycdwmyeek,0.010565,0.010643,0.003032,0.500443,13.771555,1645.015875,2026-03-18 19:00:39,3140,0.0155,2591.0000,0.0167,167529,2591,0,213,2804,469751316
Les pirates étaient toujours des méchants ? | Est-il vrai que...? | ARTE,https://www.youtube.com/watch?v=WJUMB9eqyBg,0.009600,0.010180,0.004771,0.500089,3.207580,383.450475,2025-10-19 10:01:01,1461,0.0159,1537.0000,0.0167,96712,1537,0,80,1617,156383304
Jeu de go sur l’eau : Îles Spratleys | Bienvenue en Géozarbie | ARTE,https://www.youtube.com/watch?v=vmePa4JGBAE,0.010288,0.009955,0.003514,0.500005,0.766048,91.636588,2022-06-19 18:00:14,608,0.0162,2188.0000,0.0167,134695,2188,0,63,2251,303198445
BPM ecstasy : la vague techno entre Pékin et Taipei (2/4) | ARTE,https://www.youtube.com/watch?v=JfAO4BFicI4,0.008352,0.009773,0.016426,0.499190,0.202169,24.148951,2023-11-19 11:00:24,1196,0.0155,357.0000,0.0167,22994,357,0,27,384,8829696
Britney sans filtre (Intégrale) | ARTE,https://www.youtube.com/watch?v=3WLe41lmi6w,0.016333,0.009906,0.001070,0.500448,8.551275,1024.040612,2025-01-18 16:30:01,3731,0.0157,8448.0000,0.0167,538589,8448,0,546,8994,4844069466
"L'histoire finit-elle par se répéter ? | 42, la réponse à presque tout | ARTE",https://www.youtube.com/watch?v=3nLDd1fy6VE,0.011277,0.009898,0.002454,0.500388,3.609045,432.236790,2025-02-24 14:00:06,1747,0.0156,3301.0000,0.0167,211385,3301,0,228,3529,745977665
"20 juin 1789, le serment du Jeu de paume | Quand l'histoire fait dates | ARTE",https://www.youtube.com/watch?v=jfxkr0XgD5A,0.010560,0.010123,0.003123,0.500105,3.791695,454.172471,2025-07-20 15:30:17,1584,0.0161,2505.0000,0.0167,155775,2505,0,95,2600,405015000
"Syrie : Alep, la vie d’après | ARTE Reportage",https://www.youtube.com/watch?v=-KDDZKVZl5M,0.009007,0.009880,0.006884,0.500046,1.038795,124.376875,2025-01-27 16:30:00,1510,0.0156,1003.0000,0.0167,64296,1003,0,70,1073,68989608
Le CONSERVATISME : une nouvelle tendance | Tracks East | ARTE,https://www.youtube.com/watch?v=pBAYJCPWbm0,0.013531,0.009840,0.001556,0.500834,11.890860,1424.833513,2025-10-09 18:00:56,1952,0.0148,5537.0000,0.0167,373138,5537,0,690,6227,2323530326
Israël : borderlines | ARTE Reportage,https://www.youtube.com/watch?v=v_m6KfmhB7I,0.008258,0.009386,0.010385,0.500453,0.480180,57.479332,2024-05-30 13:00:49,2181,0.0142,618.0000,0.0167,43632,618,0,110,728,31764096
Une région sous contrôle russe #arte #arterepotrage #ukraine,https://www.youtube.com/watch?v=yiUKN_-rNyY,0.007988,0.010132,0.021056,0.499162,1.144954,136.857945,2026-02-16 07:30:25,168,0.0146,264.0000,0.0167,18109,264,0,38,302,5468918
Nicaragua: un dictateur contre l’Église | ARTE Reportage (2024),https://www.youtube.com/watch?v=iZyN7x1vEtE,0.008941,0.009629,0.006264,0.500486,1.157915,138.777341,2024-12-30 16:30:09,1522,0.0148,1120.0000,0.0167,75626,1120,0,141,1261,95364386
L’habitat de demain : la fin des logements neufs ? | Les questions qui fâchent | ARTE,https://www.youtube.com/watch?v=gPC6GtnpqRE,0.008516,0.009978,0.013021,0.499410,0.643810,77.092713,2025-06-04 13:01:14,1597,0.0157,472.0000,0.0167,29996,472,0,28,500,14998000
Les serres de la colonisation | Faire l'histoire | ARTE,https://www.youtube.com/watch?v=nSBTa7vGpQU,0.008246,0.009788,0.026173,0.498004,0.080395,9.608474,2022-10-30 11:30:21,962,0.0157,202.0000,0.0167,12848,202,0,12,214,2749472
"En Belgique, une ado séquestrée contre demande rançon ?",https://www.youtube.com/watch?v=ROXvkn2k-No,0.008380,0.010041,0.027268,0.497621,0.176194,21.057797,2024-12-13 18:00:30,95,0.0162,192.0000,0.0166,11832,192,0,5,197,2330904
Les secrets pour une fratrie harmonieuse | Kids | ARTE,https://www.youtube.com/watch?v=Y0wM7Yvg_Bc,0.008569,0.009975,0.013305,0.499246,0.441949,52.982352,2025-01-01 14:00:34,1569,0.0160,460.0000,0.0166,28772,460,0,19,479,13781788
L'importance de l'amitié | Kids | ARTE,https://www.youtube.com/watch?v=POj9Xm0D2VY,0.009411,0.010025,0.005490,0.499871,1.326644,159.392182,2025-02-05 14:00:33,1584,0.0161,1306.0000,0.0166,80979,1306,0,41,1347,109078713
Un patron de café à Téhéran  #iran #reportage #arteinfo,https://www.youtube.com/watch?v=T48z8GADtSo,0.008190,0.009977,0.032205,0.497269,0.231247,27.663265,2025-07-04 17:00:42,111,0.0157,156.0000,0.0166,9929,156,0,9,165,1638285
"Le jeu vidéo, ça va deux minutes | Jour de play | ARTE",https://www.youtube.com/watch?v=WwaXIBk2RgY,0.007662,0.009155,0.022086,0.499547,0.176808,21.214644,2024-02-11 11:00:23,1286,0.0135,249.0000,0.0166,18418,249,0,57,306,5635908
Hongrie : un lycée pour les Roms ! | ARTE Regards,https://www.youtube.com/watch?v=kqk0VjTiV0A,0.008305,0.010092,0.012751,0.499803,1.682553,202.174864,2026-01-19 11:01:19,1817,0.0149,484.0000,0.0166,32383,484,0,54,538,17422054
🎌  Menace sur le théâtre érotique japonais #japon #tradition,https://www.youtube.com/watch?v=HB17yv5TqQ8,0.008578,0.009978,0.016201,0.498739,0.147967,17.769622,2023-01-28 17:30:03,53,0.0164,363.0000,0.0166,22157,363,0,5,368,8153776
COUPS DE COEUR - DU 02 AU 08 FÉVRIER - ARTE,https://www.youtube.com/watch?v=oArjBwTappA,0.008367,0.009945,0.034705,0.496619,0.036759,4.396848,2021-02-02 07:27:09,131,0.0164,142.0000,0.0166,8672,142,0,2,144,1248768
Jane Austen sans orgueil ni préjugé | ARTE Book Club | Replay Live | ARTE,https://www.youtube.com/watch?v=BXxwp5xsJdA,0.008362,0.009768,0.015331,0.499255,0.271240,32.594473,2024-05-22 18:49:56,7159,0.0155,388.0000,0.0166,24995,388,0,27,415,10372925
"La peste, la plus grande épidémie de tous les temps ? | Est-il vrai que...? | ARTE",https://www.youtube.com/watch?v=DjTX2VBtMWk,0.015377,0.010071,0.001182,0.500197,10.512760,1266.549808,2025-06-22 10:00:21,1438,0.0161,7557.0000,0.0166,470163,7557,0,247,7804,3669152052
La guerre d’indépendance américaine | Épisode 4 | La France entre en guerre (1777-1778) | ARTE,https://www.youtube.com/watch?v=sKtmMLntRrQ,0.008260,0.044817,0.018705,0.498924,57.732682,6942.003028,2026-06-25 19:00:11,6498,0.0155,305.0000,0.0166,19720,305,0,22,327,6448440
"Ukraine : Donbass, entre la vie et la mort | ARTE Reportage",https://www.youtube.com/watch?v=2A7O2c3BqIw,0.008278,0.009104,0.007016,0.501520,2.425847,292.385526,2025-10-03 16:26:13,1449,0.0125,981.0000,0.0166,78344,981,0,318,1299,101768856
"Depuis sa cellule, l'ex-maire de Rome dénonce les conditions de détention #prison #italie #arteinfo",https://www.youtube.com/watch?v=Y9NExEfM9D8,0.008664,0.010177,0.011969,0.499245,0.943916,113.671440,2025-09-17 17:00:50,134,0.0162,522.0000,0.0166,32274,522,0,13,535,17266590
Les réalités d'une Bulgarie communiste | Je vois rouge | ARTE,https://www.youtube.com/watch?v=Eml9Ipwl8lI,0.008521,0.009047,0.006730,0.501091,0.312759,37.714893,2020-12-01 12:30:42,5040,0.0134,1030.0000,0.0166,76754,1030,0,242,1272,97631088
"Tunisie, le grand exode des médecins | Reportage (2022) | ARTE Regards",https://www.youtube.com/watch?v=c6MC9mX8Qq4,0.009531,0.009193,0.003866,0.501517,4.060672,490.490103,2025-08-25 10:00:55,1958,0.0130,1960.0000,0.0166,150686,1960,0,534,2494,375810884
Que faire de nous après notre mort ? |  42 - La réponse à presque tout | ARTE,https://www.youtube.com/watch?v=iBsy51kwuvU,0.008170,0.009456,0.012066,0.500131,0.551706,66.567028,2025-01-03 14:00:43,1795,0.0144,517.0000,0.0165,36016,517,0,79,596,21465536
Ariane 6 – Un lanceur de pointe pour l’Europe | Europe dans l’espace |  ARTE,https://www.youtube.com/watch?v=C3AFfPzsAKE,0.009488,0.009248,0.004132,0.501049,1.232835,148.939254,2024-02-02 19:00:09,624,0.0139,1815.0000,0.0165,130596,1815,0,346,2161,282217956
"""Vous sous-estimez la détermination des Russes"" #voixderussie #russie #arte",https://www.youtube.com/watch?v=quMJ8Z3KR5E,0.008321,0.009982,0.027734,0.497569,0.181674,21.855192,2025-01-10 17:00:57,112,0.0161,188.0000,0.0165,11669,188,0,5,193,2252117
"Hera, la guerre des astéroïdes | L'Europe dans l'espace | ARTE",https://www.youtube.com/watch?v=HQX9XwTJFvE,0.008473,0.009866,0.014102,0.499188,0.351762,42.459004,2024-09-28 10:00:15,594,0.0158,429.0000,0.0165,27098,429,0,19,448,12139904
L'an mil | Quand l'histoire fait dates | ARTE,https://www.youtube.com/watch?v=hXFlePT5rWY,0.011623,0.010258,0.002230,0.500280,11.484228,1389.567946,2026-01-10 19:00:48,1596,0.0157,3682.0000,0.0165,234615,3682,0,195,3877,909602355
Auto-optimisation : la perfection à tout prix ? | Twist | ARTE,https://www.youtube.com/watch?v=QGGwTg5U80M,0.008767,0.010342,0.009370,0.499559,2.153832,260.431897,2026-01-11 19:00:33,1824,0.0160,698.0000,0.0165,43711,698,0,24,722,31559342
Birmanie clandestine : chronique d'un pays en ruines | ARTE Reportage,https://www.youtube.com/watch?v=D8KUoQ1jh5Y,0.008703,0.009670,0.007329,0.500343,1.495760,180.941066,2025-07-14 15:30:07,1537,0.0148,932.0000,0.0165,63146,932,0,111,1043,65861278
Birmanie : l’armée des ombres | ARTE,https://www.youtube.com/watch?v=UljsZyaciyo,0.011099,0.009588,0.002515,0.500576,2.104344,254.802419,2024-03-13 19:00:21,2174,0.0150,3209.0000,0.0165,213229,3209,0,312,3521,750779309
Chypre : brèche post-soviétique de l’UE | Tracks East | ARTE,https://www.youtube.com/watch?v=YXzHKZ5ncZU,0.008155,0.009689,0.022014,0.498591,0.180751,21.817364,2024-06-11 18:00:26,1835,0.0153,250.0000,0.0165,16295,250,0,19,269,4383355
La crise du saumon en Norvège | ARTE Regards,https://www.youtube.com/watch?v=k29oq4fLFgM,0.008055,0.011238,0.032205,0.497405,1.427006,171.899327,2026-04-30 10:01:19,1821,0.0153,156.0000,0.0165,10179,156,0,12,168,1710072
L’art de bien dormir | Unhappy | ARTE,https://www.youtube.com/watch?v=iqre53EQUDY,0.010634,0.010048,0.002992,0.500051,3.929140,475.972391,2025-07-18 15:30:21,1611,0.0160,2631.0000,0.0165,164204,2631,0,79,2710,444992840
"Violences sexuelles dans le sport, l'enquête | ARTE",https://www.youtube.com/watch?v=8TELkp_VpZI,0.010325,0.009429,0.003141,0.500666,0.654648,79.308466,2020-09-02 19:52:02,5432,0.0148,2489.0000,0.0165,168515,2489,0,292,2781,468640215
Sud Liban : une zone sacrifiée | ARTE Reportage,https://www.youtube.com/watch?v=1QW157TvVjU,0.007701,0.008714,0.010617,0.501356,0.518996,62.841571,2024-04-29 15:30:02,796,0.0121,602.0000,0.0165,49644,602,0,217,819,40658436
"_ Underscore, dans les méandres du NET | Présenté par Ava Mind | LE DOCK | REPLAY LIVE |ARTE",https://www.youtube.com/watch?v=keKy3IBohkM,0.008289,0.009672,0.016897,0.499049,0.143213,17.328004,2022-12-21 20:00:21,4049,0.0155,345.0000,0.0165,22263,345,0,22,367,8170521
"Le blob, un génie sans cerveau | Documentaire | ARTE",https://www.youtube.com/watch?v=A3a0tzCD2Fk,0.008463,0.010389,0.009336,0.500132,3.942570,477.877822,2026-03-21 11:00:22,3090,0.0148,701.0000,0.0165,47393,701,0,80,781,37013933
Mobutu - Maître du jeu (2/4) | Authenticité | ARTE,https://www.youtube.com/watch?v=pG83Vmy2-W0,0.009890,0.014583,0.003607,0.500778,64.276922,7800.702432,2026-06-09 19:00:39,3325,0.0144,2123.0000,0.0165,146968,2123,0,298,2421,355809528
Stop aux portables en classe ! 📱 🛑 #portable #smartphone #education,https://www.youtube.com/watch?v=r2HpDhf1tbo,0.008138,0.009847,0.020610,0.498780,0.493416,59.710021,2025-09-03 17:01:22,122,0.0152,271.0000,0.0165,17789,271,0,22,293,5212177
NFT : What the Punk ! Les pionniers du crypto-art | ARTE,https://www.youtube.com/watch?v=n7xTdk2DmNU,0.007340,0.008967,0.037215,0.497930,0.111396,13.448035,2024-06-13 13:00:47,4878,0.0130,130.0000,0.0165,10020,130,0,35,165,1653300
"En Espagne, des brigades anti-squatteurs | ARTE Regards",https://www.youtube.com/watch?v=T7DQn_cIp7U,0.009715,0.010777,0.003622,0.501394,24.767336,3008.216605,2026-05-06 10:00:48,1812,0.0132,2113.0000,0.0165,160083,2113,0,522,2635,421818705
Italie : le championnat du monde de forge | ARTE Regards,https://www.youtube.com/watch?v=hcscvrPtEB4,0.008721,0.010847,0.008959,0.499705,4.644593,563.672130,2026-04-06 10:01:06,1839,0.0157,736.0000,0.0165,46906,736,0,36,772,36211432
"Sur l’échiquier, tous les coups sont permis. Regardez ""Rematch"" sur ARTE ♟️ #rematch",https://www.youtube.com/watch?v=X7yD6M2ge0Y,0.008363,0.010032,0.034513,0.496528,0.113568,13.705487,2024-10-02 15:40:01,15,0.0165,143.0000,0.0165,8689,143,0,0,143,1242527
Le combat continue  | Les Etats-Unis dans tous leurs Etats | (5/5) | ARTE,https://www.youtube.com/watch?v=mq3HVuM27FM,0.008695,0.008587,0.005149,0.501871,0.485680,59.003879,2021-01-18 17:30:04,3121,0.0120,1407.0000,0.0165,117235,1407,0,522,1929,226146315
Godard et les rayures 🦓 @FashionQuiche #cinema #godard,https://www.youtube.com/watch?v=UjP8i9Ds760,0.008267,0.009716,0.019065,0.498747,0.153221,18.569470,2023-09-04 17:00:31,60,0.0156,298.0000,0.0165,19088,298,0,16,314,5993632
"Stand-up, la rage de rire | ARTE",https://www.youtube.com/watch?v=oeeOS4bMINc,0.009051,0.009414,0.005315,0.500675,1.328330,161.411799,2024-11-20 16:30:11,4007,0.0144,1356.0000,0.0164,94417,1356,0,197,1553,146629601
Champion d'un sport extrême 😨 #shorts #sportextreme #arte,https://www.youtube.com/watch?v=blchi0VtItc,0.008414,0.009707,0.014212,0.499196,0.146217,17.749280,2022-04-25 12:00:19,32,0.0157,425.0000,0.0164,27070,425,0,20,445,12046150
Silicon F***ing Valley (3/6) | La loi du plus fort | ARTE,https://www.youtube.com/watch?v=WjuubEcwXWo,0.011792,0.009933,0.002147,0.500033,3.307485,402.317633,2024-11-12 14:00:27,860,0.0161,3844.0000,0.0164,238594,3844,0,78,3922,935765668
Québec : après les incendies | ARTE Reportage,https://www.youtube.com/watch?v=hsNNx_3Vqao,0.008755,0.009070,0.005670,0.501107,0.875520,106.494101,2024-01-30 14:00:34,1485,0.0134,1258.0000,0.0164,93720,1258,0,282,1540,144328800
"1848, le printemps des peuples | Quand l'histoire fait dates | ARTE",https://www.youtube.com/watch?v=c0ODAGpwEJ4,0.010802,0.010017,0.002794,0.500125,5.004826,608.993287,2025-09-06 10:01:03,1594,0.0158,2846.0000,0.0164,179784,2846,0,108,2954,531081936
Elle s'échappe d'un rencard flippant  #date #tinder #amour #shorts #arte,https://www.youtube.com/watch?v=anfuMQQkbXQ,0.008293,0.009640,0.016238,0.499072,0.125479,15.256196,2022-04-20 12:00:01,59,0.0155,362.0000,0.0164,23344,362,0,21,383,8940752
Même pas peur des jeux vidéo ! (ft. Demoiselle D'horreur) I Jour De Play | REPLAY LIVE I ARTE,https://www.youtube.com/watch?v=Tn2GUi75nxY,0.008273,0.009724,0.016619,0.499045,0.301690,36.694840,2024-10-16 18:58:24,9362,0.0155,352.0000,0.0164,22745,352,0,21,373,8483885
Implants cérébraux : utopie ou dystopie ? | Les questions qui fâchent | ARTE,https://www.youtube.com/watch?v=6zFo2vxc6Qc,0.008929,0.010347,0.006535,0.500104,4.899657,597.271226,2026-03-03 14:00:12,1702,0.0152,1066.0000,0.0164,69910,1066,0,80,1146,80116860
"Danser pour résister | Kiev, un opéra en guerre (1/4) | ARTE",https://www.youtube.com/watch?v=Z6-lva5nn80,0.008096,0.009681,0.032879,0.497142,0.077937,9.455095,2023-08-30 18:00:14,1394,0.0156,152.0000,0.0164,9766,152,0,8,160,1562560
Les premiers chamanes d'Afrique du Sud | Enquêtes archéologiques | ARTE,https://www.youtube.com/watch?v=xudmSrxlcCg,0.008305,0.010306,0.016697,0.498955,1.303365,158.755499,2026-02-07 11:01:33,1594,0.0156,350.0000,0.0164,22412,350,0,17,367,8225204
Angleterre : des eaux usées rejetées en mer | ARTE Regards,https://www.youtube.com/watch?v=UehWUpvAwrY,0.007537,0.009087,0.021056,0.499711,0.363765,44.297482,2025-04-02 10:00:42,1809,0.0132,264.0000,0.0164,20032,264,0,64,328,6570496
"Affaire Epstein - Pouvoir, argent, trafic sexuel et silence | Décryptage | ARTE",https://www.youtube.com/watch?v=GMp2V6WpUW0,0.009384,0.009972,0.004334,0.500809,8.152788,996.750159,2026-02-26 20:00:27,562,0.0142,1718.0000,0.0164,121403,1718,0,267,1985,240984955
"La corruption : un mal nécessaire ? | 42, la réponse à presque tout | ARTE",https://www.youtube.com/watch?v=1rxatiYun20,0.009215,0.009438,0.004999,0.500448,0.857934,104.917922,2023-12-01 14:00:02,1615,0.0148,1456.0000,0.0163,98628,1456,0,156,1612,158988336
Sahara occidental : les combattantes du désert | ARTE Reportage,https://www.youtube.com/watch?v=w6D3mpzM_Ak,0.015265,0.007813,0.001584,0.503584,11.047316,1353.307405,2025-04-07 15:30:21,1490,0.0090,5428.0000,0.0163,604910,5428,0,4447,9875,5973486250
En mission scientifique dans l’Atlantique | ARTE Regards,https://www.youtube.com/watch?v=UMKtKBFbmOg,0.008388,0.011723,0.014296,0.499116,4.648917,568.904611,2026-05-12 10:00:44,1839,0.0157,422.0000,0.0163,26861,422,0,16,438,11765118
Laos : les GI oubliés | ARTE Reportage,https://www.youtube.com/watch?v=_OncN2gp4iU,0.008334,0.009514,0.009676,0.500134,0.981805,120.314140,2025-06-09 15:30:16,1550,0.0145,672.0000,0.0163,46199,672,0,81,753,34787847
"📚 HEC, admis sans les codes #HEC #études #ecoledecommerce",https://www.youtube.com/watch?v=B7Yo9WtupXg,0.008694,0.009958,0.009258,0.499529,1.180247,144.682169,2025-08-23 09:00:25,95,0.0158,708.0000,0.0163,44744,708,0,21,729,32618376
Consommons-nous trop de viande ? 🍖 #agroalimentaire #viande,https://www.youtube.com/watch?v=CyoruZt6ZZw,0.007760,0.009755,0.032707,0.497652,0.459223,56.115484,2025-12-22 06:30:07,115,0.0145,153.0000,0.0163,10570,153,0,19,172,1818040
Et si on s’ennuyait davantage ? | 42 - La réponse à presque tout | ARTE,https://www.youtube.com/watch?v=AA8yF53A6ds,0.013320,0.009909,0.001572,0.500080,7.225701,888.838698,2025-06-06 13:00:28,1773,0.0159,5475.0000,0.0163,344061,5475,0,118,5593,1924333173
USA : le retour du syndicalisme | ARTE Reportage,https://www.youtube.com/watch?v=h_2tG4TSkxY,0.008292,0.009333,0.009849,0.500132,0.426786,52.442783,2024-02-12 16:30:11,2159,0.0145,658.0000,0.0163,45465,658,0,81,739,33598635
Le commerce mondial est-il du vol ? | Est-il vrai que...? | ARTE,https://www.youtube.com/watch?v=4T0dPEx6bDY,0.008735,0.010451,0.007439,0.499985,4.996232,614.256390,2026-03-22 11:00:13,1520,0.0152,916.0000,0.0163,60304,916,0,64,980,59097920
Le bonheur est dans le pré en Bulgarie | Reportage | ARTE Regards,https://www.youtube.com/watch?v=N-QTu5e1i4s,0.008261,0.009887,0.019118,0.498561,0.449862,55.261284,2025-07-22 10:00:37,1839,0.0158,297.0000,0.0162,18856,297,0,9,306,5769936
L'angle mort des prisons françaises #Prison #Crime,https://www.youtube.com/watch?v=gQAhei32lcw,0.007727,0.009304,0.017887,0.499690,0.600460,73.848714,2025-08-15 09:01:06,55,0.0137,322.0000,0.0162,23429,322,0,58,380,8903020
Rwanda : le silence des mots | ARTE Reportage,https://www.youtube.com/watch?v=VCfjB7hiO-4,0.013535,0.009276,0.001541,0.500775,2.056036,253.550272,2022-04-26 14:00:25,3005,0.0145,5598.0000,0.0162,386423,5598,0,668,6266,2421326518
"Pouvons-nous vivre sans agriculture ? | 42, la réponse à presque tout | ARTE",https://www.youtube.com/watch?v=ntG1B-QPJ54,0.008369,0.009062,0.007609,0.500667,0.362757,44.701848,2022-07-09 15:00:25,1501,0.0138,892.0000,0.0162,64818,892,0,159,1051,68123718
Une séparation réussie | Unhappy | ARTE,https://www.youtube.com/watch?v=Bs-2v289ta0,0.009421,0.009740,0.004634,0.500165,2.555289,315.102919,2025-08-01 18:00:09,1612,0.0153,1590.0000,0.0162,104262,1590,0,100,1690,176202780
"Jura, qui a peur du loup ? | ARTE Regards",https://www.youtube.com/watch?v=2qftNIvHle4,0.008342,0.008204,0.005476,0.502347,1.158029,142.828999,2024-02-26 11:00:05,1791,0.0108,1310.0000,0.0162,121858,1310,0,665,1975,240669550
Super-seniors en pleine forme | ARTE Regards,https://www.youtube.com/watch?v=vP2qtKWfCh0,0.009890,0.009570,0.003644,0.500376,2.435790,300.472064,2025-03-19 11:01:28,1839,0.0150,2098.0000,0.0162,140072,2098,0,172,2270,317963440
🎮 Quand le travail s’invite dans le jeu vidéo (ft Ostpolitik) I Jour De Play I ARTE,https://www.youtube.com/watch?v=xCo6Ydzd7YM,0.008288,0.009727,0.014102,0.499232,0.561077,69.146593,2025-05-21 20:03:55,9489,0.0154,429.0000,0.0162,27852,429,0,22,451,12561252
COVID-19 : décoder les chiffres | Data Science vs Fake | ARTE,https://www.youtube.com/watch?v=MEFnT0Kimtg,0.011400,0.009331,0.002285,0.500574,0.861687,106.405660,2020-04-01 09:12:08,296,0.0148,3581.0000,0.0162,242525,3581,0,346,3927,952395675
Les médecins bénévoles de la mer Égée | ARTE Regards,https://www.youtube.com/watch?v=xeDPaf5c4Ic,0.007964,0.010944,0.033584,0.497108,1.193088,146.478034,2026-04-23 10:01:35,1831,0.0153,148.0000,0.0162,9699,148,0,9,157,1522743
Une loi pour interdire les sifflets contre Macron ? - Désintox | ARTE #CoupeMondeRugby #Sifflets,https://www.youtube.com/watch?v=T5cbnYSglWE,0.006794,0.008232,0.026600,0.500110,0.144565,17.811050,2023-09-15 19:00:12,88,0.0109,198.0000,0.0162,18111,198,0,95,293,5306523
La mer de Marmara au bord de l’asphyxie ? | Reportage | ARTE Regards,https://www.youtube.com/watch?v=z9wUnaEE_8Y,0.007712,0.009590,0.027383,0.498365,0.508935,62.641036,2025-11-26 11:02:04,1824,0.0142,191.0000,0.0162,13416,191,0,26,217,2911272
"Corse, l'aventure du hameau connecté | ARTE Regards",https://www.youtube.com/watch?v=APkNqfaNhhI,0.007912,0.009286,0.017270,0.499395,0.219968,27.150341,2024-02-20 10:00:07,1791,0.0144,336.0000,0.0162,23328,336,0,41,377,8794656
Laser Disc 2023 : Silly Boy Blue & Clara Runaway | ARTE,https://www.youtube.com/watch?v=540iKJegeYM,0.007902,0.009498,0.039123,0.496432,0.068091,8.366383,2023-11-09 16:30:00,3538,0.0152,122.0000,0.0162,8048,122,0,8,130,1046240
Israël : commémorer le 7 octobre | ARTE Reportage,https://www.youtube.com/watch?v=w3zdhUJOPMo,0.007562,0.008832,0.014410,0.500501,0.421132,52.058234,2024-10-07 09:00:54,1476,0.0128,418.0000,0.0161,32758,418,0,111,529,17328982
Voyages à haut risque : tourisme dans l'État taliban et sur les réseaux | Tracks East | ARTE,https://www.youtube.com/watch?v=y4ruM9y6doU,0.007873,0.009737,0.017356,0.499427,1.153564,142.645217,2026-01-15 19:01:05,1881,0.0143,334.0000,0.0161,23371,334,0,43,377,8810867
"7 septembre 1812, la bataille de Borodino/La Moskova | Quand l'histoire fait dates | ARTE",https://www.youtube.com/watch?v=5stuc43QrZ0,0.010242,0.009790,0.003214,0.500246,4.957726,614.642252,2025-10-12 13:00:22,1601,0.0152,2424.0000,0.0161,159248,2424,0,144,2568,408948864
Oum Kalthoum : la voix éternelle du monde arabe,https://www.youtube.com/watch?v=13SYQ0jo4u8,0.008747,0.009819,0.008446,0.499498,0.906391,112.322445,2025-04-11 16:00:02,178,0.0159,789.0000,0.0161,49755,789,0,13,802,39903510
L'Asie dans la Seconde Guerre mondiale | Documentaire | ARTE,https://www.youtube.com/watch?v=0ffzIbHHFcI,0.008477,0.011457,0.009269,0.499796,7.883889,977.059218,2026-05-11 18:00:01,3172,0.0151,707.0000,0.0161,46784,707,0,47,754,35275136
Cuisiner rend-il heureux ? | Twist | ARTE,https://www.youtube.com/watch?v=7xNRYEzDxPc,0.008371,0.009884,0.012244,0.499323,1.080294,133.960557,2025-10-26 19:00:07,1822,0.0155,508.0000,0.0161,32799,508,0,20,528,17317872
🎮 Retour vers les années 2000 (ft. Julien Neel) I Jour De Play | REPLAY LIVE I ARTE,https://www.youtube.com/watch?v=egxE1D-CSns,0.008072,0.009535,0.016503,0.499164,0.417427,51.728291,2025-03-26 20:52:46,8995,0.0150,355.0000,0.0161,23731,355,0,27,382,9065242
Suède : Une ville doit déménager | Reportage | ARTE Regards,https://www.youtube.com/watch?v=V6U-Do8TUjQ,0.007939,0.009766,0.019496,0.498967,0.827378,102.490754,2025-12-18 11:01:01,1838,0.0147,290.0000,0.0161,19696,290,0,27,317,6243632
11 février 1990 : libération de Nelson Mandela | Quand l'histoire fait dates | ARTE,https://www.youtube.com/watch?v=Ihzo16oaBnE,0.008897,0.009726,0.006493,0.499913,1.673658,207.803591,2025-07-26 15:30:14,1598,0.0153,1074.0000,0.0161,70027,1074,0,53,1127,78920429
Glassholes - Les lunettes (dé)connectées de Google | Big Flops | ARTE,https://www.youtube.com/watch?v=OaXQoZEq5po,0.008955,0.009524,0.006307,0.499877,0.390267,48.476568,2022-06-04 18:00:12,296,0.0154,1111.0000,0.0161,71982,1111,0,47,1158,83355156
Les collants résille dans « Titane » 🔥 #cinema,https://www.youtube.com/watch?v=JB75XzqjNAA,0.008155,0.009724,0.029378,0.497250,0.115881,14.331505,2024-05-21 14:30:07,57,0.0159,175.0000,0.0161,11007,175,0,2,177,1948239
Syrie-Etats-Unis : itinéraire d’un déraciné | ARTE Reportage,https://www.youtube.com/watch?v=2TfqXg7VPmY,0.007756,0.009263,0.019332,0.499307,0.370055,45.891218,2025-03-31 15:30:00,1469,0.0141,293.0000,0.0161,20834,293,0,42,335,6979390
Un prof d'anglais en Iran #iran #reportage #arteinfo,https://www.youtube.com/watch?v=aQcWPa4osrg,0.008080,0.009851,0.038873,0.496096,0.178509,22.033064,2025-07-10 17:00:01,133,0.0158,123.0000,0.0161,7776,123,0,2,125,972000
Pourquoi manger ce qu’on mange ? | 42 - La réponse à presque tout | ARTE,https://www.youtube.com/watch?v=OrqHwrm9pIc,0.009416,0.009769,0.004697,0.499968,2.437777,303.233101,2025-07-30 13:00:45,1557,0.0155,1565.0000,0.0161,101004,1565,0,58,1623,163929492
"Le moustique, un ennemi bien armé | Documentaire | ARTE",https://www.youtube.com/watch?v=zGeOKnFH2c0,0.007802,0.041477,0.020862,0.498994,48.531576,6022.445000,2026-06-25 13:00:03,3190,0.0143,267.0000,0.0161,18614,267,0,32,299,5565586
DJ Mehdi : Made in France (4/6) | Le prince de la ville | ARTE,https://www.youtube.com/watch?v=DJRLcKF7irU,0.022384,0.009551,0.000661,0.500353,11.673886,1454.595358,2024-09-14 18:00:13,2262,0.0153,14485.0000,0.0160,948225,14485,0,734,15219,14431036275
Telegram : un cyber-thriller | Tracks East | ARTE,https://www.youtube.com/watch?v=HBrfft8FXbQ,0.007877,0.009335,0.019224,0.499074,0.272525,33.868108,2024-11-05 16:30:03,1827,0.0145,295.0000,0.0160,20319,295,0,31,326,6623994
"A 62 ans, 25% des travailleurs les plus modestes sont déjà morts ? - Désintox | ARTE",https://www.youtube.com/watch?v=82RoRpMCqB0,0.007626,0.008419,0.009567,0.501408,0.370282,46.122027,2023-01-19 20:00:03,94,0.0118,681.0000,0.0160,57920,681,0,248,929,53807680
Un autre modèle carcéral  | ARTE Regards,https://www.youtube.com/watch?v=x1MRk7cd_Wc,0.008053,0.009106,0.010768,0.500184,0.344752,42.937889,2023-10-16 10:00:49,1934,0.0140,592.0000,0.0160,42346,592,0,87,679,28752934
Afrique du Sud : la revanche de Musk | ARTE Reportage | ARTE,https://www.youtube.com/watch?v=RRx2_K0SMLY,0.009384,0.008665,0.003784,0.501761,3.369461,420.180093,2025-05-26 15:30:13,1536,0.0120,2009.0000,0.0160,167226,2009,0,672,2681,448332906
BPM ecstasy : la vague techno entre Pékin et Taipei (1/4) | ARTE,https://www.youtube.com/watch?v=4YSD_j8WmKM,0.008818,0.009487,0.006735,0.499900,0.565797,70.557238,2023-11-15 11:00:08,1119,0.0153,1029.0000,0.0160,67465,1029,0,52,1081,72929665
Ils fuient l’Amérique de TRUMP | Reportage | ARTE Regards,https://www.youtube.com/watch?v=ymK5ljedjyo,0.026368,0.009142,0.000588,0.501356,36.948412,4616.815830,2025-10-01 10:01:45,1837,0.0132,16509.0000,0.0160,1247531,16509,0,3458,19967,24909451477
La guerre d’indépendance américaine | Épisode 3 | Des temps mouvementés (1776-1777) | ARTE,https://www.youtube.com/watch?v=RtrZbi4JK28,0.008154,0.035468,0.017796,0.498747,43.873380,5466.597089,2026-06-24 19:00:18,6435,0.0154,324.0000,0.0160,20995,324,0,12,336,7054320
Dix jours dans l’Iran qui résiste | ARTE Reportage,https://www.youtube.com/watch?v=BbW0vAF5RUg,0.010880,0.009487,0.002530,0.501127,12.592763,1574.569350,2026-01-28 19:00:17,1524,0.0134,3188.0000,0.0160,237509,3188,0,610,3798,902059182
🚀 Retourner sur la Lune ? Avec l'astronaute Matthias Maurer | Scope | ARTE,https://www.youtube.com/watch?v=9UUnoQ7tYuA,0.007888,0.009805,0.017933,0.499192,1.169664,145.895003,2026-01-27 21:06:29,7736,0.0145,321.0000,0.0160,22140,321,0,33,354,7837560
White Power : un ancien néo-nazi témoigne #arte #témoignage,https://www.youtube.com/watch?v=QDqBTtQiWlU,0.008089,0.009284,0.012007,0.499805,0.430489,53.757276,2024-08-28 15:00:31,59,0.0145,520.0000,0.0160,35964,520,0,55,575,20679300
Les harengs communiquent en pétant ? 🤢 #Animaux #Science #Éducation,https://www.youtube.com/watch?v=OsRAKtonapI,0.008416,0.009670,0.010768,0.499431,0.756222,94.488359,2025-05-18 16:00:39,69,0.0154,592.0000,0.0160,38359,592,0,21,613,23514067
Israël : les étoiles du désert | ARTE Reportage,https://www.youtube.com/watch?v=O4W6h3NhozM,0.007482,0.008786,0.018705,0.499804,0.121192,15.133711,2022-04-11 18:00:13,1476,0.0131,305.0000,0.0160,23289,305,0,67,372,8663508
Souffrir du pollen | ARTE Regards,https://www.youtube.com/watch?v=LkWeD4nWQVw,0.007556,0.009002,0.022086,0.499175,0.192455,24.035239,2024-05-28 10:00:14,1838,0.0136,249.0000,0.0160,18296,249,0,43,292,5342432
"NFT, chaos dans le monde de l'art | ARTE",https://www.youtube.com/watch?v=_08d_1oY-Lo,0.008209,0.008885,0.007609,0.500760,0.607231,76.127455,2024-01-29 14:00:33,3111,0.0133,892.0000,0.0159,67072,892,0,177,1069,71699968
L'Europe en surchauffe : vivre avec les canicules | ARTE,https://www.youtube.com/watch?v=uyg-sK1CYfU,0.009296,0.011435,0.003881,0.501675,39.046262,4898.426361,2026-05-26 15:30:11,3175,0.0121,1951.0000,0.0159,161582,1951,0,624,2575,416073650
Pakistan : naître malgré tout | ARTE Reportage,https://www.youtube.com/watch?v=IgUxvGwSIKY,0.008422,0.009390,0.008603,0.499927,0.745154,93.468960,2024-12-16 16:30:05,1487,0.0148,772.0000,0.0159,52244,772,0,60,832,43467008
Malte : les défis de la gestion de l’eau | ARTE Regards,https://www.youtube.com/watch?v=3G0tw4e-0EU,0.007880,0.009945,0.025364,0.498128,0.774932,96.890620,2026-02-03 11:00:11,1809,0.0149,210.0000,0.0159,14066,210,0,14,224,3150784
"Enfermés par les Russes, Yahidne 2022 | Génération Ukraine | ARTE",https://www.youtube.com/watch?v=n_eGBLXJEdA,0.007629,0.009106,0.021187,0.499130,0.266762,33.417627,2024-12-09 14:00:49,4643,0.0139,262.0000,0.0159,18916,262,0,39,301,5693716
Ukraine : Tchernobyl dans la guerre | ARTE Reportage,https://www.youtube.com/watch?v=TPuqVplGRcs,0.011236,0.010590,0.002338,0.500533,27.635911,3473.094032,2026-04-20 15:30:27,1475,0.0146,3488.0000,0.0159,239596,3488,0,324,3812,913339952
Al-Sissi : le nouveau pharaon d’Égypte ? #egypte,https://www.youtube.com/watch?v=poHoG1eWDP8,0.008127,0.009810,0.012184,0.499628,1.738188,218.133176,2026-01-20 06:30:24,89,0.0147,511.0000,0.0159,34762,511,0,42,553,19223386
Royaume-Uni : vivre avec la démence | ARTE Regards,https://www.youtube.com/watch?v=iCCrJhYzMR4,0.007847,0.009559,0.036770,0.496641,0.179388,22.395352,2025-06-03 10:01:18,1838,0.0151,132.0000,0.0159,8739,132,0,7,139,1214721
"Les fringues du futur, c'est ça ! #Fashion #Vetements",https://www.youtube.com/watch?v=hO_IAe1J-J8,0.008208,0.009720,0.018456,0.498468,0.352837,44.234923,2025-04-09 16:00:55,64,0.0157,310.0000,0.0159,19683,310,0,3,313,6160779
Les éjaculations de cet insecte sont spectaculaires 🤯 #nature #documentaire,https://www.youtube.com/watch?v=Sa3-M0y_Aec,0.008113,0.009557,0.019891,0.498431,0.195837,24.555648,2024-06-15 16:00:23,60,0.0155,283.0000,0.0159,18244,283,0,7,290,5290760
24 septembre 622 : l'an 1 de l'islam | Quand l'histoire fait dates | ARTE,https://www.youtube.com/watch?v=IFTnJKQaY58,0.015473,0.008693,0.001295,0.501818,12.996222,1635.086575,2025-07-19 10:00:34,1585,0.0121,6817.0000,0.0159,562822,6817,0,2129,8946,5035005612
Ils ont choisi de vivre nus 👔👋 #EnModeVHS #documentaire,https://www.youtube.com/watch?v=cWeQvMkPX0o,0.007847,0.009113,0.015010,0.499634,0.250027,31.400932,2024-01-12 17:30:03,55,0.0141,398.0000,0.0159,28195,398,0,50,448,12631360
"TDAH chez l’adulte, le cerveau en ébullition | ARTE Regards",https://www.youtube.com/watch?v=_KuV2hp47tA,0.012311,0.009189,0.001870,0.500758,4.634383,583.636758,2024-12-30 19:00:18,1958,0.0141,4496.0000,0.0159,317989,4496,0,553,5049,1605526461
Tchad : tracer l’avenir | ARTE Reportage,https://www.youtube.com/watch?v=8K5zzALbZ88,0.008209,0.009367,0.011854,0.499508,0.315861,39.717399,2024-01-22 14:00:05,1491,0.0150,528.0000,0.0159,35271,528,0,32,560,19751760
La guerre d’indépendance américaine | Épisode 5 | L'âme de toute l'Amérique (1777-1780) | ARTE,https://www.youtube.com/watch?v=rQo9sooT4m4,0.007971,0.063707,0.028095,0.497561,52.160908,6539.130447,2026-06-26 19:00:30,6397,0.0154,185.0000,0.0159,12035,185,0,6,191,2298685
"Rome, une ville entre deux papes | ARTE Regards",https://www.youtube.com/watch?v=o_DxNk5SI3U,0.007401,0.009091,0.039123,0.497052,0.172183,21.550530,2025-05-09 09:01:14,1827,0.0136,122.0000,0.0159,8949,122,0,20,142,1270758
Teck en stock : enquête sur un bois interdit | Sources | ARTE,https://www.youtube.com/watch?v=NnBIRzg-bUA,0.008075,0.009301,0.013781,0.499390,0.230758,29.038454,2023-09-07 18:00:08,995,0.0148,441.0000,0.0159,29761,441,0,31,472,14047192
Tunisie : L'enfer des exilés #tunisie #exil #immigration #europe #artereportage,https://www.youtube.com/watch?v=_nc9P-9QuPs,0.008067,0.009505,0.012817,0.499571,0.935740,117.831571,2025-09-22 17:00:51,112,0.0146,481.0000,0.0159,32866,481,0,40,521,17123186
🔴En direct | Déambulation nocturne à Roubaix (feat @BastiUi)  AUTOUR DE MINUIT | REPLAY LIVE | ARTE,https://www.youtube.com/watch?v=Xl1qLkNr-5A,0.007952,0.009198,0.012492,0.499849,0.558002,70.278194,2025-02-14 12:43:37,9587,0.0141,496.0000,0.0159,35076,496,0,60,556,19502256
Combien gagnent les passeurs de migrants ? #migrant #immigration,https://www.youtube.com/watch?v=oMmvMcj6iDQ,0.007813,0.009365,0.024336,0.498314,0.237139,29.810083,2025-02-09 17:00:59,71,0.0147,221.0000,0.0158,15022,221,0,17,238,3575236
Peut-on mieux répartir la richesse ? | 42 - La réponse à presque tout | ARTE,https://www.youtube.com/watch?v=B-O161bR47s,0.011662,0.009432,0.002121,0.500324,4.200801,530.489824,2025-02-21 14:00:10,1660,0.0149,3897.0000,0.0158,261027,3897,0,236,4133,1078824591
Pompiers volontaires en sous-effectif | ARTE Regards,https://www.youtube.com/watch?v=3i2oGDDhIE8,0.008303,0.009395,0.010829,0.499499,0.328999,41.505101,2023-12-05 11:00:04,1789,0.0151,588.0000,0.0158,38856,588,0,27,615,23896440
Un policier convoqué par l’IGPN pour avoir blessé un bébé ? Désintox | ARTE,https://www.youtube.com/watch?v=ax6g_N3zSvQ,0.007824,0.009148,0.018073,0.499135,0.144294,18.199222,2023-03-03 20:00:02,60,0.0144,318.0000,0.0158,22072,318,0,31,349,7703128
Tous empoisonnés : le fléau des PFAS | Documentaire | ARTE,https://www.youtube.com/watch?v=ej0wRCN6pCE,0.009654,0.010068,0.003696,0.500581,12.399825,1567.886646,2026-03-27 16:30:10,5361,0.0142,2064.0000,0.0158,145727,2064,0,240,2304,335755008
Italie : la force des porteuses de Santa Rosa | ARTE Regards,https://www.youtube.com/watch?v=KIb8mE1BwJw,0.007887,0.010507,0.029650,0.497434,1.100767,138.635826,2026-04-07 10:00:35,1829,0.0152,173.0000,0.0158,11398,173,0,7,180,2051640
L'IA au service de la propagande russe en Ukraine ? Désintox | ARTE,https://www.youtube.com/watch?v=nzLlH_dQ3MY,0.007388,0.008766,0.022158,0.499316,0.134826,17.027698,2023-06-15 19:00:30,96,0.0131,248.0000,0.0158,18881,248,0,50,298,5626538
Quand les raves de Laurent Garnier en France sont devenues une réalité  #techno #rave,https://www.youtube.com/watch?v=_eWJKl09I2o,0.008443,0.009523,0.009325,0.499539,0.764333,96.792404,2025-03-10 17:00:44,120,0.0153,702.0000,0.0158,45969,702,0,23,725,33327525
Conférence | Nouvelle Saison 2023 | ARTE,https://www.youtube.com/watch?v=J0dx5L3Gfqc,0.007737,0.009303,0.043995,0.495709,0.054635,6.867394,2023-09-07 15:27:19,5174,0.0149,105.0000,0.0158,7039,105,0,6,111,781329
"TikTok, un réseau sous influence (1/2) | Naissance d’un géant chinois | ARTE",https://www.youtube.com/watch?v=Ms8MifhU8qs,0.008174,0.011734,0.009591,0.499992,10.165394,1288.304171,2026-05-22 19:00:11,2759,0.0143,679.0000,0.0158,47462,679,0,69,748,35501576
Qu'est-ce que la proprioception ? | ARTE,https://www.youtube.com/watch?v=gHi-5_H9ywI,0.011927,0.009289,0.002000,0.500234,1.020576,129.500479,2020-08-20 14:59:54,405,0.0151,4167.0000,0.0158,276873,4167,0,196,4363,1207996899
Comment réagiriez-vous au milieu de tous ces requins ? 🦈| En mode | ARTE #documentaire,https://www.youtube.com/watch?v=UlMowzLmHB8,0.008732,0.009298,0.006556,0.499924,0.464738,58.948259,2023-03-12 17:30:05,56,0.0150,1062.0000,0.0158,70968,1062,0,56,1118,79342224
Ukraine : le théâtre pour se jouer de la guerre | ARTE Reportage,https://www.youtube.com/watch?v=8fvdPvJRu7U,0.007607,0.009174,0.035912,0.497037,0.103166,13.015370,2024-07-01 15:30:02,1473,0.0144,136.0000,0.0157,9462,136,0,13,149,1409838
Cet homme a tout perdu #jeux #pari #parisenligne #arteinfo #arte #hebdo,https://www.youtube.com/watch?v=6JcGj-ps8kw,0.007933,0.009766,0.022454,0.498269,0.646500,81.819048,2025-12-13 10:00:10,89,0.0151,244.0000,0.0157,16136,244,0,10,254,4098544
Les vies de ma mère | Mon héroïne (1/3) | ARTE Radio Podcasts,https://www.youtube.com/watch?v=TW0azWyp97A,0.008236,0.009498,0.008897,0.500040,1.993428,253.133583,2025-12-05 17:01:02,1681,0.0143,742.0000,0.0157,51873,742,0,74,816,42328368
Collectivisation et remembrement | Une histoire de l’agriculture | ARTE,https://www.youtube.com/watch?v=kWlB-0UgzJI,0.007885,0.012309,0.027853,0.497624,2.965124,375.065411,2026-05-26 18:00:18,2618,0.0152,187.0000,0.0157,12333,187,0,7,194,2392602
La traduction est-elle toujours une trahison ? | ARTE Book Club  | REPLAY | ARTE,https://www.youtube.com/watch?v=HvPCF5UaEJE,0.007786,0.009192,0.021320,0.498672,0.153128,19.404885,2023-12-20 20:00:07,7485,0.0146,260.0000,0.0157,17868,260,0,21,281,5020908
Menaces sur la bière | Reportage | ARTE Regards,https://www.youtube.com/watch?v=dg48GfHHwaQ,0.007684,0.009343,0.022993,0.498622,0.448300,56.800633,2025-09-09 10:01:05,1937,0.0143,237.0000,0.0157,16598,237,0,24,261,4332078
"Les riches menacent-ils la démocratie ? | 42, la réponse à presque tout | ARTE",https://www.youtube.com/watch?v=MZXwHzgukPk,0.013183,0.009202,0.001605,0.500598,5.438283,691.809271,2025-01-05 14:00:24,1607,0.0143,5346.0000,0.0157,372919,5346,0,516,5862,2186051178
L'édit de Caracalla | Quand l'histoire fait dates | ARTE,https://www.youtube.com/watch?v=v7-Ukiy9yBs,0.010389,0.009523,0.002946,0.500172,4.357483,554.451324,2025-08-10 13:01:45,1587,0.0150,2678.0000,0.0157,178583,2678,0,128,2806,501103898
Des malades qui dansent jusqu'à la mort : Strasbourg 1518,https://www.youtube.com/watch?v=yWm5G7nN9eA,0.010132,0.009899,0.003180,0.500260,9.789387,1245.709795,2026-02-15 09:01:19,175,0.0148,2454.0000,0.0157,165999,2454,0,154,2608,432925392
Hippisme : la dangereuse course de Pardubice | ARTE Regards,https://www.youtube.com/watch?v=i4hVZGaeu9I,0.007647,0.012689,0.027616,0.498051,3.821358,484.210099,2026-06-01 10:00:30,1839,0.0143,189.0000,0.0157,13178,189,0,18,207,2727846
"Suisse : à Blatten enseveli, repartir de zéro | ARTE Regards",https://www.youtube.com/watch?v=RDaNfhciJPE,0.007932,0.011282,0.010955,0.500069,7.994593,1017.557665,2026-05-18 10:00:39,1825,0.0138,580.0000,0.0157,41939,580,0,78,658,27595862
L'ennui - Un sentiment digne d'intérêt | Documentaire | ARTE,https://www.youtube.com/watch?v=3CxbIp24vj8,0.008583,0.010592,0.006992,0.499964,7.714754,983.531815,2026-04-21 15:30:02,3114,0.0147,985.0000,0.0157,66867,985,0,63,1048,70076616
Un livre pour ma vie : Yuval Noah Harari | ARTE,https://www.youtube.com/watch?v=C27aeb001gs,0.007614,0.008794,0.012751,0.500288,0.537981,68.557050,2025-01-02 19:00:09,3339,0.0130,484.0000,0.0157,37147,484,0,98,582,21619554
Mort et phantômes | PhantasIA #6 | ARTE,https://www.youtube.com/watch?v=AlLQsSeFCUU,0.007730,0.009905,0.028467,0.497752,0.779695,99.073218,2026-02-23 14:00:18,1967,0.0147,182.0000,0.0157,12389,182,0,12,194,2403466
L'insomnie | Psycho | ARTE,https://www.youtube.com/watch?v=RiSpmFlX5XU,0.008967,0.009058,0.005038,0.500351,0.646495,82.531121,2023-02-18 19:00:17,1577,0.0143,1443.0000,0.0157,101170,1443,0,141,1584,160253280
"Maladies orphelines, maladies oubliées | ARTE",https://www.youtube.com/watch?v=z2O37y90vMI,0.009198,0.008867,0.004152,0.500932,2.184763,279.132069,2025-02-24 19:00:45,5528,0.0132,1805.0000,0.0156,136451,1805,0,330,2135,291322885
La cueillette alimentaire urbaine  | ARTE Regards,https://www.youtube.com/watch?v=S6xCXGaW_R4,0.007738,0.009066,0.015982,0.499465,0.349305,44.545274,2024-11-14 11:00:27,1837,0.0140,369.0000,0.0156,26334,369,0,43,412,10849608
"Anamocot, la réponse de la mygale | La Lucarne | ARTE",https://www.youtube.com/watch?v=ujP-83KEO_g,0.007187,0.009268,0.030068,0.498474,0.749063,95.296644,2026-02-09 19:00:57,5355,0.0128,170.0000,0.0156,13231,170,0,37,207,2738817
Le Groenland bientôt américain ? #usa #groenland #arteinfo #arte,https://www.youtube.com/watch?v=_OBnu75hyoY,0.007773,0.009511,0.016658,0.499288,1.073094,136.895716,2025-12-30 07:30:20,116,0.0142,351.0000,0.0156,24685,351,0,35,386,9528410
Agriculture bio : avec ou sans OGM ?  | Les questions qui fâchent (2024) | ARTE,https://www.youtube.com/watch?v=8o7pzynBEno,0.007804,0.008603,0.008660,0.500940,0.891930,114.072535,2025-01-04 19:00:07,1585,0.0124,766.0000,0.0156,61581,766,0,196,962,59240922
"Les amish, la vie au passé | Documentaire | ARTE",https://www.youtube.com/watch?v=OvUqnrdPTDA,0.008144,0.025959,0.009450,0.499958,64.429069,8242.330900,2026-06-22 18:00:03,2616,0.0143,691.0000,0.0156,48485,691,0,66,757,36703145
Le prédateur des océans 😱 #chasse #documentaire,https://www.youtube.com/watch?v=AG4rWq7hVQY,0.008230,0.009454,0.013329,0.498964,0.273665,34.987775,2024-03-04 17:00:09,48,0.0155,459.0000,0.0156,29597,459,0,3,462,13673814
COUPS DE COEUR - DU 06 AU 12 AVRIL - ARTE,https://www.youtube.com/watch?v=lhHOxQ2bG2s,0.007670,0.009179,0.046052,0.495375,0.027496,3.494885,2021-04-06 06:30:02,131,0.0148,99.0000,0.0156,6673,99,0,5,104,693992
Géorgie : des bébés volés et vendus | ARTE Regards,https://www.youtube.com/watch?v=9B1CKgBeJoQ,0.007934,0.009722,0.012471,0.499629,2.081829,267.165485,2026-02-18 11:00:12,1810,0.0143,497.0000,0.0156,34778,497,0,44,541,18814898
Vacances en zone de guerre | ARTE,https://www.youtube.com/watch?v=2rOKAyoOc6U,0.007216,0.033744,0.047162,0.495956,14.172749,1807.589957,2026-06-24 15:30:10,3476,0.0133,96.0000,0.0155,7206,96,0,16,112,807072
La rue : la scène artistique la plus dure ? | Twist | ARTE,https://www.youtube.com/watch?v=lewM2xeUFUI,0.007808,0.009652,0.020672,0.498564,0.817890,104.878659,2026-01-04 19:00:57,1822,0.0147,270.0000,0.0155,18337,270,0,15,285,5226045
Y vivre et se laisser porter : les balcons | Autour de la maison | ARTE,https://www.youtube.com/watch?v=0_le8sgAUTw,0.007936,0.010104,0.012007,0.499697,3.347585,430.208799,2026-04-04 15:30:00,1598,0.0142,520.0000,0.0155,36562,520,0,48,568,20767216
DJ Mehdi : Made in France (3/6) | Hip-hop vs. électro | ARTE,https://www.youtube.com/watch?v=ea9E9V-jd_s,0.021527,0.009313,0.000701,0.500232,10.778597,1387.585478,2024-09-14 15:30:12,1879,0.0150,13567.0000,0.0155,904687,13567,0,487,14054,12714471098
Sur quel allié l'Iran peut-il encore compter ? | Décryptage | ARTE Info,https://www.youtube.com/watch?v=IIHDikXiN_k,0.010055,0.009346,0.003038,0.501128,12.972875,1672.285932,2026-02-28 11:00:27,581,0.0129,2586.0000,0.0155,200965,2586,0,531,3117,626407905
"Serbie, un pays en ébullition  | Tracks East | ARTE",https://www.youtube.com/watch?v=YzZ4h6YxTAA,0.007943,0.009040,0.010514,0.499990,0.751851,96.815487,2025-04-01 18:00:33,1809,0.0139,609.0000,0.0155,43846,609,0,71,680,29815280
Les ordinateurs peuvent-ils trouver notre âme soeur ? 💘,https://www.youtube.com/watch?v=29DrRXQSv30,0.007873,0.010123,0.027499,0.497503,0.864085,110.861251,2026-03-08 09:00:03,153,0.0153,190.0000,0.0155,12445,190,0,3,193,2401885
🎮 C'est comment le métier de développeur·euse de jeux vidéo ? #gamejam #arte,https://www.youtube.com/watch?v=8ikFarzaRCU,0.008816,0.009387,0.006514,0.499533,0.439329,56.607445,2023-02-25 17:30:02,60,0.0155,1070.0000,0.0155,68999,1070,0,0,1070,73828930
L’IA au service de la guerre : l’arme fatale ? | Les questions qui fâchent | ARTE,https://www.youtube.com/watch?v=Q90BknbwSOo,0.007981,0.009952,0.012085,0.499564,2.692903,346.826464,2026-03-17 14:00:42,1737,0.0144,516.0000,0.0155,35740,516,0,38,554,19799960
JOUR DE GLOIRE | Film tourné EN DIRECT | Rediffusion | ARTE,https://www.youtube.com/watch?v=slLsKk29-6U,0.008834,0.009048,0.005458,0.500142,0.462360,59.643501,2022-04-24 18:23:29,4175,0.0144,1315.0000,0.0155,91008,1315,0,95,1410,128321280
Au cœur de la Cañada Real  (2022) | ARTE Regards,https://www.youtube.com/watch?v=DL8JhYcYOcM,0.007306,0.008488,0.014614,0.500375,0.378536,48.775558,2024-08-13 10:00:14,1959,0.0123,411.0000,0.0155,33373,411,0,106,517,17253841
USA : Immersion dans un bastion trumpiste | ARTE Reportage,https://www.youtube.com/watch?v=B1ZB4G8g9XQ,0.008291,0.007736,0.005053,0.502520,1.914246,247.176512,2024-11-08 19:00:10,766,0.0097,1438.0000,0.0155,147525,1438,0,846,2284,336947100
Quels sont les effets des jeux vidéo sur le corps ? | Scope | ARTE,https://www.youtube.com/watch?v=IG_UlMXJ5-I,0.007502,0.008987,0.030068,0.497779,0.115733,14.876592,2024-04-07 10:00:17,8155,0.0141,170.0000,0.0155,12083,170,0,17,187,2259521
Replay Direct « La Genèse » | ARTE Book Club | ARTE,https://www.youtube.com/watch?v=zVUazTrreNs,0.007478,0.008681,0.016777,0.499673,0.118950,15.334850,2021-10-21 19:45:46,4900,0.0133,348.0000,0.0155,26235,348,0,58,406,10651410
La fin de l'interventionisme américain ? #Trump #Politique #Documentaire,https://www.youtube.com/watch?v=7JE7UKW3YII,0.007974,0.009250,0.013021,0.499361,0.569521,73.552445,2025-04-15 16:00:10,165,0.0146,472.0000,0.0155,32287,472,0,27,499,16111213
"-399, le procès de Socrate | Quand l'histoire fait dates | ARTE",https://www.youtube.com/watch?v=UvOPy_iay0w,0.013815,0.009458,0.001434,0.500109,9.469995,1225.944136,2025-08-03 15:30:17,1598,0.0151,6076.0000,0.0154,403319,6076,0,154,6230,2512677370
-221 : fondation de l’empire chinois | Quand l'histoire fait dates | ARTE,https://www.youtube.com/watch?v=SHZSwUzPqPQ,0.011176,0.009432,0.002320,0.500265,7.772479,1007.196931,2025-11-01 14:00:48,1597,0.0146,3519.0000,0.0154,240769,3519,0,196,3715,894456835
"""De sang-froid"" de Truman Capote | Six morts dans la nuit | ARTE",https://www.youtube.com/watch?v=Q-5H9saIQCM,0.008459,0.010154,0.007573,0.499757,5.077360,657.474730,2026-03-28 11:00:22,3194,0.0148,897.0000,0.0154,60602,897,0,38,935,56662870
Brésil : au pays des bolsonaristes | ARTE Reportage,https://www.youtube.com/watch?v=wzgkGGI6XuY,0.007483,0.007774,0.007631,0.502061,0.617636,80.013229,2023-07-03 09:00:37,1468,0.0102,889.0000,0.0154,87315,889,0,458,1347,117613305
🇪🇺 Europe : le grand tournant démographique ? I EUROGUESSR,https://www.youtube.com/watch?v=Py3N3xEfL0I,0.007207,0.008928,0.026929,0.498679,0.478006,61.705805,2025-10-27 21:52:32,11872,0.0130,195.0000,0.0154,15039,195,0,37,232,3489048
La guerre d’indépendance américaine | Épisode 2 | Une terre d’idéaux (1775-1776) | ARTE,https://www.youtube.com/watch?v=K3IPrtyWZF0,0.008007,0.029784,0.014526,0.499012,44.107178,5705.423644,2026-06-23 19:00:28,6996,0.0150,414.0000,0.0154,27617,414,0,12,426,11764842
ARTE fête ses 30 ans avec Éric Toledano et Olivier Nakache #shorts,https://www.youtube.com/watch?v=CqpLqk1bwbw,0.007771,0.009181,0.027041,0.497667,0.067442,8.703086,2022-05-30 11:18:55,57,0.0150,194.0000,0.0154,12969,194,0,6,200,2593800
Yémen : la fureur des Houthi | ARTE Reportage,https://www.youtube.com/watch?v=ENCKTcnFJjY,0.013593,0.007850,0.001715,0.502469,5.269930,683.534216,2024-07-22 15:30:03,1519,0.0103,4960.0000,0.0154,482566,4960,0,2480,7440,3590291040
"Laser Disc #12 feat JACQUES, @ClaraDoxal, @CallingMarianMusic & @OWLLEMUSIC | ARTE",https://www.youtube.com/watch?v=0rgMxgdayqY,0.007728,0.009195,0.034513,0.496737,0.054092,6.971241,2022-09-29 14:00:02,4344,0.0150,143.0000,0.0154,9537,143,0,4,147,1401939
Famille d’accueil : une nouvelle vie en Grèce | ARTE Regards,https://www.youtube.com/watch?v=LscZI_sWBY4,0.007771,0.009265,0.021942,0.498339,0.282690,36.556223,2025-03-20 11:00:23,1825,0.0148,251.0000,0.0154,17005,251,0,11,262,4455310
800 - Le couronnement de Charlemagne | Quand l'histoire fait dates | ARTE,https://www.youtube.com/watch?v=U-MxcPG0-SI,0.010288,0.009418,0.002957,0.500147,5.221083,677.501565,2025-10-04 13:00:56,1589,0.0147,2667.0000,0.0154,180954,2667,0,121,2788,504499752
Faux et usage d'un faux antisémite | Documentaire | ARTE,https://www.youtube.com/watch?v=KrK9-mS3hFY,0.007245,0.008435,0.009900,0.501544,2.733140,354.770285,2026-01-08 14:00:37,3157,0.0108,654.0000,0.0154,60683,654,0,280,934,56677922
Des sous-vêtements pour hommes made in Sibérie | ARTE Regards,https://www.youtube.com/watch?v=Q8udiMj54oc,0.007548,0.008768,0.017144,0.499414,0.121454,15.740992,2022-02-28 19:00:14,1952,0.0136,339.0000,0.0154,24884,339,0,44,383,9530572
Un clip de rap pour une campagne électorale au Chili #election #chili #politique #arteinfo,https://www.youtube.com/watch?v=Nh7VQqXtsbE,0.007947,0.009567,0.016388,0.498796,0.825395,107.000770,2025-11-17 17:00:44,105,0.0150,358.0000,0.0154,23853,358,0,9,367,8754051
Trouble de la personnalité multiple : vivre avec 50 alters | #TDI,https://www.youtube.com/watch?v=AGvJQwHY-_Y,0.007842,0.009569,0.016018,0.499041,1.121933,145.482089,2026-01-06 06:30:08,180,0.0146,368.0000,0.0154,25221,368,0,20,388,9785748
Sexualité : Fais pulser tes pulsions ! | Streetphilosophy | ARTE,https://www.youtube.com/watch?v=zxKEqpC7pDg,0.007983,0.008542,0.007765,0.500670,0.314420,40.847952,2021-12-17 19:00:21,1547,0.0129,871.0000,0.0154,67556,871,0,168,1039,70190684
Et si nous étudiions les chauves-souris ? 🦇🔍🦠  #épidémie  #documentaire  #arte,https://www.youtube.com/watch?v=luRGeIRB3FM,0.007775,0.009187,0.024159,0.498002,0.121214,15.704281,2023-11-18 18:30:36,60,0.0149,223.0000,0.0154,14964,223,0,7,230,3441720
Connaissez-vous le Wahhabisme ? 🤔🕌📜🕋  #wahabi  #arte #islam,https://www.youtube.com/watch?v=G94W17bh3_4,0.007555,0.008337,0.009651,0.500907,0.445603,57.915996,2023-11-07 18:30:10,60,0.0121,674.0000,0.0154,55823,674,0,184,858,47896134
"🔎 Stream React « Pédocriminalité, les failles d'Instagram » I LE DOCK avec Ostpolitik | LIVE I ARTE",https://www.youtube.com/watch?v=RmvQDxarNCw,0.007936,0.009215,0.014074,0.499165,0.431231,56.012103,2025-01-22 20:53:09,4538,0.0147,430.0000,0.0154,29225,430,0,19,449,13122025
"Pakistan, instabilité politique et fonte des glaciers #pakistan #actualité #arteinfo",https://www.youtube.com/watch?v=3aq1UkvBvFQ,0.008239,0.009401,0.009913,0.499419,0.991347,128.901734,2025-07-25 17:00:05,166,0.0150,653.0000,0.0154,43559,653,0,16,669,29140971
Afghanistan : une féministe face aux talibans | ARTE Reportage,https://www.youtube.com/watch?v=BmV5Pzc5T9o,0.008267,0.008621,0.006332,0.500759,0.884393,115.115122,2024-06-15 18:00:05,1483,0.0129,1106.0000,0.0154,85517,1106,0,207,1313,112283821
"Syrie, à l’épreuve du pouvoir | ARTE",https://www.youtube.com/watch?v=LYNg-OpGMmI,0.008613,0.008799,0.005312,0.500702,1.830684,238.385670,2025-04-23 15:30:14,3491,0.0132,1357.0000,0.0153,102741,1357,0,220,1577,162022557
Trafic de Fentanyl : le double jeu de la Chine | Sources | ARTE,https://www.youtube.com/watch?v=zxorpF2tUQo,0.011449,0.009099,0.002168,0.500412,4.458054,580.891372,2025-03-26 16:30:26,1026,0.0143,3801.0000,0.0153,266597,3801,0,290,4091,1090648327
"Fusion nucléaire, les promesses d’une énergie | ARTE",https://www.youtube.com/watch?v=0vk24y4Gk_M,0.008201,0.012351,0.007103,0.500447,20.621738,2686.228147,2026-06-01 19:00:17,3128,0.0134,967.0000,0.0153,72100,967,0,139,1106,79742600
La géo-ingénierie va-t-elle sauver le climat ? | 42 - La réponse à presque tout | ARTE,https://www.youtube.com/watch?v=aIB52KKfvP8,0.007237,0.008583,0.016697,0.500017,0.526713,68.516534,2025-05-14 13:00:01,1815,0.0125,350.0000,0.0153,28098,350,0,81,431,12110238
Pakistan : le renvoi forcé des réfugiés afghans | ARTE Reportage,https://www.youtube.com/watch?v=viG02VY6g5s,0.007603,0.007945,0.007473,0.501726,0.698992,91.086916,2023-12-14 14:00:45,743,0.0108,911.0000,0.0153,84442,911,0,384,1295,109352390
Russie : le retour de la délation | ARTE Reportage,https://www.youtube.com/watch?v=YFsyFwGOr0E,0.008084,0.007712,0.005501,0.502217,0.730805,95.295722,2022-10-17 18:00:23,754,0.0101,1303.0000,0.0153,128638,1303,0,669,1972,253674136
France : les bergers en colère | ARTE Regards,https://www.youtube.com/watch?v=UZ7aUayez5M,0.007583,0.011777,0.013138,0.499968,8.665508,1128.758441,2026-05-28 10:00:08,1822,0.0133,467.0000,0.0153,35235,467,0,73,540,19026900
"""Oppenheimer"", un film réaliste ? | ARTE",https://www.youtube.com/watch?v=L0Vr0h2ZU5o,0.007571,0.009024,0.021730,0.498650,0.274775,35.742571,2025-02-09 14:00:29,2548,0.0141,254.0000,0.0153,18016,254,0,22,276,4972416
Zelensky - un président affaibli? #ukraine #russie #zelensky #arte #arteinfo,https://www.youtube.com/watch?v=PNG1dss4gRc,0.007228,0.009278,0.024426,0.498891,1.012765,131.714043,2026-02-20 06:30:20,114,0.0130,220.0000,0.0153,16907,220,0,39,259,4378913
Le peuple Mpondo contre Shell | Documentaire | ARTE,https://www.youtube.com/watch?v=RsE50ED83Uk,0.007423,0.009239,0.043040,0.496002,0.236704,30.643079,2025-10-22 09:00:46,3345,0.0141,108.0000,0.0153,7638,108,0,9,117,893646
Dans l’enfer des prisons syriennes | Documentaire | ARTE,https://www.youtube.com/watch?v=VYIJTodnv2o,0.007779,0.009122,0.011035,0.500015,1.513612,197.411258,2025-11-25 14:00:53,3202,0.0135,575.0000,0.0153,42453,575,0,75,650,27594450
"France : J.O, les sportifs de l'exil | ARTE Reportage",https://www.youtube.com/watch?v=VUI_dh7xe8g,0.007858,0.009207,0.018456,0.498585,0.221532,28.854706,2024-07-08 15:30:08,1466,0.0149,310.0000,0.0153,20775,310,0,8,318,6606450
"""Dans mon souvenir, elle était vivante."" | Fragments #7 | ARTE",https://www.youtube.com/watch?v=d9UDlES18_Y,0.007513,0.008865,0.024980,0.498299,0.064279,8.362841,2021-07-04 10:30:05,1274,0.0141,214.0000,0.0153,15222,214,0,19,233,3546726
Eswatini : au bord de la rupture | ARTE Reportage,https://www.youtube.com/watch?v=LL108XchJ7U,0.009435,0.008785,0.003745,0.500618,1.438544,188.004434,2024-04-22 15:30:10,1491,0.0136,2033.0000,0.0153,149837,2033,0,259,2292,343426404
Cosy : un besoin de réconfort ? | Twist | ARTE,https://www.youtube.com/watch?v=W8x0TL10M6g,0.008038,0.009433,0.010987,0.499502,1.448720,189.153279,2025-11-30 19:00:35,1809,0.0146,578.0000,0.0153,39692,578,0,29,607,24093044
Les stéréotypes des narcissiques | Psycho | ARTE,https://www.youtube.com/watch?v=HGTQoZ-2PPI,0.019908,0.008830,0.000816,0.500653,5.132350,671.827335,2023-02-17 10:00:16,1573,0.0139,11448.0000,0.0153,824477,11448,0,1148,12596,10385112292
Réseaux sociaux et démocratie | Les questions qui fâchent | ARTE,https://www.youtube.com/watch?v=pnFw2nYt7lw,0.008427,0.008907,0.006658,0.500096,0.500006,65.421507,2023-05-26 15:30:10,1562,0.0141,1043.0000,0.0153,73860,1043,0,85,1128,83314080
"Jour De Play monte sur scène ! (ft Baghera Jones, Sylvqin et Anis Rhali) I ARTE",https://www.youtube.com/watch?v=V8Whftjsu6Q,0.007620,0.010272,0.029111,0.497521,1.219355,158.909485,2026-04-13 08:42:12,7641,0.0146,177.0000,0.0153,12120,177,0,8,185,2242200
Édith Piaf chante Stromae grâce à l'IA... #intelligenceartificielle #ia #musique,https://www.youtube.com/watch?v=auiVCpIM4TU,0.007396,0.008944,0.016503,0.499683,0.910640,119.041556,2025-11-12 18:30:03,106,0.0131,355.0000,0.0153,27125,355,0,59,414,11229750
"Le chanvre, cette fibre vertueuse | Reportage | ARTE Regards",https://www.youtube.com/watch?v=noZ_4D9G1jo,0.008122,0.009468,0.010043,0.499520,1.665233,218.085895,2025-12-09 11:01:36,1819,0.0147,643.0000,0.0152,43873,643,0,26,669,29351037
Je sais très très bien me laver les mains | Fragments #1 | ARTE,https://www.youtube.com/watch?v=rDXY_k_iVPw,0.007660,0.008858,0.016938,0.499105,0.092588,12.122037,2020-12-27 17:30:07,931,0.0141,344.0000,0.0152,24352,344,0,27,371,9034592
To Hell with the Ugly | Bande Annonce | ARTE,https://www.youtube.com/watch?v=KAN2l4Y0X7Q,0.007682,0.009005,0.020548,0.498541,0.127545,16.687544,2023-05-30 13:00:14,77,0.0145,272.0000,0.0152,18775,272,0,14,286,5369650
Argentine : le train de la discorde | ARTE Reportage,https://www.youtube.com/watch?v=aYOq71Tq2Fo,0.007969,0.008473,0.007363,0.500745,0.604586,79.348176,2023-12-18 16:30:00,1475,0.0127,927.0000,0.0152,73234,927,0,188,1115,81655910
Comment vivre avec le feu ? | 42 - La réponse à presque tout | ARTE,https://www.youtube.com/watch?v=DVlrBqoQDcU,0.007372,0.009113,0.038873,0.496593,0.239285,31.206308,2025-09-19 13:00:35,1704,0.0140,123.0000,0.0152,8803,123,0,11,134,1179602
COUPS DE COEUR - DU 09 AU 15 MARS - ARTE,https://www.youtube.com/watch?v=YwdWO26l7og,0.007475,0.008949,0.048333,0.495069,0.025557,3.324974,2021-03-09 18:35:55,131,0.0144,93.0000,0.0152,6440,93,0,5,98,631120
Liban : le déluge de feu | ARTE Reportage,https://www.youtube.com/watch?v=hNiEbB8ozWM,0.007811,0.008254,0.007191,0.501223,1.069186,140.422697,2024-11-26 16:30:09,1532,0.0117,953.0000,0.0152,81297,953,0,284,1237,100564389
Bermeja : Une île paumée | Bienvenue en Géozarbie | ARTE,https://www.youtube.com/watch?v=xUH6yBuW5LI,0.011310,0.009049,0.002229,0.500110,1.289148,169.409174,2022-06-12 16:30:14,601,0.0147,3684.0000,0.0152,250208,3684,0,123,3807,952541856
Recette pour une série culottée : Sophie Marie Larrouy & Ovidie + une pointe de parmesan 🧡,https://www.youtube.com/watch?v=8XzeWEwUnuU,0.007828,0.008999,0.014674,0.499135,0.178874,23.459904,2023-03-14 16:00:08,60,0.0145,409.0000,0.0152,28198,409,0,20,429,12096942
Israël : une jeunesse ultranationaliste | ARTE Reportage,https://www.youtube.com/watch?v=i7lfQfiAaHc,0.013571,0.007956,0.001673,0.502132,6.007001,789.578374,2024-11-04 14:00:44,1495,0.0108,5103.0000,0.0152,474575,5103,0,2117,7220,3426431500
La fuite des huguenots (1/2) | Le saut dans l’inconnu | ARTE,https://www.youtube.com/watch?v=q6w0EpUVE5o,0.007417,0.010070,0.013601,0.500099,4.461874,585.541543,2026-04-29 19:00:41,2869,0.0128,448.0000,0.0152,35039,448,0,85,533,18675787
Son métier ? Décrocher la lune pour un prince 💸 #podcast  #témoignage,https://www.youtube.com/watch?v=uQxD5RPQWYg,0.007852,0.009229,0.020243,0.498256,0.193379,25.345140,2024-07-04 16:00:49,36,0.0151,277.0000,0.0152,18349,277,0,2,279,5119371
Elections américaines 2024 : qu'en pensent les Russes ? | Tracks East | ARTE,https://www.youtube.com/watch?v=Ucc6zaC7wSQ,0.007450,0.008786,0.018755,0.499185,0.276705,36.305001,2024-10-18 15:30:13,1835,0.0135,304.0000,0.0152,22436,304,0,37,341,7650676
Modification du génome humain | Les questions qui fâchent | ARTE,https://www.youtube.com/watch?v=hWInN83Ems0,0.009084,0.008742,0.004308,0.500484,0.852587,112.152964,2023-05-25 13:00:26,1568,0.0136,1730.0000,0.0152,126743,1730,0,196,1926,244107018
L'histoire de Volodymyr Zelensky #Zelensky #Ukraine,https://www.youtube.com/watch?v=jsP8ll1NM4E,0.007715,0.009149,0.017662,0.498851,0.455187,59.783884,2025-06-14 16:01:09,84,0.0144,327.0000,0.0152,22656,327,0,17,344,7793664
Moi et les compulsions | Psycho | ARTE,https://www.youtube.com/watch?v=t6KJuHQnsgw,0.008058,0.009290,0.009991,0.499597,1.371565,180.442329,2025-10-23 09:01:15,1597,0.0144,647.0000,0.0152,44796,647,0,33,680,30461280
"Laser Disc 2023 : Kader Diaby 4Real, Raska et Sandra Gomes | ARTE",https://www.youtube.com/watch?v=EWKGVGYgmcM,0.007402,0.008969,0.072861,0.491308,0.031310,4.057370,2023-12-15 10:00:10,2406,0.0144,54.0000,0.0152,3758,54,0,3,57,214206
Cam Gaze : À la recherche des premières camgirls | Documentaire | ARTE,https://www.youtube.com/watch?v=xIIKR9Sf7_4,0.007925,0.009525,0.011283,0.499543,2.039906,268.554439,2026-02-02 19:01:03,3324,0.0143,560.0000,0.0152,39166,560,0,34,594,23264604
Mourait-on plus jeune avant ? | Est-il vrai que...? | ARTE,https://www.youtube.com/watch?v=DkYd9MxEFYs,0.010305,0.009035,0.002835,0.500415,4.517935,595.971776,2025-07-27 10:00:19,1457,0.0140,2799.0000,0.0152,200375,2799,0,238,3037,608538875
"Dopés aux anabolisants, ils se voient toujours trop minces | #musculation",https://www.youtube.com/watch?v=vH6F0TX5fYI,0.007447,0.009290,0.018358,0.499206,1.195672,157.418758,2026-02-02 06:30:37,116,0.0135,312.0000,0.0151,23040,312,0,37,349,8040960
Coopération au développement : qui aide qui ? | Les questions qui fâchent | ARTE,https://www.youtube.com/watch?v=PhSqVEWT4zg,0.008187,0.009101,0.008208,0.499816,1.219765,161.076564,2025-07-08 15:30:15,1586,0.0143,816.0000,0.0151,57180,816,0,49,865,49460700
"Microfermes, des exploitations très rentables | Reportage (2023) | ARTE Regards",https://www.youtube.com/watch?v=YICPZ27377o,0.011570,0.009036,0.002095,0.500480,7.065725,934.427753,2025-08-28 10:01:04,1958,0.0139,3953.0000,0.0151,284267,3953,0,345,4298,1221779566
"4 juillet 1776, la Déclaration d'indépendance américaine | Quand l'histoire fait dates | ARTE",https://www.youtube.com/watch?v=SaiA5q7qK2o,0.010042,0.009403,0.003143,0.499983,5.665446,749.327435,2025-11-15 14:00:57,1598,0.0147,2487.0000,0.0151,168635,2487,0,62,2549,429850615
Un vrai gameur n'a peur de rien ! 😰 #jourdeplay,https://www.youtube.com/watch?v=i1WMvysbxL0,0.007622,0.009134,0.028342,0.497483,0.182108,23.988122,2025-01-25 17:00:56,180,0.0147,183.0000,0.0151,12448,183,0,5,188,2340224
Les gens du Moyen Âge étaient-ils tous des platistes ? | Est-il vrai qu...? | ARTE,https://www.youtube.com/watch?v=s2ogHDYKOJc,0.008803,0.008418,0.004325,0.501377,3.945187,522.209998,2025-09-21 10:01:22,1437,0.0118,1722.0000,0.0151,146331,1722,0,488,2210,323391510
Mère de la Nation | Generation Africa | ARTE,https://www.youtube.com/watch?v=SpWahgaXSfQ,0.007333,0.008472,0.016018,0.499733,0.146411,19.352770,2022-06-17 18:00:15,3066,0.0129,368.0000,0.0151,28485,368,0,62,430,12248550
Fuis la solitude ! | Streetphilosophy | ARTE,https://www.youtube.com/watch?v=nM4a0J1HSjM,0.018039,0.008860,0.000926,0.500392,3.707533,491.307828,2022-08-05 14:00:32,1586,0.0142,9933.0000,0.0151,699155,9933,0,618,10551,7376784405
"29 mai 1453, la prise de Constantinople | Quand l'histoire fait dates | ARTE",https://www.youtube.com/watch?v=W1ykiA3qVxE,0.012073,0.009222,0.001898,0.500369,10.834746,1435.873270,2025-11-22 14:00:56,1598,0.0141,4422.0000,0.0151,313090,4422,0,302,4724,1479037160
"Vivre dans la forêt, sans eau ni électricité ? #minimalisme #reportage #arte",https://www.youtube.com/watch?v=5N49NE0l6fs,0.007672,0.009162,0.019949,0.498516,0.411468,54.361363,2025-07-06 09:00:05,88,0.0145,282.0000,0.0151,19421,282,0,11,293,5690353
Ecole : doit-elle redoubler ? | Square Idée | ARTE,https://www.youtube.com/watch?v=0LnvC64rQxE,0.008543,0.008529,0.005305,0.500625,0.577076,76.462913,2022-10-10 19:00:01,1619,0.0131,1359.0000,0.0151,103748,1359,0,206,1565,162365620
La géographie sacrée des Incas | Enquêtes archéologiques | ARTE,https://www.youtube.com/watch?v=67i0-p8ong0,0.008578,0.011508,0.006357,0.499740,14.559456,1928.928405,2026-05-20 19:00:06,1586,0.0147,1101.0000,0.0151,74921,1101,0,29,1130,84660730
Californium (Official Trailer) | Jeu vidéo | ARTE,https://www.youtube.com/watch?v=4XyJ_AENBQA,0.007312,0.008794,0.069111,0.492012,0.011735,1.531564,2019-02-21 10:45:32,58,0.0141,58.0000,0.0151,4111,58,0,4,62,254882
Irak : La guerre de la soif | ARTE Reportage,https://www.youtube.com/watch?v=yMCwGLjwM5E,0.007644,0.008825,0.013834,0.499508,0.391132,51.764401,2024-10-21 18:00:38,2137,0.0138,439.0000,0.0151,31829,439,0,41,480,15277920
L’e-sport : quand le jeu devient un sport (ft Laure Valée) I Jour De Play,https://www.youtube.com/watch?v=S2XshTcdLBQ,0.007070,0.011004,0.032371,0.497877,2.376791,313.710293,2026-05-21 08:17:36,10321,0.0129,155.0000,0.0151,12011,155,0,26,181,2173991
Syrie : seuls face au séisme  | ARTE Reportage,https://www.youtube.com/watch?v=s9wTmp5OEEI,0.007387,0.008750,0.023395,0.498534,0.148807,19.672773,2024-02-19 11:00:45,1457,0.0137,232.0000,0.0151,16922,232,0,23,255,4315110
La psychiatrie créative | Reportage | ARTE Regards,https://www.youtube.com/watch?v=oaXhjQwpbEI,0.007914,0.009208,0.010860,0.499573,1.311279,173.763452,2025-11-03 11:01:38,1838,0.0142,586.0000,0.0151,41212,586,0,35,621,25592652
Les Yéniches en quête de reconnaissance | ARTE Regards,https://www.youtube.com/watch?v=TGmWoDNTnaM,0.007292,0.008705,0.021801,0.498924,0.287326,38.004790,2025-02-12 11:00:41,1837,0.0133,253.0000,0.0151,19047,253,0,34,287,5466489
"Pays-Bas, la nourriture du futur ? | Reportage | ARTE Regards",https://www.youtube.com/watch?v=Gw3RFqtoMHI,0.008118,0.009011,0.007928,0.500008,1.523459,202.043029,2025-08-29 09:00:25,1933,0.0139,850.0000,0.0151,61271,850,0,73,923,56553133
Arthrose : vers de nouvelles thérapies | ARTE Regards,https://www.youtube.com/watch?v=1P5d8AFYgok,0.008657,0.009970,0.005302,0.500289,9.911485,1315.615041,2026-04-14 10:00:03,1840,0.0137,1360.0000,0.0151,98955,1360,0,130,1490,147442950
Vivre sur un supervolcan en Italie | ARTE Regards,https://www.youtube.com/watch?v=gqgkUFXFFbI,0.007717,0.008630,0.010356,0.500074,0.437616,58.052923,2024-04-16 10:00:38,1837,0.0133,620.0000,0.0151,46629,620,0,82,702,32733558
🎤 L'histoire du heavy metal #musique #documentaire,https://www.youtube.com/watch?v=Wf3Q1dQNvKE,0.007812,0.009127,0.018555,0.498430,0.198351,26.277944,2024-05-05 16:00:31,59,0.0150,308.0000,0.0150,20601,308,0,2,310,6386310
"Stream React « Miyazaki, l'esprit de la nature » présenté par Ultia I LE DOCK | REPLAY LIVE I ARTE",https://www.youtube.com/watch?v=DIViFhq1t7U,0.007498,0.008874,0.020184,0.498735,0.271787,36.078759,2024-12-23 17:29:28,8512,0.0140,278.0000,0.0150,19912,278,0,21,299,5953688
Lʹannée des dimanches sans voiture | ARTE,https://www.youtube.com/watch?v=lJv9ODlYhAI,0.007583,0.009876,0.014674,0.499419,2.800481,372.188936,2026-04-09 15:30:33,2590,0.0137,409.0000,0.0150,29770,409,0,38,447,13307190
"À Grindavik, vivre au rythme du volcan | ARTE Regards",https://www.youtube.com/watch?v=rl2it1dlhDw,0.007778,0.008895,0.013021,0.499335,0.319374,42.486375,2024-05-08 10:00:56,1826,0.0142,472.0000,0.0150,33191,472,0,26,498,16529118
☢️ Révolution énergétique ou mirage ? La vérité sur la fusion nucléaire | Scope | ARTE,https://www.youtube.com/watch?v=-lmpjHtGCGs,0.007694,0.009090,0.012471,0.499593,1.219680,162.372947,2025-11-18 20:28:12,7056,0.0138,497.0000,0.0150,36011,497,0,43,540,19445940
Félix contre le reste du monde | Documentaire | ARTE,https://www.youtube.com/watch?v=iYyOV7vCwqM,0.007263,0.009447,0.021121,0.499009,1.488113,197.819808,2026-03-19 20:00:29,3417,0.0132,263.0000,0.0150,19940,263,0,36,299,5962060
Serbie : une poubelle en Europe ? | ARTE Reportage,https://www.youtube.com/watch?v=TTRsg3mQBkA,0.007844,0.008409,0.008090,0.500480,0.297870,39.688858,2022-01-10 17:30:02,749,0.0128,830.0000,0.0150,64689,830,0,140,970,62748330
Enquête sur les faussaires des réseaux sociaux | Sources | ARTE,https://www.youtube.com/watch?v=sjW-jdKpsw8,0.010947,0.008980,0.002387,0.500265,4.253543,567.566131,2025-04-30 18:00:51,1105,0.0142,3407.0000,0.0150,240581,3407,0,198,3605,867294505
"En Italie, Yvan défend les ouvriers agricoles | ARTE Regards",https://www.youtube.com/watch?v=_5Wfn4azLuw,0.007145,0.008437,0.019949,0.499381,0.225306,29.983187,2024-06-17 10:00:35,1854,0.0127,282.0000,0.0150,22224,282,0,51,333,7400592
😲 Les bruits très étonnants des lynx  #animaux #nature,https://www.youtube.com/watch?v=DiSROiyu9PY,0.008061,0.008962,0.009712,0.499482,0.386507,51.536895,2024-01-16 17:30:02,31,0.0145,669.0000,0.0150,46069,669,0,21,690,31787610
Femmes courage de Ceuta | ARTE Regards,https://www.youtube.com/watch?v=aiNaGt8X2PM,0.007381,0.008020,0.009269,0.501052,0.422420,56.366780,2023-06-29 18:00:00,1925,0.0115,707.0000,0.0150,61715,707,0,217,924,57024660
L’Équateur face aux cartels de drogue #cartels #arte #arteinfo,https://www.youtube.com/watch?v=ccqTc3hhKdE,0.007409,0.009633,0.042428,0.495821,0.490025,64.894457,2026-03-02 06:30:19,127,0.0143,110.0000,0.0150,7681,110,0,5,115,883315
Méditerranée orientale : l’épreuve de force | ARTE Reportage,https://www.youtube.com/watch?v=NI7VXqlkVoY,0.011737,0.007584,0.002190,0.502278,1.334893,178.306603,2020-10-20 16:30:01,1394,0.0101,3758.0000,0.0150,370333,3758,0,1786,5544,2053126152
Liban : la fin du HEZBOLLAH ? | ARTE Reportage,https://www.youtube.com/watch?v=pNMUNbizXDU,0.008834,0.007849,0.004070,0.502238,5.245556,700.983645,2025-10-06 15:30:37,1505,0.0099,1847.0000,0.0150,185751,1847,0,932,2779,516202029
Main basse sur l'archipel : Sercq | Bienvenue en Géozarbie | ARTE,https://www.youtube.com/watch?v=NtIrGogPCp4,0.010926,0.008920,0.002407,0.500059,1.186648,158.608157,2022-06-26 16:30:03,620,0.0145,3375.0000,0.0150,232035,3375,0,96,3471,805393485
Voyager la peur au ventre | ARTE Regards,https://www.youtube.com/watch?v=nFL22ON16eA,0.007233,0.008389,0.013353,0.500272,0.669108,89.376611,2025-05-05 10:01:25,1827,0.0122,458.0000,0.0149,37468,458,0,102,560,20982080
Notre cerveau nous joue des tours (1/2) | Moi et mon cerveau | ARTE,https://www.youtube.com/watch?v=WQpgxp_1KTo,0.009860,0.009976,0.003230,0.500158,15.630759,2092.129321,2026-04-08 13:01:00,3231,0.0142,2410.0000,0.0149,169651,2410,0,124,2534,429895634
La guerre d’indépendance américaine | Épisode 1 | Au nom de la liberté (1754-1775) | ARTE,https://www.youtube.com/watch?v=rAHNZetUVHw,0.008353,0.025794,0.006535,0.500010,97.595847,13060.550142,2026-06-22 19:00:34,6526,0.0140,1066.0000,0.0149,76279,1066,0,73,1139,86881781
Quand les ouvriers deviennent patrons | Reportage 2025 | ARTE Regards,https://www.youtube.com/watch?v=v4SxzMUOJkg,0.007510,0.008991,0.016388,0.499184,0.759129,101.559418,2025-10-15 10:01:49,1833,0.0138,358.0000,0.0149,26021,358,0,30,388,10096148
"« J'ai donné une chance à un chat, j'ai pensé que j'allais mourir  » | FRAGMENTS | ARTE",https://www.youtube.com/watch?v=VO-xsADtQIs,0.007484,0.008743,0.021187,0.498528,0.076936,10.283506,2021-07-11 10:30:08,1288,0.0141,262.0000,0.0149,18646,262,0,16,278,5183588
Punk was invented by girls | Battlescar | Vidéo 360° | ARTE,https://www.youtube.com/watch?v=KcGlT9wTbbs,0.006802,0.008109,0.028467,0.498745,0.057257,7.647385,2021-01-14 15:00:05,1957,0.0120,182.0000,0.0149,15226,182,0,45,227,3456302
Pérou-Allemagne : le paysan contre le géant de l’énergie | ARTE Reportage,https://www.youtube.com/watch?v=aB-WJLmIGBI,0.007647,0.008776,0.014439,0.499241,0.214496,28.719212,2023-08-28 15:30:01,2179,0.0140,417.0000,0.0149,29724,417,0,26,443,13167732
Kenya : l’offensive des moustiques | ARTE Reportage,https://www.youtube.com/watch?v=aw1Lr5dk_ps,0.007669,0.008772,0.012492,0.499550,0.448960,60.158938,2024-11-07 14:00:02,761,0.0138,496.0000,0.0149,35978,496,0,40,536,19284208
Une épidémie de syphilis aux États-Unis? #mst #arte #expresso,https://www.youtube.com/watch?v=xg3Ekf8sVpw,0.009193,0.008924,0.004238,0.499930,1.063275,142.728273,2024-02-25 16:00:39,61,0.0145,1763.0000,0.0149,121885,1763,0,52,1815,221221275
1er janvier 1804 - L'indépendance d'Haïti | Quand l'histoire fait dates | ARTE,https://www.youtube.com/watch?v=5XUJg3g3rqw,0.013920,0.009046,0.001420,0.500342,11.922785,1601.351564,2025-09-28 13:00:21,1599,0.0140,6141.0000,0.0149,437314,6141,0,370,6511,2847351454
Comment un chimiste a découvert le LSD 🍄,https://www.youtube.com/watch?v=gDx5d6QsWpk,0.007686,0.009481,0.015073,0.499047,1.518026,203.452182,2026-02-12 06:30:31,146,0.0143,396.0000,0.0149,27743,396,0,17,413,11457859
📚😮 Le roman le plus controversé de son époque #litterature #sapienza,https://www.youtube.com/watch?v=p4-LvA_tK2k,0.008077,0.008784,0.008216,0.499817,0.489319,65.688538,2024-01-25 17:30:06,57,0.0140,815.0000,0.0149,58128,815,0,50,865,50280720
Cordistes : un métier sur le fil | Reportage | ARTE Regards,https://www.youtube.com/watch?v=I_JqCoK6oSY,0.007445,0.008765,0.011283,0.500236,1.702084,228.460354,2025-12-16 11:00:35,1825,0.0126,560.0000,0.0149,44361,560,0,100,660,29278260
Patrick cohen de C à Vous : chevalier de la légion d'honneur ? #désintox,https://www.youtube.com/watch?v=4i43BmEBJ6E,0.007410,0.008627,0.018407,0.499032,0.138191,18.523275,2023-02-10 20:00:04,60,0.0136,311.0000,0.0149,22854,311,0,29,340,7770360
"Brésil : entre gangs, narcotrafic et police, la revanche des mères | ARTE Reportage",https://www.youtube.com/watch?v=Guq-X9pon64,0.008202,0.010308,0.006636,0.500241,10.548061,1417.713996,2026-05-04 15:30:20,1546,0.0134,1047.0000,0.0149,77955,1047,0,112,1159,90349845
Et si on était sobre ? Le pouvoir de l’alcool | Twist | ARTE,https://www.youtube.com/watch?v=vrTYmtZoSDg,0.010225,0.008915,0.002814,0.500653,7.836223,1053.830266,2025-12-07 19:01:04,1799,0.0132,2823.0000,0.0149,213759,2823,0,355,3178,679326102
Sortir de la pharmacodépendance | ARTE Regards,https://www.youtube.com/watch?v=ITTC_z4e0Gk,0.007577,0.008589,0.011035,0.500020,0.660374,88.702192,2025-02-18 11:00:31,1831,0.0131,575.0000,0.0149,43923,575,0,78,653,28681719
"Israël, les ministres du chaos | Documentaire (2024) | ARTE",https://www.youtube.com/watch?v=Tkx43g-wnWs,0.008239,0.008444,0.005433,0.501146,3.664414,492.819584,2025-11-13 14:00:46,4174,0.0118,1322.0000,0.0149,111894,1322,0,341,1663,186079722
Ce terroriste est à la retraite 🤨 #histoire #témoignage,https://www.youtube.com/watch?v=3886myNrvKI,0.007833,0.008786,0.010632,0.499589,0.408992,54.997285,2024-05-09 16:00:03,60,0.0140,601.0000,0.0148,42896,601,0,36,637,27324752
Le business des fossiles de dinosaures | ARTE Regards,https://www.youtube.com/watch?v=Rhkkm89a_o8,0.007556,0.009591,0.015947,0.499104,1.895876,254.920870,2026-03-16 11:00:55,1821,0.0139,370.0000,0.0148,26556,370,0,24,394,10463064
Ceci est mon corps : quand le passé ressurgit #justice #eglise #aggression,https://www.youtube.com/watch?v=sVgxUKSSqBY,0.007526,0.009167,0.023898,0.498020,0.467520,62.759617,2025-10-21 09:01:27,101,0.0144,226.0000,0.0148,15706,226,0,7,233,3659498
Notre corps est-il prêt pour Mars ? | 42 - La réponse à presque tout | ARTE,https://www.youtube.com/watch?v=1gofENqv5bU,0.008197,0.009011,0.006514,0.500292,3.390265,456.824677,2026-01-03 16:30:01,1694,0.0133,1070.0000,0.0148,80376,1070,0,122,1192,95808192
Coup de chaud sur l’Arctique | Documentaire | ARTE,https://www.youtube.com/watch?v=muaFPp-tM3k,0.007896,0.010354,0.008383,0.500096,8.348788,1124.750959,2026-05-06 18:00:47,4977,0.0134,796.0000,0.0148,59479,796,0,86,882,52460478
Acheter sa viande sur Temu ? #chine #temu #arteinfo #expresso,https://www.youtube.com/watch?v=AIIGJkcvkfA,0.008688,0.009225,0.004955,0.500316,5.923568,799.516684,2026-02-12 07:30:10,113,0.0135,1471.0000,0.0148,108990,1471,0,143,1614,175909860
Une ambulance pour la Géorgie | Reportage | ARTE Regards,https://www.youtube.com/watch?v=n4Sldwpmuv0,0.007253,0.008965,0.058163,0.493628,0.121414,16.188541,2025-08-11 10:01:21,1839,0.0140,73.0000,0.0148,5200,73,0,4,77,400400
"Arabie Saoudite : les damnés de Neom, la ville du futur | Sources | ARTE",https://www.youtube.com/watch?v=oF72W9e6uCE,0.017149,0.008349,0.001063,0.501052,6.843023,924.742610,2024-06-26 15:30:22,984,0.0126,8513.0000,0.0148,676899,8513,0,1504,10017,6780497283
COUPS DE COEUR - 12 AU 18 JANVIER - ARTE,https://www.youtube.com/watch?v=mHE_DfK2kJk,0.007224,0.008665,0.054252,0.494262,0.021574,2.882893,2021-01-12 11:53:32,131,0.0139,80.0000,0.0148,5746,80,0,5,85,488410
Chili : asséché par les data centers | ARTE Reportage (2025),https://www.youtube.com/watch?v=JFeCT7aiunE,0.012121,0.009041,0.001874,0.500528,13.575964,1835.941254,2025-12-29 16:30:16,1499,0.0135,4487.0000,0.0148,332204,4487,0,425,4912,1631786048
Rome face aux cités adriatiques | Les Secrets cachés de l'Adriatique (3/3) | Documentaire | ARTE,https://www.youtube.com/watch?v=GxiGHeZcBK4,0.007452,0.010195,0.013576,0.499656,4.483220,605.377577,2026-05-03 15:30:08,2770,0.0132,449.0000,0.0148,33893,449,0,52,501,16980393
Vivre avec le cancer | ARTE Regards,https://www.youtube.com/watch?v=OD5gXO48AeU,0.007155,0.008613,0.025075,0.498467,0.273838,36.906514,2025-04-16 10:00:42,1819,0.0132,213.0000,0.0148,16173,213,0,26,239,3865347
Pourquoi avons-nous des limites ? | 42 - La réponse à presque tout | ARTE,https://www.youtube.com/watch?v=bS1UngiazuI,0.012537,0.009296,0.001723,0.499998,12.263122,1659.674492,2025-12-06 16:30:14,1758,0.0146,4934.0000,0.0148,338482,4934,0,67,5001,1692748482
Ukraine : le pays de l’intérieur | ARTE Reportage,https://www.youtube.com/watch?v=5LkkwuEEMm0,0.007564,0.008018,0.007936,0.500992,0.548680,74.207379,2023-10-17 13:00:08,1528,0.0116,849.0000,0.0148,73101,849,0,231,1080,78949080
À la frontière glacée de l’Otan | ARTE Regards,https://www.youtube.com/watch?v=VKpzjpOP9-I,0.007767,0.009711,0.012066,0.499336,2.778534,375.493084,2026-03-23 11:00:50,1836,0.0142,517.0000,0.0148,36488,517,0,22,539,19667032
"DJ Mehdi : Made in France (2/6) | Hardcore, jusqu'à la mort | ARTE",https://www.youtube.com/watch?v=dVZb370cHxk,0.028221,0.008813,0.000512,0.500310,15.462500,2093.819413,2024-09-13 16:45:02,2803,0.0141,19273.0000,0.0148,1367127,19273,0,918,20191,27603661257
"Le stress nous fait-il du bien ? | 42, la réponse à presque tout | ARTE",https://www.youtube.com/watch?v=3_XrYK9fTAo,0.015715,0.008902,0.001132,0.500055,4.525003,612.748489,2024-01-19 14:00:02,1784,0.0145,7934.0000,0.0148,545989,7934,0,129,8063,4402309307
Anne L'Huillier : les mystères de l'infiniment rapide... avec @BaladeMentale | Scope | REPLAY | ARTE,https://www.youtube.com/watch?v=Qohny7IygqQ,0.007424,0.008788,0.020124,0.498662,0.292279,39.453708,2025-02-03 20:17:01,7395,0.0139,279.0000,0.0148,20113,279,0,18,297,5973561
Une seconde sur Terre | Une espèce à part #3 | ARTE,https://www.youtube.com/watch?v=d8M9oLZLcbE,0.008210,0.008641,0.007022,0.499909,0.201312,27.260419,2019-06-02 14:00:04,212,0.0139,980.0000,0.0148,70415,980,0,59,1039,73161185
Mal-logement : vivre dans des conteneurs | ARTE Regards,https://www.youtube.com/watch?v=cbGCknCRLwQ,0.008032,0.008416,0.006735,0.500474,0.847876,114.888618,2024-07-30 10:00:37,1825,0.0128,1029.0000,0.0147,80217,1029,0,154,1183,94896711
Vivre avec des objets connectés | Internet de tout et n'importe quoi (2/2) | ARTE,https://www.youtube.com/watch?v=NUhPNjRv3Kk,0.007645,0.008696,0.014102,0.499166,0.100901,13.653507,2020-05-20 17:30:03,2146,0.0141,429.0000,0.0147,30446,429,0,20,449,13670254
House of Debt - L’inflation à tout prix : un cauchemar suédois | Documentaire | ARTE,https://www.youtube.com/watch?v=UrBvFr-5DZ8,0.007722,0.011203,0.007594,0.500750,17.085051,2315.149974,2026-05-27 19:00:09,3594,0.0121,894.0000,0.0147,73716,894,0,193,1087,80129292
Brexit : le regret après le vote | Regards | ARTE,https://www.youtube.com/watch?v=enHTgS8pBQE,0.017483,0.007837,0.001125,0.501852,7.574254,1027.516460,2024-07-16 10:00:39,1930,0.0109,7986.0000,0.0147,731813,7986,0,2802,10788,7894798644
Animal Crossing lui a brisé le coeur | #ultia #animalcrossing,https://www.youtube.com/watch?v=Rd0yr8BAlyE,0.007582,0.009248,0.017529,0.498727,0.938341,126.977872,2025-12-28 09:30:14,67,0.0143,330.0000,0.0147,23140,330,0,11,341,7890740
Piaf - Sans amour on n’est rien du tout | Documentaire | ARTE,https://www.youtube.com/watch?v=1fpwQYd_OwM,0.008306,0.008958,0.006674,0.499851,1.719881,233.222131,2025-08-15 18:00:02,3612,0.0141,1040.0000,0.0147,73904,1040,0,49,1089,80481456
Filmer la guerre: profession fixeuse #reportage #arte #actualité #arteinfo,https://www.youtube.com/watch?v=eS4n6l2HjDY,0.007542,0.008913,0.018358,0.498675,0.383324,51.870205,2025-04-30 17:00:53,127,0.0142,312.0000,0.0147,21989,312,0,12,324,7124436
"Exister ou disparaître | Kiev, un opéra en guerre (2/4) | ARTE",https://www.youtube.com/watch?v=ZYf4stiXvsQ,0.006783,0.008221,0.042732,0.496644,0.067053,9.040370,2023-10-25 19:00:18,1361,0.0123,109.0000,0.0147,8831,109,0,21,130,1148030
Les cryptomonnaies sont-elles le futur ? (2021) | 42 - La réponse à presque tout | ARTE,https://www.youtube.com/watch?v=YbMsx2ERqBk,0.009250,0.008827,0.003859,0.500287,3.419975,464.603866,2025-08-22 13:01:12,1724,0.0136,1964.0000,0.0147,144069,1964,0,156,2120,305426280
Vous vous êtes fait avoir ? C'est que votre cerveau est normal ! 🎩✨,https://www.youtube.com/watch?v=eFhvryIuUPc,0.007215,0.009770,0.026600,0.498101,1.420099,192.125689,2026-04-13 05:30:17,116,0.0135,198.0000,0.0147,14679,198,0,18,216,3170664
"Les agents secrets, des humains sans conscience ? | Est-il vrai que...? | ARTE",https://www.youtube.com/watch?v=rQVahW2EjAg,0.008242,0.009117,0.007078,0.499755,2.323033,315.794330,2025-11-23 11:01:39,1450,0.0142,971.0000,0.0147,68582,971,0,37,1008,69130656
Pourquoi Jim Morrison est enterré à Paris ? 🎤🎸🇫🇷  #arte #documentaire #rockstar,https://www.youtube.com/watch?v=zQaNHeOxJTM,0.007817,0.008705,0.010273,0.499571,0.356040,48.379413,2023-12-14 18:30:40,52,0.0140,626.0000,0.0147,44841,626,0,33,659,29550219
Espèces invasives : sont-elles si nocives ? | 42 - La réponse à presque tout | ARTE,https://www.youtube.com/watch?v=ggauqTeboCs,0.007579,0.008383,0.009762,0.500193,0.513379,69.799335,2024-06-14 13:00:54,1511,0.0128,665.0000,0.0147,51937,665,0,98,763,39627931
"Madagascar : silence, on meurt | ARTE Reportage",https://www.youtube.com/watch?v=0Usw7X9ktQM,0.013209,0.008097,0.001637,0.501183,1.774781,241.748551,2021-08-09 18:00:01,740,0.0121,5228.0000,0.0147,431251,5228,0,1103,6331,2730250081
"Cap Corse, le mystère des anneaux | Documentaire | ARTE",https://www.youtube.com/watch?v=Dz6nGBS8y7Q,0.007752,0.017727,0.010499,0.499622,29.864695,4064.998518,2026-06-17 18:00:05,5527,0.0138,610.0000,0.0147,44237,610,0,39,649,28709813
"Sport ou loisir, la pêche a la cote | ARTE Regards",https://www.youtube.com/watch?v=zq76At2msf4,0.008011,0.008391,0.006604,0.500529,1.185038,161.473839,2025-01-29 11:01:18,1821,0.0127,1053.0000,0.0147,83187,1053,0,167,1220,101488140
"Pendant longtemps, Inès a menti #deuil #mort",https://www.youtube.com/watch?v=cIs2xfRKRdA,0.007556,0.008813,0.015982,0.498935,0.376033,51.206854,2025-02-01 17:00:42,57,0.0141,369.0000,0.0146,26214,369,0,15,384,10066176
Mozzarella: Le fromage de la souffrance  | ARTE Regards,https://www.youtube.com/watch?v=BW2UZtUstFQ,0.007449,0.008133,0.009325,0.500563,0.485761,66.283847,2024-02-03 16:30:03,1921,0.0121,702.0000,0.0146,58061,702,0,148,850,49351850
"Le fouet, une jouissance coupable | Faire l'histoire | ARTE",https://www.youtube.com/watch?v=oxmwNENhPkA,0.007416,0.008353,0.012265,0.499859,0.216906,29.583121,2022-11-13 11:30:13,966,0.0130,507.0000,0.0146,39143,507,0,66,573,22428939
Mobutu - Maître du jeu (3/4) | Descente aux enfers | ARTE,https://www.youtube.com/watch?v=cgxbetFKe_I,0.007896,0.014021,0.008148,0.500004,25.195459,3438.745706,2026-06-10 19:00:25,3300,0.0134,823.0000,0.0146,61349,823,0,75,898,55091402
"Leur Camargue, baromètre de la montée des eaux | ARTE Regards",https://www.youtube.com/watch?v=pJ_d-2JEaaY,0.007429,0.008320,0.011133,0.500073,0.382070,52.179627,2024-02-22 11:00:45,1810,0.0127,569.0000,0.0146,44727,569,0,85,654,29251458
Y a-t-il une autre Terre dans l’univers ? | 42 - La réponse à presque tout | ARTE,https://www.youtube.com/watch?v=WJHNddIKSps,0.007481,0.014535,0.011798,0.499813,18.426711,2516.535678,2026-06-12 13:00:03,1760,0.0131,531.0000,0.0146,40493,531,0,61,592,23971856
L'oligarque et le marchand d'art (1/3) | Documentaire | ARTE,https://www.youtube.com/watch?v=UPCfdD4Q0xQ,0.007562,0.016821,0.011283,0.499751,25.970176,3551.537688,2026-06-16 19:00:26,3480,0.0133,560.0000,0.0146,42052,560,0,54,614,25819928
Cro-Magnon était-il plus bête que nous ? | 42 - La réponse à presque tout | ARTE,https://www.youtube.com/watch?v=INEFkbZgDLE,0.008010,0.008751,0.007425,0.500021,1.643074,224.840466,2025-08-29 13:00:30,1758,0.0135,918.0000,0.0146,68147,918,0,77,995,67806265
Tuer le temps | C'est juste une question de temps (3/4) | ARTE,https://www.youtube.com/watch?v=muoR1gLHxnU,0.007319,0.008551,0.019278,0.498813,0.170788,23.355455,2023-12-13 14:00:36,781,0.0136,294.0000,0.0146,21675,294,0,22,316,6849300
Les exploreurs d'internet | Frames Festival 2024 | ARTE,https://www.youtube.com/watch?v=ibS8VkimWco,0.007200,0.008658,0.040979,0.496051,0.077781,10.583263,2024-05-05 09:00:27,5340,0.0139,115.0000,0.0146,8300,115,0,6,121,1004300
La Sicile en proie à la sécheresse | ARTE Regards,https://www.youtube.com/watch?v=Cvj19iDTnXY,0.007068,0.008248,0.013993,0.500136,0.734011,100.560868,2025-07-04 15:30:07,1837,0.0120,433.0000,0.0146,36100,433,0,93,526,18988600
Stalingrad - Les voix de la mémoire | Documentaire | ARTE,https://www.youtube.com/watch?v=umoUtcYPzk0,0.007609,0.009202,0.009370,0.500133,3.841872,526.826980,2026-03-17 16:30:31,5338,0.0129,698.0000,0.0146,54234,698,0,92,790,42844860
"Téhéran, les bombardements s'intensifient #iran #trump #artereportage",https://www.youtube.com/watch?v=3aKEtVi4t2Y,0.007446,0.009767,0.016503,0.498984,2.368905,324.388744,2026-04-10 06:30:06,108,0.0138,355.0000,0.0146,25744,355,0,20,375,9654000
"Espagne : Canaries, une île sous pression | ARTE Reportage",https://www.youtube.com/watch?v=zyjJewmLa7Q,0.008235,0.007234,0.004793,0.502263,0.602587,82.731573,2021-02-04 19:00:30,1445,0.0094,1529.0000,0.0146,162968,1529,0,844,2373,386723064
Vive les microbes ! | ARTE,https://www.youtube.com/watch?v=YGI_AYTY9ow,0.007604,0.010571,0.012953,0.499286,5.082494,696.759961,2026-05-10 13:01:03,5683,0.0139,475.0000,0.0146,34204,475,0,23,498,17033592
Le Bon Dieu il s'est trompé ! | Fragments #3 | ARTE,https://www.youtube.com/watch?v=cyACxmzkfhg,0.006866,0.008065,0.022529,0.499151,0.073187,10.020035,2021-01-10 17:30:04,990,0.0122,243.0000,0.0146,19989,243,0,48,291,5816799
Pesticides : l’hypocrisie européenne | Documentaire (2022) | ARTE,https://www.youtube.com/watch?v=WSU00aWQAl8,0.007741,0.008971,0.009544,0.499793,2.035367,279.306494,2025-12-29 14:01:02,4910,0.0135,683.0000,0.0146,50568,683,0,53,736,37218048
Pourquoi Garry Kasparov a-t-il autant d'aura ? #echecs #kasparov,https://www.youtube.com/watch?v=WuzQksOzTM8,0.007275,0.008544,0.017933,0.499069,0.324171,44.418754,2025-01-01 17:00:27,52,0.0133,321.0000,0.0146,24116,321,0,30,351,8464716
"Religieuses abusées, l'autre scandale de l'Église | Documentaire (2017) | ARTE",https://www.youtube.com/watch?v=L9iNkRVIQfM,0.009505,0.008945,0.003301,0.501319,16.908764,2323.680798,2026-04-01 13:00:34,5639,0.0115,2351.0000,0.0145,204694,2351,0,627,2978,609578732
Paresse : ne rien faire c'est bien ! | Streetphilosophy | ARTE,https://www.youtube.com/watch?v=b62hSFwZO-g,0.009369,0.008554,0.003665,0.500147,0.654575,89.974048,2021-11-19 15:00:20,1577,0.0138,2084.0000,0.0145,151337,2084,0,117,2201,333092737
Asie centrale : un nouvel enjeu pour Poutine ? | Tracks East | ARTE,https://www.youtube.com/watch?v=GkffdF7mZqE,0.007165,0.008407,0.017933,0.499252,0.308903,42.396475,2024-11-19 16:30:03,1922,0.0129,321.0000,0.0145,24842,321,0,40,361,8967962
"Les enterrements juifs, ça se passe comment ?",https://www.youtube.com/watch?v=kcdyH_3eNmA,0.007357,0.008495,0.013834,0.499566,0.489031,67.191049,2025-02-15 17:00:58,47,0.0131,439.0000,0.0145,33456,439,0,47,486,16259616
🔴En direct | Déambulation nocturne à Bastia | AUTOUR DE MINUIT | ARTE,https://www.youtube.com/watch?v=ZEJYmzdMYNs,0.007334,0.008869,0.021455,0.498418,0.506197,69.516523,2025-10-02 23:06:03,8467,0.0138,258.0000,0.0145,18677,258,0,13,271,5061467
Pasteur et Koch : un duel de géants dans le monde des microbes | Documentaire | ARTE,https://www.youtube.com/watch?v=0jY99GX1gG4,0.007059,0.020796,0.026385,0.498231,13.961605,1915.807656,2026-06-20 15:30:39,5755,0.0131,200.0000,0.0145,15300,200,0,22,222,3396600
Think Big ou l’art XXL | Twist | ARTE,https://www.youtube.com/watch?v=Wyc-Ztv3bW0,0.007189,0.009897,0.032371,0.497193,1.180560,161.758236,2026-04-19 18:00:35,1824,0.0137,155.0000,0.0145,11304,155,0,9,164,1853856
"Nigeria : Skolombo, le calvaire des enfants sorciers (2021) | ARTE Reportage",https://www.youtube.com/watch?v=wAg8rywVtyg,0.011230,0.008393,0.002198,0.500611,2.825536,389.463292,2024-06-20 13:01:01,1484,0.0130,3742.0000,0.0145,287459,3742,0,428,4170,1198704030
Pouvons-nous programmer l’évolution ? | 42 - La réponse à presque tout | ARTE,https://www.youtube.com/watch?v=zaaLvaPkPuU,0.007017,0.008118,0.015982,0.499819,0.257579,35.434905,2024-02-23 14:00:49,1783,0.0122,369.0000,0.0145,30334,369,0,71,440,13346960
À partir de quel moment peut-on parler d'une secte ? #Secte,https://www.youtube.com/watch?v=1h4K_l2qDgE,0.007749,0.008845,0.011351,0.499280,0.713811,98.265906,2025-05-24 16:00:02,84,0.0141,556.0000,0.0145,39303,556,0,14,570,22402710
"La décadence, cause de la chute de Rome ? | Est-il vrai que… ? | ARTE",https://www.youtube.com/watch?v=Y2vvDRtD4Qw,0.012151,0.008790,0.001845,0.500367,9.180542,1266.062064,2025-10-05 10:00:50,1488,0.0135,4566.0000,0.0145,337045,4566,0,321,4887,1647138915
Une île grecque et ses vestiges de guerre | ARTE Regards,https://www.youtube.com/watch?v=-7wXAFNaasA,0.007409,0.008830,0.022305,0.498148,0.303200,41.685861,2025-05-07 10:00:00,1809,0.0141,246.0000,0.0145,17392,246,0,6,252,4382784
La suite des origines du break dance 🕺 Viens on danse : épisode 2 🔥 #shorts #breakdance #arte,https://www.youtube.com/watch?v=ecXp4_chp68,0.007304,0.008480,0.019013,0.498787,0.107602,14.821461,2022-06-02 16:00:29,37,0.0136,299.0000,0.0145,22039,299,0,20,319,7030441
Golfe persique : carrefour stratégique | Le Dessous des Cartes - ARTE,https://www.youtube.com/watch?v=F7v9UEzUWC4,0.012770,0.008731,0.001651,0.500061,3.892148,538.091105,2024-08-17 10:00:12,748,0.0141,5179.0000,0.0145,366018,5179,0,115,5294,1937699292
Les pionnières de l’aviation | Documentaire | ARTE,https://www.youtube.com/watch?v=U_Cil5PeTOo,0.007273,0.009640,0.029513,0.497384,1.007340,138.634412,2026-03-30 19:00:17,5402,0.0140,174.0000,0.0145,12455,174,0,6,180,2241900
Manque d'eau en Europe #sécheresse #climat #arteinfo,https://www.youtube.com/watch?v=V4ZpTLuz-Pk,0.007421,0.008928,0.024426,0.497803,0.333909,46.019503,2025-07-29 17:00:43,79,0.0143,220.0000,0.0144,15367,220,0,2,222,3411474
Musique : un pouvoir contestataire | Tracks East | ARTE,https://www.youtube.com/watch?v=FrgTAQhT9fY,0.006968,0.008524,0.046785,0.495511,0.119987,16.457256,2025-04-08 18:00:11,1942,0.0132,97.0000,0.0144,7338,97,0,9,106,777828
"🔴 Replay Live | ARTE Book Club | ""Vies minuscules"" de Pierre Michon (Le Mock & Pauline Peyrade) ARTE",https://www.youtube.com/watch?v=CLGN1d-NBH4,0.007383,0.008556,0.019496,0.498546,0.074798,10.325082,2020-12-17 20:37:19,3810,0.0139,290.0000,0.0144,20844,290,0,11,301,6274044
Des migrants dans les Andes | Documentaire | ARTE,https://www.youtube.com/watch?v=oRNRCYjGtd4,0.007108,0.010342,0.040161,0.496202,1.211857,166.582189,2026-05-07 15:30:25,3217,0.0136,118.0000,0.0144,8660,118,0,7,125,1082500
Les recos culture de la semaine avec Aline Afanoukoé 🎤 #afro #culture,https://www.youtube.com/watch?v=_6PkIXp8ths,0.007449,0.008735,0.015136,0.499066,0.589732,81.625186,2025-07-12 15:00:53,172,0.0138,394.0000,0.0144,28651,394,0,19,413,11832863
Lettre ouverte à la mère d'un assasin - Désintox | ARTE,https://www.youtube.com/watch?v=KOwbDcyQaAY,0.006827,0.008071,0.024516,0.498816,0.101985,14.099868,2023-01-05 20:00:04,101,0.0122,219.0000,0.0144,17904,219,0,39,258,4619232
Chaque arbre compte ! | ARTE Regards,https://www.youtube.com/watch?v=I5UCmromAGE,0.007718,0.008618,0.009799,0.499637,0.726916,100.749954,2025-03-03 11:00:19,1837,0.0136,662.0000,0.0144,48579,662,0,38,700,34005300
Comment être un bon modèle pour les enfants | Kids | ARTE,https://www.youtube.com/watch?v=MrTAY7a2ZOE,0.009952,0.008722,0.003015,0.499986,2.496078,346.481735,2025-01-08 19:00:13,1599,0.0140,2608.0000,0.0144,185659,2608,0,66,2674,496452166
Faut-il imposer le service militaire ? #militaire #smv #europe #hebdo,https://www.youtube.com/watch?v=_L0Mk9rami4,0.006936,0.008504,0.019224,0.499353,0.863620,119.733650,2025-12-10 07:30:30,93,0.0123,295.0000,0.0144,23985,295,0,50,345,8274825
Afghanistan : tu enfanteras dans le chaos | ARTE Reportage,https://www.youtube.com/watch?v=E2-bFAsnKuQ,0.021416,0.008009,0.000796,0.501066,3.421778,476.061725,2020-12-03 15:00:08,1404,0.0122,11767.0000,0.0144,967837,11767,0,2145,13912,13464548344
ARTE fait sa rentrée 2020 ! 🎒,https://www.youtube.com/watch?v=f1d_Vy_oEt4,0.006728,0.008031,0.034322,0.497614,0.040113,5.550699,2020-09-08 14:52:56,2380,0.0122,144.0000,0.0144,11762,144,0,25,169,1987778
Une espèce à part : Héritage - L'humain atteint des sommets quand il s'agit de toucher le fond,https://www.youtube.com/watch?v=PE02n2MhoLY,0.010360,0.008805,0.002684,0.499909,3.560575,495.820765,2025-05-01 16:00:40,168,0.0142,2979.0000,0.0144,209715,2979,0,32,3011,631451865
La nouvelle normalité de la Russie | Tracks East | ARTE,https://www.youtube.com/watch?v=gclcefL_wms,0.020589,0.008219,0.000839,0.501064,17.801086,2479.974716,2025-06-24 18:00:42,1892,0.0121,11103.0000,0.0144,914818,11103,0,2029,13132,12013389976
L’argent et ses métamorphoses | Square Idée | ARTE,https://www.youtube.com/watch?v=6Y6nZAV6qO0,0.008271,0.008400,0.005896,0.500058,0.472196,65.752543,2022-10-03 19:00:02,1630,0.0134,1202.0000,0.0144,89676,1202,0,85,1287,115413012
L‘éducation bienveillante : un gage d’épanouissement ? | Les questions qui fâchent | ARTE,https://www.youtube.com/watch?v=IAN2drbBc-k,0.007618,0.009558,0.010300,0.499653,4.062594,565.303610,2026-04-07 13:00:35,1786,0.0134,624.0000,0.0144,46406,624,0,42,666,30906396
DJ Mehdi : Made in France (5/6) | Partir | ARTE,https://www.youtube.com/watch?v=TH_0h68s0eo,0.020448,0.008632,0.000776,0.500171,9.596205,1338.000096,2024-09-15 15:30:12,2343,0.0139,12123.0000,0.0143,871020,12123,0,370,12493,10881652860
Rwanda : le pardon sur prescription | ARTE Reportage,https://www.youtube.com/watch?v=_UCc0iasjE8,0.008323,0.008289,0.005398,0.500355,0.915947,127.664753,2024-04-09 13:00:29,1516,0.0129,1332.0000,0.0143,103420,1332,0,151,1483,153371860
Les intolérances alimentaires : mal du siècle ou illusion ? | Les questions qui fâchent | ARTE,https://www.youtube.com/watch?v=47hnnj_YxWw,0.013755,0.008382,0.001469,0.500564,5.462690,761.868794,2024-11-10 16:30:01,1598,0.0130,5911.0000,0.0143,453270,5911,0,588,6499,2945801730
Hamas : la fabrique d'un monstre | ARTE,https://www.youtube.com/watch?v=_vc8G5YybMc,0.021576,0.007460,0.000893,0.502032,8.109683,1131.894118,2024-01-11 14:00:33,3136,0.0102,10347.0000,0.0143,1017628,10347,0,4234,14581,14838033868
"Ondes gravitationnelles, capturez-les toutes ! | Scope | REPLAY LIVE | ARTE",https://www.youtube.com/watch?v=neR0Hra4Wj4,0.007396,0.008603,0.016238,0.498908,0.338210,47.097096,2024-12-16 19:23:49,7522,0.0138,362.0000,0.0143,26319,362,0,15,377,9922263
"Déchets toxiques, une bombe sous nos pieds | ARTE",https://www.youtube.com/watch?v=0JjtMRDQdg8,0.008288,0.008961,0.005032,0.500919,9.882847,1379.141202,2026-03-31 19:00:01,5194,0.0118,1445.0000,0.0143,122524,1445,0,310,1755,215029620
Apprendre à manger sainement dès l'enfance | ARTE,https://www.youtube.com/watch?v=rRt-LvrTMXg,0.009381,0.008641,0.003610,0.499974,1.937777,270.586670,2024-12-11 14:00:57,1595,0.0139,2121.0000,0.0143,152624,2121,0,64,2185,333483440
Expatriés : vieillir en Toscane ? | ARTE Regards,https://www.youtube.com/watch?v=RGcAsv_u4z0,0.007427,0.009023,0.009887,0.500128,3.629803,506.515085,2026-03-17 11:00:44,1838,0.0125,655.0000,0.0143,52259,655,0,93,748,39089732
"Paysans, passer la main ? | ARTE Regards",https://www.youtube.com/watch?v=vbwMqdTwxps,0.007606,0.009397,0.010442,0.499604,3.467016,483.831849,2026-03-26 11:01:20,1846,0.0135,614.0000,0.0143,45564,614,0,38,652,29707728
Un opéra pour un empire | Documentaire | ARTE,https://www.youtube.com/watch?v=-UsrUyfzON4,0.007695,0.009205,0.010572,0.499370,2.343075,327.549054,2026-02-15 16:30:00,5364,0.0139,605.0000,0.0143,43546,605,0,17,622,27085612
Des forêts de Birmanie aux Yachts européens 🌳🇲🇲🛥️ #enquête #arte #birmanie,https://www.youtube.com/watch?v=sv5UyUAdWgk,0.008491,0.008533,0.005380,0.499844,0.706299,98.926870,2023-10-25 17:00:41,58,0.0138,1337.0000,0.0143,96644,1337,0,42,1379,133272076
Syrie : sur les traces de Daech | ARTE Reportage,https://www.youtube.com/watch?v=g0vrECOpdP8,0.008077,0.008487,0.005837,0.500535,3.473721,486.667618,2025-12-08 16:30:14,1498,0.0124,1216.0000,0.0143,98280,1216,0,186,1402,137788560
Dans la toile de la vie | Une espèce à part #8 | ARTE (Reupload),https://www.youtube.com/watch?v=wMpPO_RTZrE,0.007412,0.008357,0.013427,0.499303,0.093458,13.077151,2019-06-01 14:00:13,169,0.0135,455.0000,0.0143,33792,455,0,27,482,16287744
Crédit Suisse : une banque fait faillite #banque #finance #arte,https://www.youtube.com/watch?v=ZJ9R_oGVepw,0.007159,0.013556,0.029650,0.497404,4.674225,651.808988,2026-06-09 06:30:12,136,0.0137,173.0000,0.0143,12620,173,0,7,180,2271600
Colombie : le retour des enfants tueurs | ARTE Reportage,https://www.youtube.com/watch?v=jO8Ea2iLLsw,0.023436,0.009327,0.000673,0.500533,85.724179,12021.465868,2026-03-30 15:30:31,1506,0.0131,14198.0000,0.0143,1081767,14198,0,1229,15427,16688419509
Marché de drogue à ciel ouvert : Cracolandia #cracolandia #artereportage #brésil,https://www.youtube.com/watch?v=n9Qi-_sxslg,0.007385,0.008680,0.019065,0.498445,0.299848,41.927438,2025-02-06 17:01:03,69,0.0140,298.0000,0.0143,21254,298,0,5,303,6439962
"Secte, dérive et aveuglement : Julie raconte l’impensable (react ft @Poncefleur) 🎧 I LE DOCK I ARTE",https://www.youtube.com/watch?v=9JXK-CCr9Z0,0.007217,0.008399,0.014886,0.499404,0.516088,72.247659,2025-04-25 10:36:37,8287,0.0130,402.0000,0.0143,31008,402,0,40,442,13705536
Sommes-nous trop nombreux sur Terre ? | 42 - La réponse à presque tout | ARTE,https://www.youtube.com/watch?v=r6BOq_UZo34,0.012129,0.007793,0.001932,0.501330,3.202997,449.892934,2024-03-01 14:00:40,1589,0.0113,4334.0000,0.0142,381981,4334,0,1104,5438,2077212678
Le savoir du monde a-t-il brûlé à Alexandrie ? | Est-il vrai que...? | ARTE,https://www.youtube.com/watch?v=-McJd8nRck4,0.016152,0.008648,0.001103,0.500236,12.414930,1745.318863,2025-07-20 10:00:01,1454,0.0136,8165.0000,0.0142,599021,8165,0,356,8521,5104257941
"Istrie, la Terra Magica des peuples oubliés | Les Secrets cachés de l'Adriatique (2/3) | ARTE",https://www.youtube.com/watch?v=wWUhvdbTMk0,0.007483,0.010070,0.012046,0.499401,4.799407,673.654192,2026-05-02 15:30:37,2769,0.0135,518.0000,0.0142,38389,518,0,28,546,20960394
Baïes - L'Atlantide romaine | Documentaire | ARTE,https://www.youtube.com/watch?v=hsqtkFM1rDc,0.007767,0.012154,0.009567,0.499410,12.945333,1820.753577,2026-06-01 18:00:17,3212,0.0139,681.0000,0.0142,48946,681,0,14,695,34017470
L'odyssée des chiffres (2/3) | À la conquête du monde | ARTE,https://www.youtube.com/watch?v=HgjTdwrmHms,0.007487,0.009504,0.011561,0.499477,3.525148,495.720163,2026-04-07 19:00:24,3142,0.0134,544.0000,0.0142,40570,544,0,32,576,23368320
Pourquoi ces pétroliers interdits continuent de naviguer ? #russie #sanctions #ue #arteinfo,https://www.youtube.com/watch?v=A9kEx5clIQk,0.007242,0.008598,0.019833,0.498533,0.382807,53.781153,2025-06-05 17:00:12,98,0.0136,284.0000,0.0142,20863,284,0,12,296,6175448
Être créatif | Unhappy | ARTE,https://www.youtube.com/watch?v=1jT6uDm7jm4,0.014087,0.008539,0.001369,0.500047,3.386974,477.499962,2023-11-09 10:00:02,1588,0.0139,6402.0000,0.0142,459458,6402,0,115,6517,2994287786
"Arabie saoudite : derrière les influenceurs, le règne de la peur | Sources | ARTE",https://www.youtube.com/watch?v=hnOIRSVmRQ0,0.017801,0.008135,0.001023,0.501010,14.209770,2005.186295,2025-06-25 15:30:33,1173,0.0120,8883.0000,0.0142,737881,8883,0,1574,10457,7716021617
Année noire pour les PME | Reportage | ARTE Regards,https://www.youtube.com/watch?v=P-pvpg3MI_k,0.006346,0.007974,0.025364,0.499363,0.714748,100.531023,2025-12-15 11:00:48,1832,0.0107,210.0000,0.0142,19621,210,0,68,278,5454638
Se réconcilier à travers le breakdance ? 🕺Viens on danse : épisode 6 🔥 #shorts #arte #breakdance,https://www.youtube.com/watch?v=A9xiZNOMhao,0.007096,0.008346,0.025966,0.497923,0.072827,10.238942,2022-06-06 16:00:05,47,0.0134,204.0000,0.0142,15184,204,0,11,215,3264560
L’industrialisation | Une histoire de l’agriculture | ARTE,https://www.youtube.com/watch?v=byGgh1AtzTA,0.007218,0.011354,0.016388,0.499069,6.022131,848.524492,2026-05-27 18:00:06,2599,0.0132,358.0000,0.0142,27053,358,0,25,383,10361299
États-Unis : ce pays qui marie ses enfants | ARTE Reportage,https://www.youtube.com/watch?v=YsR0SGChN2Q,0.031353,0.008235,0.000479,0.500548,12.152870,1721.654621,2023-12-11 16:30:03,1461,0.0130,20771.0000,0.0141,1601044,20771,0,1831,22602,36186796488
Que pouvons-nous encore manger ? | 42 - La réponse à presque tout | ARTE,https://www.youtube.com/watch?v=rstQ4mBx44Y,0.035095,0.008567,0.000402,0.500143,25.153572,3563.509727,2025-01-31 14:01:03,1802,0.0138,25215.0000,0.0141,1828253,25215,0,594,25809,47185381677
COUPS DE COEUR - DU 30 MARS AU 05 AVRIL - ARTE,https://www.youtube.com/watch?v=xuisvtWVnPI,0.006645,0.007979,0.044658,0.496089,0.031048,4.364521,2021-03-30 06:30:03,131,0.0123,103.0000,0.0141,8364,103,0,15,118,986952
Tout sur le mythe du vibromasseur #arte #histoire #evq,https://www.youtube.com/watch?v=PSxtLvzF4Ww,0.007330,0.008639,0.014268,0.499169,0.856297,121.125662,2025-10-11 05:00:33,125,0.0134,423.0000,0.0141,31544,423,0,22,445,14037080
Des jeunes sans domicile fixe | ARTE Regards,https://www.youtube.com/watch?v=O1I3Kc5WGdw,0.007680,0.008209,0.007515,0.500262,1.198810,169.825896,2025-04-27 13:00:40,1832,0.0125,905.0000,0.0141,72531,905,0,118,1023,74199213
D'où vient notre attrait pour l'or ? | 42 - La réponse à presque tout | ARTE,https://www.youtube.com/watch?v=AwW1RFGQMLY,0.007702,0.008827,0.008057,0.499954,3.189042,452.146977,2026-02-06 14:00:17,1648,0.0130,834.0000,0.0141,64227,834,0,71,905,58125435
Peut-on créer de l’argent à partir de rien ? | 42 - La réponse à presque tout | ARTE,https://www.youtube.com/watch?v=slWpm6PA4js,0.018594,0.008546,0.000903,0.500306,16.614235,2359.104183,2025-08-08 13:01:49,1813,0.0134,10225.0000,0.0141,764561,10225,0,543,10768,8232792848
L'art de la légèreté | Twist | ARTE,https://www.youtube.com/watch?v=KBZWoK-jQsw,0.008152,0.008704,0.006012,0.500003,3.196479,453.573257,2025-12-14 19:00:29,1823,0.0132,1175.0000,0.0141,88828,1175,0,76,1251,111123828
Les irréductibles de Venise | ARTE Regards,https://www.youtube.com/watch?v=HZx5TSCC54o,0.007876,0.008158,0.006696,0.500221,0.758678,107.666382,2024-05-30 10:00:15,1809,0.0127,1036.0000,0.0141,81742,1036,0,115,1151,94085042
Histoire de la chirurgie | Documentaire | ARTE,https://www.youtube.com/watch?v=aXLyLvoxKFA,0.008848,0.010313,0.004321,0.499928,17.841942,2535.821153,2026-05-09 18:00:01,5356,0.0136,1724.0000,0.0141,126493,1724,0,55,1779,225031047
Liban : une génération sacrifiée | ARTE Reportage,https://www.youtube.com/watch?v=KmtqkfQSGto,0.010757,0.008188,0.002381,0.500430,1.824534,259.490677,2023-09-12 15:30:08,1483,0.0129,3416.0000,0.0141,264677,3416,0,305,3721,984863117
Andalousie : la hantise des panneaux solaires | ARTE Regards,https://www.youtube.com/watch?v=dr3yNdHV7kw,0.007310,0.007501,0.007109,0.501471,1.754225,249.438370,2025-06-09 10:00:57,1817,0.0101,966.0000,0.0141,95838,966,0,381,1347,129093786
"Mont-Saint-Michel, le labyrinthe de l’archange | Documentaire | ARTE",https://www.youtube.com/watch?v=k_knskEBTLc,0.007877,0.019595,0.007697,0.499679,51.637862,7341.738880,2026-06-19 19:00:34,5255,0.0136,880.0000,0.0141,64904,880,0,32,912,59192448
Villes copiées en Chine | ARTE Reportage,https://www.youtube.com/watch?v=XmXiHTl3KKk,0.007157,0.007829,0.010056,0.500413,0.438751,62.372960,2024-01-28 14:00:22,594,0.0117,642.0000,0.0141,55016,642,0,131,773,42527368
🔴En direct | Déambulation nocturne à Bayonne  AUTOUR DE MINUIT | ARTE,https://www.youtube.com/watch?v=IK-6ybIFH-4,0.007080,0.008313,0.017485,0.499060,0.400517,56.853376,2025-04-03 23:08:46,8194,0.0129,331.0000,0.0141,25622,331,0,29,360,9223920
Replay live ARTE Book Club « L’amie prodigieuse » d’Elena Ferrante | ARTE,https://www.youtube.com/watch?v=wE_XBP7OzqA,0.007248,0.008216,0.014268,0.499271,0.134599,19.123774,2021-11-18 20:35:26,4510,0.0131,423.0000,0.0140,32181,423,0,29,452,14545812
"""Un tueur si proche"" : Ann Rule et Ted Bundy | Documentaire | ARTE",https://www.youtube.com/watch?v=EA-nVHe_PiY,0.010585,0.008629,0.002472,0.500527,11.065393,1575.260141,2026-01-15 20:00:14,3236,0.0127,3273.0000,0.0140,258026,3273,0,351,3624,935086224
L'odyssée des minéraux | ARTE,https://www.youtube.com/watch?v=uYiL90ClHSQ,0.011163,0.008361,0.002181,0.500175,2.358883,335.844310,2024-03-13 14:00:49,1474,0.0134,3775.0000,0.0140,281118,3775,0,173,3948,1109853864
Bains d’eau glacée : l’appel du froid | ARTE Regards,https://www.youtube.com/watch?v=5AUbOO3OiMI,0.007202,0.008378,0.015666,0.499116,0.431425,61.290123,2025-03-17 10:00:06,1812,0.0132,378.0000,0.0140,28697,378,0,25,403,11564891
Les Normands en Irlande (1/2) | Chroniques d'une conquête | ARTE,https://www.youtube.com/watch?v=5eZQjp3I1vM,0.008384,0.008761,0.005259,0.499985,4.065435,579.822160,2026-01-01 19:00:06,3084,0.0133,1373.0000,0.0140,103116,1373,0,72,1445,149002620
"Le métavers est-il réel ? | 42, la réponse à presque tout | ARTE",https://www.youtube.com/watch?v=YwrIr9U3INY,0.007387,0.008173,0.010514,0.499761,0.379112,54.031204,2024-02-02 14:00:33,1710,0.0129,609.0000,0.0140,47388,609,0,55,664,31465632
Casse du siècle au Liban | Documentaire | ARTE,https://www.youtube.com/watch?v=EhOjL4wF700,0.007259,0.013294,0.011561,0.499757,15.967521,2276.550144,2026-06-09 18:00:34,5682,0.0127,544.0000,0.0140,42986,544,0,58,602,25877572
Colorado : les migrants sous pression | ARTE Reportage,https://www.youtube.com/watch?v=Rz13tKBAqQ8,0.007108,0.007834,0.008365,0.501154,2.690298,383.996748,2025-12-11 14:00:50,753,0.0104,798.0000,0.0140,76434,798,0,272,1070,81784380
🧊 Se soigner par le froid : notre corps aime-t-il être glacé ?  #Froid #IceMile #finland,https://www.youtube.com/watch?v=fqJjzSaayuw,0.007890,0.008636,0.007772,0.499568,1.432685,204.459713,2025-08-22 09:01:05,58,0.0137,870.0000,0.0140,63435,870,0,18,888,56330280
"Madagascar, l'usine à clics de l'IA #ia #intelligenceartificielle",https://www.youtube.com/watch?v=QIyXCkDqme8,0.007442,0.008711,0.012164,0.499250,1.197250,170.831760,2025-11-19 07:00:20,158,0.0135,512.0000,0.0140,37812,512,0,17,529,20002548
"Telegram, le royaume des cybercriminels | Sources | ARTE",https://www.youtube.com/watch?v=KcOvbUpzFMw,0.016513,0.009120,0.001073,0.500259,40.550170,5797.622253,2026-03-11 19:00:28,1165,0.0133,8424.0000,0.0140,631016,8424,0,402,8826,5569347216
"Liban : Hamas et Fatah, la désunion sacrée ? | ARTE Reportage",https://www.youtube.com/watch?v=LIjPVC1RxsI,0.007988,0.007279,0.005084,0.501680,1.071686,153.200590,2023-12-02 11:00:18,745,0.0099,1428.0000,0.0140,143882,1428,0,584,2012,289490584
Devenir un Ultra !  | Tribunes libres Compilation | ARTE,https://www.youtube.com/watch?v=HpMODp_oIig,0.011586,0.008041,0.002024,0.500526,1.119960,160.332446,2020-12-13 19:00:08,3948,0.0127,4110.0000,0.0140,324327,4110,0,420,4530,1469201310
6 août 1945 : Hiroshima | Quand l'histoire fait dates | ARTE,https://www.youtube.com/watch?v=l8Fr6vOkjdE,0.009886,0.008236,0.002912,0.500504,4.123600,590.630427,2025-06-28 10:01:23,1599,0.0126,2714.0000,0.0140,215707,2714,0,297,3011,649493777
Ouganda : le cinéma du bidonville | ARTE Reportage,https://www.youtube.com/watch?v=fo6k0am9L_c,0.007098,0.008768,0.023644,0.498062,0.636552,90.834368,2025-12-23 16:30:27,1478,0.0135,229.0000,0.0140,16981,229,0,8,237,4024497
Vivre 120 jours dans le désert avec @Ultia | LE DOCK | REPLAY LIVE | ARTE,https://www.youtube.com/watch?v=R_SjY84AfPA,0.007007,0.008208,0.020364,0.498683,0.196730,28.101294,2024-06-03 19:00:11,6949,0.0130,275.0000,0.0140,21212,275,0,21,296,6278752
"Constantin le Grand, l’empereur de la nouvelle Rome | ARTE",https://www.youtube.com/watch?v=PhzMZv4H7lI,0.008055,0.011607,0.006337,0.499884,19.972208,2860.357066,2026-05-30 13:00:33,5349,0.0133,1105.0000,0.0140,83209,1105,0,56,1161,96605649
L'attrait du risque | Twist | ARTE,https://www.youtube.com/watch?v=bUqoxCk_KRk,0.007136,0.008675,0.024886,0.497813,0.424904,60.676261,2025-10-12 18:00:29,1766,0.0137,215.0000,0.0139,15708,215,0,4,219,3440052
Une vie ordonnée | Unhappy | ARTE,https://www.youtube.com/watch?v=OgyGQN9_Lcw,0.021019,0.008523,0.000754,0.500121,16.350574,2345.635556,2025-06-01 18:00:17,1586,0.0136,12519.0000,0.0139,919213,12519,0,295,12814,11778795382
Vive les vacances ! | Unhappy | ARTE,https://www.youtube.com/watch?v=sr0s52bc5so,0.007173,0.008396,0.015463,0.499111,0.570887,81.719138,2025-07-05 10:01:32,1587,0.0131,384.0000,0.0139,29273,384,0,24,408,11943384
On écrit une loi pour réglementer les jouets dangereux ! (Jeu de rôle) | EUROPARTIE | ARTE,https://www.youtube.com/watch?v=NxzHbhPLKHQ,0.006640,0.008352,0.054252,0.494531,0.188115,26.712331,2025-11-01 10:00:38,3911,0.0125,80.0000,0.0139,6390,80,0,9,89,568710
"💪🥋 Les gros bras, Jean-Claude Van Damme 🎬🌟  #JCVD  #hollywood",https://www.youtube.com/watch?v=JOF_LZ_8Fvc,0.008152,0.008235,0.005854,0.499952,0.684593,98.349326,2023-12-06 18:30:11,60,0.0132,1212.0000,0.0139,91943,1212,0,67,1279,117595097
Le bonheur est dans la nature | Unhappy | ARTE,https://www.youtube.com/watch?v=bi0QGyjhoV8,0.009922,0.008473,0.002915,0.500020,3.493529,502.145446,2025-05-24 18:00:28,1613,0.0135,2711.0000,0.0139,200799,2711,0,82,2793,560831607
"Venezuela, après l'enlèvement de Maduro #artereportage #maduro #venezuela",https://www.youtube.com/watch?v=CiJey8Gvyp4,0.007268,0.009631,0.016275,0.498769,2.556608,366.866356,2026-04-17 06:30:12,153,0.0136,361.0000,0.0139,26547,361,0,8,369,9795843
Les navettes du Parlement européen | ARTE Regards,https://www.youtube.com/watch?v=wFCu3DMOZcg,0.007017,0.008923,0.015463,0.499356,2.100365,301.958363,2026-03-19 11:01:48,1838,0.0126,384.0000,0.0139,30550,384,0,40,424,12953200
Fuir l'holocauste vers l'inconnu...🚢🇺🇸 #documentaire #amérique #histoire,https://www.youtube.com/watch?v=Od2HOitihyY,0.007143,0.008338,0.021187,0.498254,0.140417,20.161579,2023-11-13 18:30:14,53,0.0136,262.0000,0.0139,19312,262,0,6,268,5175616
Lovesongs : l’amour en musique | Twist | ARTE,https://www.youtube.com/watch?v=KHAmh60Q3PY,0.006863,0.010550,0.056413,0.493770,0.955057,136.023976,2026-05-17 18:00:13,1782,0.0133,76.0000,0.0139,5697,76,0,3,79,450063
Colombie : les enfants disparus de la frontière | ARTE,https://www.youtube.com/watch?v=OI-qz1el_SY,0.007495,0.008055,0.008897,0.499869,0.276050,39.805262,2022-06-29 18:00:10,1458,0.0128,742.0000,0.0139,58111,742,0,63,805,46779355
"Le Britannia, le yacht royal de la reine Elizabeth II | ARTE",https://www.youtube.com/watch?v=l4RicZejE8Y,0.007151,0.009480,0.015136,0.499132,2.951272,425.166247,2026-04-18 15:30:25,2614,0.0131,394.0000,0.0138,30181,394,0,24,418,12615658
Comment fonctionnent les enfants ? | 42 - La réponse à presque tout | ARTE,https://www.youtube.com/watch?v=DvbMJSP6N2c,0.013289,0.008361,0.001526,0.500128,5.333464,770.168328,2024-12-27 14:00:10,1636,0.0134,5662.0000,0.0138,422090,5662,0,183,5845,2467116050
"Moldavie : Transnistrie, le bastion russe | ARTE",https://www.youtube.com/watch?v=vMyCoPn1S_w,0.008146,0.007836,0.005242,0.500530,0.505701,72.999249,2022-03-16 11:30:19,714,0.0121,1378.0000,0.0138,114255,1378,0,204,1582,180751410
"Manèges, la sécurité avant tout | Reportage | ARTE Regards",https://www.youtube.com/watch?v=vb7SLcrd0XE,0.008071,0.008246,0.005643,0.500290,2.463057,355.591805,2025-09-16 10:01:38,1833,0.0125,1265.0000,0.0138,101420,1265,0,139,1404,142393680
"Black Surfers Matter, made in California | ARTE",https://www.youtube.com/watch?v=2ASzWklfGMU,0.007242,0.007728,0.008603,0.500548,0.646025,93.235076,2024-07-05 18:00:02,2838,0.0115,772.0000,0.0138,67398,772,0,161,933,62882334
Vivre et construire sous terre | Autour de la maison | ARTE,https://www.youtube.com/watch?v=ZZZq8mtFrI0,0.009871,0.009734,0.002927,0.500161,23.252562,3358.583378,2026-04-28 13:01:06,1595,0.0131,2698.0000,0.0138,205176,2698,0,142,2840,582699840
Les trésors oubliés de la médecine arabe | Documentaire | ARTE,https://www.youtube.com/watch?v=FqC1KtKCX8s,0.015253,0.008776,0.001245,0.500555,33.235585,4802.794436,2026-03-02 19:00:21,5324,0.0126,7124.0000,0.0138,565964,7124,0,708,7832,4432630048
La fête du chant unit l’Estonie | Reportage | ARTE Regards,https://www.youtube.com/watch?v=TMHTt46ZfMA,0.006802,0.008486,0.038873,0.496390,0.295734,42.478177,2025-11-17 11:01:02,1845,0.0130,123.0000,0.0138,9480,123,0,8,131,1241880
"""Elle savait que j'allais partir et ne pas revenir.""",https://www.youtube.com/watch?v=D7GOPTIaHkU,0.007229,0.008743,0.017617,0.498563,0.835341,120.539887,2025-12-11 07:30:05,56,0.0137,328.0000,0.0138,24026,328,0,4,332,7976632
Wednesdays : Teaser Date de sortie | Jeu vidéo | ARTE,https://www.youtube.com/watch?v=9Kzbb377DmE,0.006855,0.008348,0.052748,0.494288,0.090600,12.973506,2025-03-05 12:00:11,34,0.0133,83.0000,0.0138,6229,83,0,3,86,535694
"Origines, un conte de la lumière | Documentaire 4K | ARTE",https://www.youtube.com/watch?v=EOzZgdkJtGI,0.015746,0.008579,0.001161,0.500287,20.950210,3037.888775,2025-12-16 19:00:23,3513,0.0131,7706.0000,0.0138,588866,7706,0,415,8121,4782180786
"Le Moyen Âge, chapitre le plus crasseux de l’histoire ? | Est-il vrai que...? | ARTE",https://www.youtube.com/watch?v=N2l5Eg5rkR0,0.019248,0.008517,0.000857,0.500159,20.461880,2967.362383,2025-09-28 10:00:38,1332,0.0134,10847.0000,0.0138,810729,10847,0,333,11180,9063950220
Le Parfum d'Irak | Bande Annonce | ARTE,https://www.youtube.com/watch?v=E8mV0gEHl8Q,0.006911,0.008036,0.022605,0.498395,0.046018,6.650346,2018-10-03 16:00:02,60,0.0129,242.0000,0.0138,18787,242,0,17,259,4865833
Pédocriminalité: dans le piège des loverboys | Reportage | ARTE Regards,https://www.youtube.com/watch?v=5JewCaA0vXE,0.010738,0.008323,0.002364,0.500370,6.739298,977.648983,2025-09-25 10:00:09,1833,0.0128,3444.0000,0.0138,270042,3444,0,278,3722,1005096324
Le choix de Gladys | Justice à Vegas (2/2) | ARTE,https://www.youtube.com/watch?v=t051LJSv4sA,0.006292,0.007336,0.020735,0.499802,0.109761,15.887178,2022-01-23 11:30:10,3194,0.0105,269.0000,0.0138,25692,269,0,85,354,9094968
"Venezuela, la loi du plus fort ? | ARTE",https://www.youtube.com/watch?v=x8NMown-9zY,0.007052,0.008402,0.012450,0.499760,1.681670,243.869096,2026-01-12 20:00:55,1878,0.0122,498.0000,0.0138,40677,498,0,62,560,22779120
Derrière les muscles : le business toxique des stéroïdes #musculation #dopage #enquete,https://www.youtube.com/watch?v=Ppd7XroZDlM,0.007014,0.008553,0.027383,0.497537,0.373679,54.034781,2025-10-09 09:00:40,111,0.0135,191.0000,0.0138,14171,191,0,4,195,2763345
Gloomy Eyes | Disponible dès maintenant | Jeux Vidéo | ARTE,https://www.youtube.com/watch?v=KxJSKg3Q9_s,0.006834,0.008424,0.041546,0.495905,0.205729,29.663016,2025-09-12 10:00:38,84,0.0132,113.0000,0.0138,8579,113,0,5,118,1012322
Les fromages AOP dans la tourmente | ARTE Regards,https://www.youtube.com/watch?v=1GS9FYSRje8,0.007688,0.007825,0.006625,0.500408,0.668572,97.230932,2024-01-09 11:00:01,1809,0.0120,1049.0000,0.0137,87622,1049,0,155,1204,105496888
Une prisonnière en Iran #iran #reportag #arteinfo,https://www.youtube.com/watch?v=4AH5QSPpYzQ,0.006922,0.008466,0.042428,0.495618,0.166704,24.049639,2025-07-24 17:00:11,116,0.0135,110.0000,0.0137,8151,110,0,2,112,912912
Tourisme de masse - Faut-il arrêter de voyager ? | Documentaire | ARTE,https://www.youtube.com/watch?v=5a4rNDr4LGo,0.006995,0.008176,0.015564,0.499254,0.565078,82.080331,2025-06-25 13:00:16,3115,0.0126,381.0000,0.0137,30213,381,0,34,415,12538395
Flicopolis : la police française vue de l'intérieur | ARTE Radio Podcasts,https://www.youtube.com/watch?v=Qv7LmZedcv0,0.009357,0.008246,0.003313,0.500566,6.292767,916.309724,2025-11-30 17:00:50,1897,0.0122,2341.0000,0.0137,192355,2341,0,300,2641,508009555
Entretien de Orhan Pamuk par Emilie Aubry & William Marx | ARTE,https://www.youtube.com/watch?v=WylbDfzMyOU,0.006723,0.007817,0.020926,0.498926,0.088615,12.866240,2021-10-28 15:18:50,4294,0.0121,266.0000,0.0137,21924,266,0,35,301,6599124
BPM ecstasy : la vague techno entre Pékin et Taipei (4/4) | ARTE,https://www.youtube.com/watch?v=r-SgxeidKuE,0.006811,0.007996,0.022758,0.498502,0.140216,20.354206,2023-12-03 19:00:21,1039,0.0126,240.0000,0.0137,19089,240,0,22,262,5001318
Qui sont nos véritables ancêtres ? | 42 - La réponse à presque tout | ARTE,https://www.youtube.com/watch?v=fq8c-HF2XGU,0.013269,0.007907,0.001587,0.500730,5.094789,742.299620,2024-11-01 14:00:52,1737,0.0121,5417.0000,0.0137,448385,5417,0,737,6154,2759361290
Ukraine : la guerre du rail | ARTE Reportage,https://www.youtube.com/watch?v=YGWNo3FenXg,0.007956,0.007915,0.005925,0.500207,0.425630,62.043607,2022-04-04 16:30:03,1474,0.0125,1195.0000,0.0137,95916,1195,0,120,1315,126129540
The Amusement - Disponible dès maintenant ! | Jeu vidéo | ARTE games,https://www.youtube.com/watch?v=J0593g1wfJc,0.006338,0.008986,0.063480,0.493415,0.525245,75.717088,2026-04-16 07:59:57,70,0.0117,65.0000,0.0137,5550,65,0,11,76,421800
Japon : les forçats du travail (2018)  | ARTE Reportage,https://www.youtube.com/watch?v=gos_fV4bpcw,0.010528,0.008139,0.002464,0.500272,3.122029,455.910701,2024-12-14 11:00:56,1434,0.0128,3286.0000,0.0137,255845,3286,0,217,3503,896225035
COUPS DE COEUR -DU 26 AVRIL AU 03 MAI - ARTE,https://www.youtube.com/watch?v=7lgGZO0QoLU,0.006670,0.007966,0.044658,0.495685,0.029655,4.296317,2021-04-27 06:30:01,131,0.0127,103.0000,0.0137,8113,103,0,8,111,900543
Ukraine : Wargame | Reportage | ARTE Reportage,https://www.youtube.com/watch?v=1QY2w_d2y5w,0.010336,0.008290,0.002571,0.500359,6.750174,987.235304,2025-10-20 18:00:03,2208,0.0126,3129.0000,0.0137,247680,3129,0,257,3386,838644480
Vivre dans un jeu vidéo  (React ft Baghera Jones) I LE DOCK I ARTE,https://www.youtube.com/watch?v=WqQ1rHQK8sc,0.006850,0.008287,0.020798,0.498660,0.575539,83.913916,2025-10-18 19:49:07,8286,0.0126,268.0000,0.0137,21214,268,0,22,290,6152060
Bautzen :  ville symbolique de la montée de l’extrême droite en Allemagne | ARTE,https://www.youtube.com/watch?v=us7BceIHeYU,0.005980,0.006434,0.012930,0.501977,0.207624,30.347148,2020-11-07 15:00:12,1804,0.0076,476.0000,0.0137,62485,476,0,378,854,53362190
Peut-on désactiver les addictions ? | 42 - La réponse à presque tout | ARTE,https://www.youtube.com/watch?v=Sexea1QaTXo,0.019870,0.008206,0.000837,0.500329,13.722056,2008.607961,2025-04-25 13:00:52,1658,0.0129,11131.0000,0.0137,861874,11131,0,644,11775,10148566350
Au bord de la guerre civile | Les Etats-Unis dans tous leurs Etats | (3/5) | ARTE,https://www.youtube.com/watch?v=vZqmH36Et74,0.011056,0.007474,0.002274,0.501146,1.069406,156.524277,2020-10-23 14:00:23,3121,0.0111,3601.0000,0.0137,324639,3601,0,834,4435,1439773965
L'ouverture difficile des archives de la dictature | ARTE Regards,https://www.youtube.com/watch?v=Dzd0p61Gfsg,0.007351,0.008126,0.010798,0.499442,0.317330,46.383675,2023-10-30 11:00:17,1910,0.0131,590.0000,0.0137,45093,590,0,26,616,27777288
L'addiction | Psycho | ARTE,https://www.youtube.com/watch?v=iFC040tJslE,0.011534,0.007930,0.002026,0.500448,1.827166,267.637279,2023-02-18 10:00:20,1579,0.0125,4106.0000,0.0137,328181,4106,0,374,4480,1470250880
1492 : un nouveau monde | Quand l'histoire fait dates | ARTE,https://www.youtube.com/watch?v=-p2D7SBvDys,0.011808,0.008297,0.001912,0.500143,6.014724,881.350331,2025-06-14 15:30:00,1580,0.0131,4386.0000,0.0136,334020,4386,0,172,4558,1522463160
Monastères : Ma Soeur est cheffe d'entreprise | ARTE Regards | ARTE,https://www.youtube.com/watch?v=q1HUDOc-f2Y,0.007876,0.008076,0.006467,0.499930,0.731600,107.179975,2024-05-06 10:00:41,1810,0.0129,1079.0000,0.0136,83945,1079,0,66,1145,96117025
Ces yachts de luxe qui dérangent | ARTE Regards,https://www.youtube.com/watch?v=WQzLeW_dESw,0.007501,0.009975,0.006826,0.500664,15.180773,2224.623570,2026-05-19 10:00:40,1839,0.0113,1013.0000,0.0136,89464,1013,0,207,1220,109146080
Pakistan : un an après les inondations | ARTE Reportage,https://www.youtube.com/watch?v=s8ZBFPb3_yw,0.006537,0.007793,0.031720,0.497669,0.088640,12.944343,2023-09-11 15:30:11,761,0.0120,159.0000,0.0136,13216,159,0,21,180,2378880
Afghanistan : retour à la case départ | ARTE Reportage (2019),https://www.youtube.com/watch?v=fYebgndgz34,0.006954,0.008719,0.015265,0.499267,1.879726,275.713797,2026-03-07 14:01:05,1504,0.0125,390.0000,0.0136,31169,390,0,34,424,13215656
BPM ecstasy : la vague techno entre Pékin et Taipei (3/4) | ARTE,https://www.youtube.com/watch?v=zY9AkcaXvMg,0.006781,0.007993,0.025462,0.498074,0.119026,17.424313,2023-11-26 11:00:52,1147,0.0127,209.0000,0.0136,16469,209,0,15,224,3689056
Les gardiens de la forêt l Présenté par @salomesaque2971 | LE DOCK | REPLAY LIVE | ARTE,https://www.youtube.com/watch?v=GImkfoZeRno,0.007183,0.008105,0.013256,0.499189,0.256581,37.657718,2023-12-02 08:32:57,9106,0.0131,462.0000,0.0136,35371,462,0,19,481,17013451
Michèle Lamy : Uppercut dans la mode | Gymnastique | ARTE,https://www.youtube.com/watch?v=dzsGVJMEBn4,0.007615,0.007696,0.006572,0.500492,0.734093,107.921823,2024-03-09 11:00:37,310,0.0117,1059.0000,0.0136,90781,1059,0,175,1234,112023754
La reine Élisabeth et moi | Documentaire | ARTE,https://www.youtube.com/watch?v=BuGrqnfY2o0,0.007954,0.009311,0.006221,0.499857,7.892379,1160.313192,2026-04-14 18:00:09,2640,0.0130,1129.0000,0.0136,86887,1129,0,52,1181,102613547
Kim Kardashian Theory | ARTE,https://www.youtube.com/watch?v=iskBvZZsaP4,0.011155,0.007971,0.002166,0.500424,3.113164,458.039042,2024-08-31 18:00:32,3197,0.0125,3806.0000,0.0136,305000,3806,0,339,4145,1264225000
Chypre : l’île des mariages interdits | ARTE Reportage,https://www.youtube.com/watch?v=YgCVzEzeL28,0.007367,0.007492,0.007276,0.500665,0.336495,49.498403,2021-11-04 17:30:06,1472,0.0112,940.0000,0.0136,83994,940,0,201,1141,95837154
Festivals : des vacances hors du temps ? | Twist | ARTE,https://www.youtube.com/watch?v=adsypMXh600,0.006902,0.008021,0.013476,0.499681,0.872798,128.258770,2025-09-07 18:00:03,1811,0.0120,453.0000,0.0136,37693,453,0,59,512,19298816
L’algorithme de l’amour | Documentaire | ARTE,https://www.youtube.com/watch?v=uvKqhXEuFe8,0.007342,0.008743,0.010737,0.499402,2.288601,336.561544,2026-02-13 20:00:53,2607,0.0131,594.0000,0.0136,45368,594,0,22,616,27946688
Les gouffres béants de l'Arctique | Documentaire | ARTE,https://www.youtube.com/watch?v=Mp2ItCbYmhU,0.007105,0.041293,0.011798,0.499623,97.113404,14286.386359,2026-06-25 15:30:38,3188,0.0124,531.0000,0.0136,42662,531,0,48,579,24701298
Méditerranée : tortues en danger ! | ARTE Regards,https://www.youtube.com/watch?v=9bL3bm7saG4,0.006813,0.008097,0.025364,0.497997,0.199758,29.325979,2024-12-17 11:00:09,1821,0.0128,210.0000,0.0136,16369,210,0,12,222,3633918
Croatie : les derniers gardiens de phare | ARTE Regards,https://www.youtube.com/watch?v=YpFTh3cbsso,0.006899,0.008559,0.020364,0.498539,0.919876,135.193393,2026-01-21 11:01:03,1838,0.0129,275.0000,0.0136,21384,275,0,15,290,6201360
Est-ce que travailler était plus dur dans le passé ? | Est-il vrai que...? | ARTE,https://www.youtube.com/watch?v=47j2zqcAR9c,0.017011,0.008181,0.001043,0.500324,12.654588,1866.432318,2025-06-29 10:00:07,1449,0.0128,8698.0000,0.0136,679784,8698,0,519,9217,6265569128
Cleanfluencers et contrats d'intérim : Les fées du logis ? | ARTE Regards,https://www.youtube.com/watch?v=T8wCHINCkLQ,0.007802,0.008080,0.006391,0.500074,1.617580,238.677496,2025-06-26 10:00:54,1824,0.0125,1094.0000,0.0135,87646,1094,0,93,1187,104035802
Tchad : les rescapés du Darfour | ARTE,https://www.youtube.com/watch?v=b5s1qeS9Uns,0.007106,0.007936,0.012184,0.499503,0.281671,41.541147,2023-10-24 13:00:28,1467,0.0126,511.0000,0.0135,40631,511,0,39,550,22347050
An 33 : crucifixion de Jésus | Quand l'histoire fait dates | ARTE,https://www.youtube.com/watch?v=cTo4LoYf89A,0.020121,0.007903,0.000866,0.500763,16.352103,2416.237128,2025-06-21 10:00:59,1599,0.0119,10715.0000,0.0135,899360,10715,0,1457,12172,10947009920
L'heure du choix | Les Etats-Unis dans tous leurs Etats | (5/5) | ARTE,https://www.youtube.com/watch?v=49gDsXfkges,0.008850,0.007042,0.003734,0.501628,0.683656,101.026535,2020-11-02 17:30:00,3121,0.0098,2040.0000,0.0135,208509,2040,0,781,2821,588203889
"Qui est le ""Trump roumain"" ? #elections #UE #expresso #arte",https://www.youtube.com/watch?v=ULZL4WT-phU,0.006567,0.007805,0.020735,0.499061,0.374169,55.168372,2025-05-07 17:00:41,122,0.0117,269.0000,0.0135,23001,269,0,42,311,7153311
Iran : récit des premiers jours de guerre | ARTE Reportage,https://www.youtube.com/watch?v=OI7hiWGBJkk,0.007474,0.008512,0.007384,0.500253,4.598717,679.776391,2026-03-06 16:30:13,749,0.0119,924.0000,0.0135,77457,924,0,123,1047,81097479
Take Me to America - L'hyperpuissance de la Coupe du monde | Tracks East | ARTE,https://www.youtube.com/watch?v=Is3Pua8Qoo0,0.007227,0.010378,0.009700,0.499860,9.727489,1438.823709,2026-05-21 18:00:12,1846,0.0123,670.0000,0.0135,54506,670,0,66,736,40116416
Le pays lointain | Pakistan | ARTE,https://www.youtube.com/watch?v=w2zsVSLbe_0,0.006811,0.007813,0.012388,0.500012,0.958160,141.840152,2025-08-24 18:00:59,1785,0.0115,501.0000,0.0135,43670,501,0,88,589,25721630
Parkinson : rester actif face à la maladie | ARTE Regards,https://www.youtube.com/watch?v=zKZ7EFmJU5E,0.006956,0.008024,0.015840,0.499055,0.341098,50.487613,2024-11-23 16:30:22,1839,0.0127,373.0000,0.0135,29381,373,0,23,396,11634876
Corée du Nord : la chasse aux fugitifs | Sources | ARTE,https://www.youtube.com/watch?v=pXak1ieq9D4,0.008673,0.008091,0.004061,0.500454,4.555825,675.728010,2025-11-12 19:00:53,1086,0.0120,1852.0000,0.0135,153958,1852,0,223,2075,319462850
Somaliland : l’exception africaine | ARTE Reportage (2021),https://www.youtube.com/watch?v=51e5OYFCe1c,0.006813,0.014625,0.012907,0.499868,19.622869,2910.075062,2026-06-14 13:00:09,1480,0.0116,477.0000,0.0135,41005,477,0,75,552,22634760
Les guêpes ont-elles bousculé l'évolution ? | 42 - La réponse à presque tout | ARTE,https://www.youtube.com/watch?v=H8UaNVU5cvg,0.007160,0.008437,0.010987,0.499602,1.992967,295.670475,2026-01-23 14:00:36,1713,0.0125,578.0000,0.0135,46139,578,0,43,621,28652319
Alpes : quand la police chausse les skis | ARTE Regards,https://www.youtube.com/watch?v=QPjgQz-PXwQ,0.006378,0.009111,0.028218,0.498294,1.772432,262.172884,2026-04-28 10:00:41,1826,0.0115,184.0000,0.0135,16049,184,0,32,216,3466584
Les dessous de la Silicon Valley 📱 (react ft @DefendIntelligence) I LE DOCK I ARTE,https://www.youtube.com/watch?v=0wNUqMg1gRU,0.006972,0.008096,0.016018,0.498975,0.429398,63.661578,2025-04-02 20:05:34,9897,0.0128,368.0000,0.0135,28762,368,0,19,387,11130894
Vito et les naufragés de Lampedusa | Reportage | ARTE Regards,https://www.youtube.com/watch?v=hftABmSxMok,0.006615,0.008292,0.046052,0.495384,0.239631,35.293631,2025-11-19 11:01:34,1813,0.0127,99.0000,0.0135,7806,99,0,6,105,819630
Syrie : donner un futur en restaurant le passé | ARTE Reportage,https://www.youtube.com/watch?v=BOVh_d6rzT8,0.006749,0.007643,0.015363,0.499508,0.114167,16.939247,2021-03-19 15:04:39,1445,0.0119,387.0000,0.0134,32642,387,0,52,439,14329838
Russie : la mémoire contrariée | ARTE Reportage,https://www.youtube.com/watch?v=2uiNFLSpib0,0.011571,0.007204,0.002124,0.501400,1.436391,213.698118,2021-09-08 14:00:00,1480,0.0104,3892.0000,0.0134,374837,3892,0,1146,5038,1888428806
"Syrie : Damas, le goût de la liberté | ARTE Reportage",https://www.youtube.com/watch?v=dPdszzGcYbE,0.007711,0.007548,0.005813,0.500758,1.393742,207.354858,2025-01-13 16:30:08,1579,0.0111,1222.0000,0.0134,110094,1222,0,257,1479,162829026
La chasse aux punaises de lit | Reportage | ARTE,https://www.youtube.com/watch?v=L49Xjl7GXTQ,0.006305,0.007745,0.028721,0.498331,0.370859,54.979900,2025-09-10 10:00:25,1836,0.0112,180.0000,0.0134,16011,180,0,35,215,3442365
"Ninja, le sport qui passionne les Européens | ARTE Regards",https://www.youtube.com/watch?v=henGAmSMTkA,0.006705,0.008608,0.022605,0.498455,1.131930,167.999074,2026-03-04 11:01:16,1839,0.0124,242.0000,0.0134,19517,242,0,20,262,5113454
"Compétition virtuelle, émotions bien réelles (ft. TPK) I Jour De Play I ARTE",https://www.youtube.com/watch?v=LsndfE47y_E,0.006494,0.007978,0.027268,0.498182,0.426129,63.223530,2025-10-15 20:11:57,10579,0.0119,192.0000,0.0134,16172,192,0,25,217,3509324
"À quoi nous sert l'imagination ? | 42, la réponse à presque tout | ARTE",https://www.youtube.com/watch?v=enQhJwt_muQ,0.009040,0.008007,0.003669,0.499990,1.098168,163.764967,2023-10-20 13:00:36,1571,0.0129,2082.0000,0.0134,160832,2082,0,74,2156,346753792
"Mexique : ""La Bestia"" | ARTE Reportage (2018)",https://www.youtube.com/watch?v=S1jJwx_cA1E,0.007094,0.009412,0.013068,0.499225,3.791486,564.530740,2026-04-24 18:00:23,1491,0.0128,470.0000,0.0134,36628,470,0,21,491,17984348
EUROGUESSR 🇪🇺 présenté par @JeanMassiet avec @YannToutCourt@mymyhaegel et @DefendIntelligence | ARTE,https://www.youtube.com/watch?v=BsTeKdsh4Ms,0.006916,0.008100,0.018909,0.498581,0.316352,47.070762,2025-02-18 22:19:53,13773,0.0129,301.0000,0.0134,23286,301,0,11,312,7265232
Cuba : l’île qui vacille | ARTE Reportage,https://www.youtube.com/watch?v=2ZF1BiTqvIU,0.008656,0.009864,0.003977,0.500757,27.313787,4076.475894,2026-05-18 15:30:01,1492,0.0114,1897.0000,0.0134,167081,1897,0,341,2238,373927278
"Elizabeth II, les services secrets et le Chah | Documentaire | ARTE",https://www.youtube.com/watch?v=OSHJ5nSo86Y,0.006859,0.008554,0.013377,0.499616,2.413986,359.768713,2026-03-14 14:00:39,2831,0.0120,457.0000,0.0134,38153,457,0,54,511,19496183
Faut-il pirater les jeux vidéo ? (ft. Dollywood) I Jour De Play| REPLAY LIVE I ARTE,https://www.youtube.com/watch?v=XQ1xtJU3-9I,0.006839,0.008083,0.027268,0.497546,0.127289,18.912411,2024-05-15 19:14:51,9361,0.0131,192.0000,0.0134,14635,192,0,4,196,2868460
"Ils étudient le Tardigrade, le plus étonnant des animaux | ARTE",https://www.youtube.com/watch?v=oH2zEZeBFQQ,0.007123,0.008108,0.012346,0.499301,0.661911,98.693830,2025-05-26 13:01:33,849,0.0128,503.0000,0.0134,39289,503,0,23,526,20666014
"Déserteurs, guerre et caviar - les enfants de Poutine, Kim & Co. | Tracks East | ARTE",https://www.youtube.com/watch?v=2kNzrkL5QCw,0.011083,0.008132,0.002183,0.500391,8.497317,1269.328516,2025-10-30 19:00:07,1770,0.0123,3772.0000,0.0134,305706,3772,0,320,4092,1250948952
Angleterre : l’autre traversée | ARTE Reportage,https://www.youtube.com/watch?v=1b_BURbj4C0,0.007863,0.007567,0.005476,0.500610,1.048384,156.644543,2024-06-24 15:30:01,1477,0.0114,1310.0000,0.0134,114975,1310,0,228,1538,176831550
Enfances massacrées (2/2) | Justice à Vegas | ARTE,https://www.youtube.com/watch?v=W20V3BK6Akc,0.006525,0.007087,0.011526,0.500735,0.223089,33.355803,2022-01-13 11:30:14,3202,0.0101,546.0000,0.0134,54275,546,0,179,725,39349375
Cohabiter avec des animaux sauvages | Reportage | ARTE Regards,https://www.youtube.com/watch?v=LkKocrwqgwA,0.006781,0.008123,0.017399,0.499021,0.766385,114.496271,2025-11-04 11:00:44,1830,0.0123,333.0000,0.0134,27041,333,0,28,361,9761801
"Peut-on optimiser nos gènes ? | 42, la réponse à presque tout | ARTE",https://www.youtube.com/watch?v=ptYYOy88ioI,0.007468,0.007928,0.008268,0.499690,0.438511,65.623767,2023-11-03 14:00:41,1577,0.0127,809.0000,0.0133,63527,809,0,39,848,53870896
Deviens riche ! | Streetphilosophy | ARTE,https://www.youtube.com/watch?v=R4I5bFIK6Go,0.010057,0.007852,0.002704,0.500184,0.946997,141.947577,2021-12-23 19:00:06,1566,0.0126,2955.0000,0.0133,233907,2955,0,165,3120,729789840
Les météos d'Antoine | VINGT ANS | ARTE,https://www.youtube.com/watch?v=kuKOVQjXNBs,0.007416,0.008082,0.009192,0.499456,0.649120,97.259772,2024-12-11 19:00:25,1629,0.0130,714.0000,0.0133,54839,714,0,17,731,40087309
"L’Albanie, paradis des expatriés ? | ARTE Regards",https://www.youtube.com/watch?v=vczBFDlNeS4,0.007324,0.007178,0.006437,0.501244,1.491292,223.642631,2025-02-24 11:01:14,1839,0.0099,1085.0000,0.0133,109400,1085,0,373,1458,159505200
Ex-Yougoslavie : Une réconciliation en vue ? | ARTE Reportage,https://www.youtube.com/watch?v=cPnbn5qwgh4,0.007527,0.007191,0.005990,0.501034,0.607144,91.176832,2023-01-30 11:00:32,1475,0.0104,1180.0000,0.0133,113531,1180,0,331,1511,171545341
La renaissance de Notre-Dame de Paris | ARTE Regards,https://www.youtube.com/watch?v=kQEQQVubIrE,0.006989,0.007768,0.011166,0.499766,0.552879,83.007462,2024-12-06 19:00:33,1839,0.0120,567.0000,0.0133,47218,567,0,61,628,29652904
Le vibromasseur a-t-il été inventé pour réjouir les femmes ? | Est-il vrai que...? | ARTE,https://www.youtube.com/watch?v=36hVUHfun4Q,0.013130,0.007997,0.001583,0.500373,8.874120,1335.513316,2025-08-03 10:00:06,1189,0.0124,5433.0000,0.0133,439672,5433,0,409,5842,2568563824
Sauver Venise | Documentaire | ARTE,https://www.youtube.com/watch?v=U_NNZApMVd4,0.006700,0.014935,0.021523,0.498497,9.970651,1495.669904,2026-06-14 19:00:16,5286,0.0124,257.0000,0.0133,20701,257,0,18,275,5692775
"Tardigrade, l'animal indestructible | Documentaire | ARTE",https://www.youtube.com/watch?v=f5rTo9slwRU,0.007437,0.008678,0.008040,0.499792,4.186550,629.668423,2026-03-14 11:01:09,3125,0.0125,836.0000,0.0133,66854,836,0,52,888,59366352
🔴En direct | Voyage nocturne au cœur de Strasbourg | AUTOUR DE MINUIT | ARTE,https://www.youtube.com/watch?v=KXDWHgF8ivE,0.006700,0.008052,0.017270,0.499109,0.842320,126.757794,2025-11-21 00:01:27,8532,0.0121,336.0000,0.0133,27840,336,0,33,369,10272960
"L'amour, là, ça change tout | Fragments #2 | ARTE",https://www.youtube.com/watch?v=ARhtFu92aH0,0.006841,0.007770,0.016238,0.499002,0.096158,14.481719,2021-01-03 17:30:02,1188,0.0125,362.0000,0.0132,28991,362,0,22,384,11132544
"Chine, la fabrique d'une nation (1/2) | Le soleil bleu | ARTE",https://www.youtube.com/watch?v=_wxFY22f698,0.010733,0.008476,0.002315,0.500127,12.696737,1916.889658,2026-02-03 19:00:38,3623,0.0127,3528.0000,0.0132,277643,3528,0,149,3677,1020893311
L'odyssée des chiffres (3/3) | Un langage universel | ARTE,https://www.youtube.com/watch?v=OhuDxB6bj0c,0.006977,0.009079,0.015430,0.498872,2.449265,369.121520,2026-04-08 19:00:19,3124,0.0129,385.0000,0.0132,29840,385,0,10,395,11786800
Syndrome de Diogène : agir quand le bazar s’accumule | Reportage | ARTE Regards,https://www.youtube.com/watch?v=dPsuEAvKBlA,0.009598,0.008162,0.003010,0.500363,8.006248,1210.573923,2026-01-01 11:01:09,1839,0.0121,2613.0000,0.0132,215692,2613,0,239,2852,615153584
"Ukraine. La guerre, ordinaire | Documentaire | ARTE",https://www.youtube.com/watch?v=gC8TdK8rqA4,0.006760,0.007965,0.013138,0.499706,1.324680,200.071700,2025-12-10 14:01:14,5409,0.0117,467.0000,0.0132,40024,467,0,62,529,21172696
"Abysses, la face cachée des océans | Documentaire | ARTE",https://www.youtube.com/watch?v=b_D4Uey9toM,0.008336,0.014543,0.004782,0.499850,52.948602,8007.736989,2026-06-13 18:00:10,3169,0.0129,1533.0000,0.0132,119174,1533,0,42,1575,187699050
"Venezuela : après Maduro, le prix du deal | ARTE Reportage",https://www.youtube.com/watch?v=cHrWp3YmzN0,0.006934,0.008676,0.009837,0.500187,5.066699,766.032321,2026-04-13 15:30:25,1511,0.0113,659.0000,0.0132,58208,659,0,110,769,44761952
Gaza : guérir après les bombes | ARTE Reportage,https://www.youtube.com/watch?v=Ry2WcAtljzU,0.007075,0.007244,0.007944,0.500656,0.338537,51.205843,2022-04-05 18:00:16,1471,0.0107,848.0000,0.0132,79107,848,0,197,1045,82666815
Venise : l’âge d’or | Documentaire | ARTE,https://www.youtube.com/watch?v=l-sHp_dL8eQ,0.007416,0.010478,0.008347,0.499637,11.306311,1710.343914,2026-05-22 18:00:36,5215,0.0127,800.0000,0.0132,63081,800,0,33,833,52546473
"Cincu, un village roumain qui abrite l’Otan | Reportage | ARTE Regards",https://www.youtube.com/watch?v=VMxFKQJwV1M,0.008019,0.007964,0.004993,0.500569,5.094077,772.470263,2026-01-13 11:01:05,1835,0.0114,1458.0000,0.0132,128364,1458,0,234,1692,217191888
"INUA, A Story in Ice and Time disponible sur l’Apple Vision Pro",https://www.youtube.com/watch?v=5_RzlxAgVhI,0.006393,0.007782,0.070931,0.491667,0.043442,6.487745,2024-07-26 12:56:59,96,0.0123,56.0000,0.0132,4555,56,0,4,60,273300
Village italien : le gros lot de l'UE ! | ARTE Regards,https://www.youtube.com/watch?v=WesgGjykhzs,0.006014,0.007410,0.037906,0.497352,0.206690,31.184003,2025-06-11 10:00:52,1814,0.0107,127.0000,0.0132,11919,127,0,30,157,1871283
Vivre avec les inondations | ARTE Regards,https://www.youtube.com/watch?v=eknXhK2svh4,0.006609,0.008640,0.031880,0.497135,0.753358,113.738949,2026-03-10 11:01:09,1809,0.0126,158.0000,0.0132,12531,158,0,7,165,2067615
Le stockage du CO2 : solution miracle ou greenwashing ? | Les questions qui fâchent | ARTE,https://www.youtube.com/watch?v=i-FmtoevG0A,0.006979,0.007538,0.008777,0.500436,1.363404,206.990539,2025-07-31 09:01:04,1620,0.0110,754.0000,0.0132,68774,754,0,151,905,62240470
Au sein des Témoins de Jéhovah | ARTE Regards,https://www.youtube.com/watch?v=0QTsXgxBKu8,0.016735,0.007158,0.001226,0.501477,9.322592,1417.933329,2025-02-05 11:00:03,1826,0.0101,7246.0000,0.0131,720557,7246,0,2228,9474,6826557018
"Paternité, une métamorphose décryptée | Documentaire | ARTE",https://www.youtube.com/watch?v=13_MB7OFttw,0.007270,0.009843,0.008374,0.499904,9.866632,1499.273439,2026-05-15 15:30:00,3202,0.0121,797.0000,0.0131,65948,797,0,70,867,57176916
"Héroïne, le cauchemar américain | ARTE Reportage (2014)",https://www.youtube.com/watch?v=Aoh9kfLabic,0.009038,0.008646,0.003498,0.500419,14.048710,2137.902750,2026-04-02 19:00:08,1613,0.0118,2199.0000,0.0131,185657,2199,0,240,2439,452817423
Microbrasseries belges : le goût du défi | Reportage | ARTE Regards,https://www.youtube.com/watch?v=XWPGdauD4BI,0.006887,0.008141,0.014240,0.499161,1.041020,158.188631,2025-11-25 11:00:56,1828,0.0125,424.0000,0.0131,34038,424,0,23,447,15214986
Qui sont les nouveaux Trumpistes ? #trump #maga #artereportage,https://www.youtube.com/watch?v=e8n-i01ILts,0.006473,0.007818,0.037215,0.496608,0.136473,20.640501,2025-01-31 17:00:47,72,0.0123,130.0000,0.0131,10587,130,0,9,139,1471593
Etats-Unis : les nouveaux Trumpistes | ARTE Reportage,https://www.youtube.com/watch?v=wCM2tRbERuk,0.012492,0.007150,0.001876,0.501417,5.542327,844.149179,2025-01-17 16:30:17,1349,0.0101,4480.0000,0.0131,444820,4480,0,1360,5840,2597748800
Le metteur en scène des JO parle jeux vidéo #gaming #JO #jeuxvidéo,https://www.youtube.com/watch?v=OH4aJHeHAcU,0.006705,0.008127,0.023813,0.498030,0.453398,68.782003,2025-10-11 09:00:38,110,0.0127,227.0000,0.0131,17901,227,0,8,235,4206735
Replay Direct ARTE Book Club « La cloche de détresse » de Sylvia Plath | ARTE,https://www.youtube.com/watch?v=W3XkHR887K8,0.006722,0.007797,0.022379,0.498200,0.077050,11.692855,2021-12-16 20:40:10,4805,0.0127,245.0000,0.0131,19349,245,0,9,254,4914646
Le succès des implants capillaires | ARTE Regards,https://www.youtube.com/watch?v=NqMnpmyJoAc,0.008360,0.007036,0.004205,0.501320,1.442021,219.671121,2024-04-03 10:00:16,1839,0.0099,1779.0000,0.0131,179299,1779,0,574,2353,421890547
Santorin : quand la terre gronde | ARTE Regards,https://www.youtube.com/watch?v=CWJdXfRPG6Y,0.008095,0.007891,0.005133,0.500002,1.760898,268.375423,2025-04-30 10:00:31,1836,0.0124,1412.0000,0.0131,113849,1412,0,81,1493,169976557
"- 18 000, la grotte de Lascaux | Quand l'histoire fait dates | ARTE",https://www.youtube.com/watch?v=fwmjUfzdDOI,0.007979,0.008072,0.005563,0.499847,2.325056,354.470857,2025-09-14 13:01:19,1599,0.0126,1286.0000,0.0131,101765,1286,0,48,1334,135754510
La première année | ARTE,https://www.youtube.com/watch?v=H6DT1eRuFVI,0.006682,0.007803,0.022529,0.498235,0.138445,21.040346,2023-12-20 16:30:02,5559,0.0125,243.0000,0.0131,19377,243,0,11,254,4921758
Les zoos de demain | ARTE Regards,https://www.youtube.com/watch?v=j6i5Hoip9jw,0.006795,0.007799,0.017529,0.498756,0.170082,25.888978,2023-09-18 10:00:36,1924,0.0126,330.0000,0.0131,26257,330,0,14,344,9032408
"Les vagues scélérates, un mystère de taille : partie 3/3",https://www.youtube.com/watch?v=VcPOdmij_hE,0.007375,0.008051,0.008641,0.499508,1.151884,175.785041,2025-07-21 14:01:00,69,0.0128,768.0000,0.0131,60127,768,0,19,787,47319949
Cartels mexicains : la fin de l’impunité ? | ARTE Reportage,https://www.youtube.com/watch?v=lRBZM5nm0n0,0.010440,0.013210,0.002452,0.500236,98.226388,15010.546688,2026-06-10 18:00:27,1485,0.0123,3304.0000,0.0131,268421,3304,0,208,3512,942694552
COUPS DE CŒUR - DU 1 AU 7 SEPTEMBRE - ARTE,https://www.youtube.com/watch?v=GjJWvFcvwQ8,0.006617,0.007893,0.062052,0.492647,0.016008,2.412465,2020-09-03 15:56:04,131,0.0131,67.0000,0.0131,5124,67,0,0,67,343308
Chroniques de l'occupation de la Rhénanie | ARTE,https://www.youtube.com/watch?v=5LmnuSwdlGg,0.010775,0.006884,0.002447,0.501531,1.086497,166.166062,2020-11-14 15:00:01,3110,0.0097,3311.0000,0.0131,340974,3311,0,1147,4458,1520062092
Europe vs USA : la guerre commerciale (jeu de rôle) | EUROPARTIE | ARTE,https://www.youtube.com/watch?v=WaFQTlRJQHE,0.006528,0.007897,0.036551,0.496551,0.158279,24.053889,2025-04-12 09:00:43,4145,0.0125,133.0000,0.0131,10638,133,0,6,139,1478682
Saqqara : le mystère du tombeau du vizir | Documentaire | ARTE,https://www.youtube.com/watch?v=0ctoWF9ll1o,0.008239,0.012434,0.004834,0.499915,37.314838,5707.984798,2026-06-07 13:00:00,5723,0.0126,1514.0000,0.0131,120386,1514,0,59,1573,189367178
Robotisation du travail : demain tous chômeurs ? | Les questions qui fâchent | ARTE,https://www.youtube.com/watch?v=fZkQzLDTDuM,0.007465,0.007411,0.006524,0.500388,0.543723,83.195827,2023-05-24 13:00:36,1583,0.0113,1068.0000,0.0131,94102,1068,0,161,1229,115651358
"Chine, la fabrique d'une nation (2/2) | Le soleil rouge | ARTE",https://www.youtube.com/watch?v=VshczA0ZYTU,0.009195,0.008307,0.003348,0.500134,8.442745,1293.980961,2026-02-03 20:00:22,3589,0.0123,2313.0000,0.0130,187367,2313,0,131,2444,457924948
"Russie : Kaliningrad, l’enclave de Poutine | ARTE Reportage",https://www.youtube.com/watch?v=k6J1aU1JZr0,0.010635,0.006966,0.002481,0.501393,1.434281,219.871226,2022-05-30 16:30:11,764,0.0100,3260.0000,0.0130,327596,3260,0,1013,4273,1399817708
Les caprices de notre intestin | ARTE Regards,https://www.youtube.com/watch?v=t9q64X4Si7E,0.013563,0.007829,0.001482,0.500189,5.149421,789.602088,2024-11-12 11:00:59,1836,0.0125,5851.0000,0.0130,468371,5851,0,257,6108,2860810068
La vie des frères Grimm | Au-delà des contes | ARTE,https://www.youtube.com/watch?v=csBjg10mfec,0.015153,0.008405,0.001225,0.500028,23.750636,3644.995433,2026-01-24 14:00:57,3203,0.0128,7254.0000,0.0130,565151,7254,0,110,7364,4161771964
👮‍♂️ Le passage en prison d'Ozzy Osbourne #cambriolage #musique,https://www.youtube.com/watch?v=ir1ml7K0GCg,0.007611,0.007786,0.006896,0.499690,0.482268,74.065497,2023-07-24 16:30:07,60,0.0126,1001.0000,0.0130,79246,1001,0,30,1031,81702626
Les usines de Staline face aux armées d'Hitler | Documentaire | ARTE,https://www.youtube.com/watch?v=teAUf9_AhXM,0.007986,0.009090,0.005162,0.500187,12.378437,1903.208979,2026-04-27 18:00:58,5261,0.0119,1403.0000,0.0130,117774,1403,0,128,1531,180311994
"Israël : Sdérot, le deuxième Israël | ARTE Reportage",https://www.youtube.com/watch?v=CV0gVMy5u9s,0.007971,0.006687,0.004697,0.501647,0.929355,143.209966,2023-03-07 17:30:01,745,0.0090,1565.0000,0.0130,173127,1565,0,681,2246,388843242
Les sauveteurs de Zermatt | ARTE Regards,https://www.youtube.com/watch?v=h-pheApCfBc,0.007445,0.007680,0.007404,0.499773,0.412968,63.604682,2023-04-12 10:00:25,1914,0.0123,921.0000,0.0130,74622,921,0,47,968,72234096
🎮 Le metteur en scène Thomas Jolly est dans Jour De Play I ARTE,https://www.youtube.com/watch?v=wgLKvkdmSXM,0.006335,0.007662,0.027383,0.498066,0.302440,46.426009,2025-07-09 20:14:57,9753,0.0116,191.0000,0.0130,16425,191,0,22,213,3498525
Léa Seydoux + Blanche Gardin dans « France » 👀 #cinema,https://www.youtube.com/watch?v=L-lgW94w634,0.007726,0.007759,0.006226,0.499795,0.752219,116.027895,2024-05-10 14:30:11,56,0.0125,1128.0000,0.0130,90389,1128,0,43,1171,105845519
"Nucléaire, opération dissuasion | ARTE",https://www.youtube.com/watch?v=vjc1xewvsH8,0.007702,0.009501,0.005650,0.500424,16.082698,2482.137078,2026-05-14 15:30:35,3142,0.0113,1263.0000,0.0129,111662,1263,0,183,1446,161463252
USA : étudiants et SDF (2020) | ARTE Reportage,https://www.youtube.com/watch?v=a3k8nMVjBZ0,0.008277,0.007623,0.004516,0.500218,1.511158,233.331936,2024-11-15 16:30:01,1495,0.0119,1638.0000,0.0129,137653,1638,0,144,1782,245297646
🔴En direct | Déambulation nocturne à Clermont-Ferrand | AUTOUR DE MINUIT | ARTE,https://www.youtube.com/watch?v=AQNmxX50uNQ,0.006538,0.007722,0.019719,0.498759,0.401127,61.796837,2025-06-05 23:24:08,9514,0.0119,286.0000,0.0129,23956,286,0,24,310,7426360
Un éleveur de moutons en Iran #iran #reportage #arteinfo,https://www.youtube.com/watch?v=BrOjV9ueGDo,0.006520,0.007958,0.039896,0.495992,0.177785,27.254543,2025-07-17 17:00:14,145,0.0126,119.0000,0.0129,9428,119,0,3,122,1150216
Les XL bullys : des chiens dangereux ? | ARTE Regards,https://www.youtube.com/watch?v=SnjwJIsPVCc,0.006990,0.006972,0.007211,0.501112,1.329372,205.777149,2025-03-06 11:00:37,1839,0.0096,950.0000,0.0129,98603,950,0,323,1273,125521619
Iran : dans l’ombre de la guerre | ARTE Reportage,https://www.youtube.com/watch?v=BnykR4epaKg,0.006445,0.008043,0.012907,0.500127,2.927076,452.754490,2026-03-20 20:58:52,1457,0.0106,477.0000,0.0129,45166,477,0,106,583,26331778
"Mexique : Fentanyl, le nouveau poison des cartels | ARTE Reportage (2023)",https://www.youtube.com/watch?v=23DHyq-tIY0,0.007454,0.014184,0.006867,0.500001,36.757423,5690.965503,2026-06-13 19:00:23,1491,0.0119,1006.0000,0.0129,84457,1006,0,84,1090,92058130
Des Polonais qui fuient vers l’Allemagne pour éviter un exercice militaire ?,https://www.youtube.com/watch?v=lcX67bO6pj4,0.006372,0.007308,0.018214,0.499271,0.143217,22.138829,2023-01-04 20:00:18,94,0.0112,315.0000,0.0129,28134,315,0,48,363,10212642
Notre microbiote nous domine-t-il ? | 42 - La réponse à presque tout | ARTE,https://www.youtube.com/watch?v=onLLxzAJhFk,0.011216,0.007869,0.002082,0.499995,4.064736,629.978992,2025-02-14 14:01:05,1579,0.0127,3980.0000,0.0129,314390,3980,0,76,4056,1275165840
Une grande année pour de grands rêves | Les Etats-Unis dans tous leurs Etats | (1/5) | ARTE,https://www.youtube.com/watch?v=khvOpdMmm28,0.012398,0.007008,0.001867,0.501188,1.358590,210.616892,2020-10-21 14:00:07,3121,0.0103,4504.0000,0.0129,437251,4504,0,1136,5640,2466095640
Serial killer ou pas ? 👂 #PolarPark #serie #thriller #comedie,https://www.youtube.com/watch?v=418c7Tilmuc,0.006465,0.007587,0.025075,0.498088,0.119037,18.381664,2023-11-09 18:00:03,44,0.0120,213.0000,0.0129,17681,213,0,15,228,4031268
Gloomy Eyes | TEASER | ARTE,https://www.youtube.com/watch?v=S3m9un-N2S0,0.006452,0.007673,0.035705,0.496647,0.074157,11.428375,2023-10-31 17:10:47,41,0.0123,137.0000,0.0129,11096,137,0,6,143,1586728
COUPS DE COEUR - DU 02 AU 08 MARS - ARTE,https://www.youtube.com/watch?v=QYg1bDvdkMM,0.006144,0.007372,0.052266,0.494803,0.024430,3.751955,2021-03-02 07:30:03,131,0.0115,84.0000,0.0129,7295,84,0,10,94,685730
"1431, la chute d'Angkor | Quand l'histoire fait dates | ARTE",https://www.youtube.com/watch?v=5uWUwQ9SxOQ,0.012625,0.007883,0.001669,0.500094,7.534574,1172.150575,2025-07-13 15:30:03,1580,0.0125,5116.0000,0.0129,410237,5116,0,157,5273,2163179701
Est-il vrai que Christophe Colomb a été le premier à traverser un océan ? | ARTE,https://www.youtube.com/watch?v=3kIiw8r50Aw,0.006621,0.008517,0.012429,0.499810,3.703913,575.647685,2026-04-12 10:00:15,1432,0.0112,499.0000,0.0128,44449,499,0,72,571,25380379
⚰️ Croque-morts de génération en génération #famille #reportage,https://www.youtube.com/watch?v=WYtdLNvPCT8,0.006439,0.007439,0.019118,0.498928,0.184852,28.755935,2024-01-20 17:30:05,55,0.0116,297.0000,0.0128,25590,297,0,31,328,8393520
Quelle est l'origine de la vie ? | 42 - La réponse à presque tout | ARTE,https://www.youtube.com/watch?v=6lmrtHhiBuo,0.014574,0.007230,0.001434,0.501039,7.918841,1235.939410,2025-03-20 19:00:05,1791,0.0106,6073.0000,0.0128,574515,6073,0,1288,7361,4229004915
L'Europe au défi de l'ingérence étrangère | ARTE,https://www.youtube.com/watch?v=KCZrJeICXW4,0.007025,0.007483,0.007565,0.500595,2.712216,423.491767,2025-12-08 14:00:30,5461,0.0105,898.0000,0.0128,85566,898,0,197,1095,93694770
Idée 3D : La folie de la chirurgie esthétique | ARTE,https://www.youtube.com/watch?v=_h6jV0gouI0,0.008161,0.007439,0.004639,0.500217,0.713226,111.440976,2023-03-01 17:30:08,1618,0.0117,1588.0000,0.0128,135390,1588,0,144,1732,234495480
Afrique du Sud : les forçats du charbon | ARTE Reportage,https://www.youtube.com/watch?v=eaQ36QH3wbI,0.006280,0.007081,0.015701,0.499785,0.159752,24.921287,2022-07-29 06:56:09,1469,0.0106,377.0000,0.0128,35646,377,0,79,456,16254576
Plastique et vie marine : une cohabitation à la dérive | Documentaire | ARTE,https://www.youtube.com/watch?v=P6XKAOq4lw4,0.006566,0.008078,0.021320,0.498344,0.760454,118.468657,2025-12-31 19:00:22,3128,0.0123,260.0000,0.0128,21187,260,0,11,271,5741677
Etats-Unis vs Canada : le divorce | ARTE Reportage,https://www.youtube.com/watch?v=yR-8BGh8tSg,0.012717,0.007428,0.001729,0.500765,7.835010,1225.104661,2025-06-30 15:30:44,738,0.0111,4916.0000,0.0128,444696,4916,0,771,5687,2528986152
Israël : les routes de l’annexion | ARTE Reportage,https://www.youtube.com/watch?v=guUU-izHqN8,0.010504,0.006084,0.002894,0.502555,1.385245,216.723881,2021-10-06 14:00:27,1466,0.0073,2733.0000,0.0128,374076,2733,0,2048,4781,1788457356
Le dernier été de la RDA | ARTE,https://www.youtube.com/watch?v=juzDARBDQO0,0.007871,0.007575,0.005343,0.500062,1.213573,189.810523,2024-11-09 11:00:57,2618,0.0119,1348.0000,0.0128,113160,1348,0,98,1446,163629360
"Homo Machina, Type:Rider and Vandals on Nintendo Switch | ARTE",https://www.youtube.com/watch?v=_-fJqVvGZXs,0.006132,0.007343,0.055309,0.494265,0.016596,2.569545,2019-04-25 13:05:45,58,0.0116,78.0000,0.0128,6735,78,0,8,86,579210
"Exilés | Kiev, un opéra en guerre (3/4) | ARTE",https://www.youtube.com/watch?v=Bit01_ZM3qU,0.006132,0.007376,0.043995,0.495938,0.064142,9.962594,2023-12-21 19:00:08,1603,0.0115,105.0000,0.0128,9164,105,0,12,117,1072188
"Décharges sauvages, un fléau en Bosnie | ARTE Regards",https://www.youtube.com/watch?v=kKw80XTHPPg,0.006130,0.008233,0.041835,0.496238,0.616600,95.925359,2026-03-18 11:01:22,1815,0.0114,112.0000,0.0128,9801,112,0,13,125,1225125
Sicile : une ville au bord du vide | ARTE Regards,https://www.youtube.com/watch?v=qqxUI-dKiKQ,0.006581,0.012729,0.013402,0.499592,14.053970,2199.940397,2026-06-10 10:00:27,1838,0.0114,456.0000,0.0128,40073,456,0,55,511,20477303
Ils sont âgés et sans-abri | ARTE Regards,https://www.youtube.com/watch?v=UcjZ2PN_Dzs,0.007326,0.007125,0.006317,0.500672,1.006403,157.768415,2024-08-28 10:01:04,1822,0.0105,1109.0000,0.0127,105581,1109,0,237,1346,142112026
🔴 Replay Live | Goûter d'écoute #5 🍪 | ARTE Radio,https://www.youtube.com/watch?v=1m0Rc9u6cOo,0.006444,0.007563,0.030945,0.497195,0.042266,6.592051,2020-12-13 17:47:58,6005,0.0123,164.0000,0.0127,13335,164,0,6,170,2266950
Les séparations | Psycho | ARTE,https://www.youtube.com/watch?v=StwOZ6Nl4WY,0.014126,0.007567,0.001392,0.500184,2.676408,420.127010,2023-02-20 10:00:26,1567,0.0122,6281.0000,0.0127,514326,6281,0,271,6552,3369863952
"Ma sœur, atteinte de la maladie de Charcot | ARTE Regards",https://www.youtube.com/watch?v=rUKSIS6YKuo,0.007861,0.007421,0.005118,0.500390,1.798461,282.220479,2025-04-08 10:01:13,1839,0.0113,1417.0000,0.0127,125931,1417,0,187,1604,201993324
USA : Back to Trump country (2018) | ARTE Reportage,https://www.youtube.com/watch?v=wl7btWm5iM0,0.006298,0.006777,0.010814,0.500901,0.762893,119.705646,2025-01-11 19:00:38,1602,0.0092,589.0000,0.0127,63784,589,0,223,812,51792608
"Dopamine, comment les applis piègent notre cerveau | Documentaire | ARTE",https://www.youtube.com/watch?v=QD2rKfqTnKU,0.007620,0.009389,0.006235,0.499837,11.316930,1776.498798,2026-05-07 13:01:01,3215,0.0122,1126.0000,0.0127,92538,1126,0,52,1178,109009764
Pourquoi se loger est-il si cher ? | 42 - La réponse à presque tout | ARTE,https://www.youtube.com/watch?v=Chnv_fElAn8,0.010049,0.007196,0.002675,0.500817,2.831589,445.404186,2024-10-11 13:00:12,1800,0.0107,2991.0000,0.0127,278418,2991,0,548,3539,985321302
💕 L'amour à Naples #amour #prison,https://www.youtube.com/watch?v=c4RkiTzTkN0,0.010328,0.007187,0.002519,0.500715,1.546336,243.252733,2023-03-15 17:30:04,59,0.0110,3204.0000,0.0127,292123,3204,0,509,3713,1084652699
Qui est le cocaïne king albanais ? #drogue #criminalite #arteinfo #arteweekly,https://www.youtube.com/watch?v=Mn5ohGOkQwQ,0.008160,0.007782,0.004599,0.500164,3.974671,626.495243,2025-11-22 09:00:37,122,0.0117,1604.0000,0.0127,136737,1604,0,130,1734,237101958
Pourquoi les méchants ont-ils la cote ? | Gymnastique | ARTE,https://www.youtube.com/watch?v=KfT6p-k0XNE,0.006569,0.007557,0.018456,0.498666,0.183995,28.929747,2024-01-27 11:00:13,277,0.0121,310.0000,0.0127,25550,310,0,14,324,8278200
"Viande de labo, steaks végé… La PAC 2.0 va-t-elle changer nos assiettes ? (jeu de rôle) | EUROPARTIE",https://www.youtube.com/watch?v=qvgqaWQ0_5k,0.006078,0.007609,0.056413,0.494110,0.154964,24.159852,2025-09-27 09:01:11,3467,0.0115,76.0000,0.0127,6626,76,0,8,84,556584
Prenons-nous suffisamment de risques ? |  42 - La réponse à presque tout | ARTE,https://www.youtube.com/watch?v=IfVdRDNxUWA,0.011496,0.007683,0.001977,0.500034,3.754889,592.685751,2024-11-29 14:00:17,1693,0.0124,4221.0000,0.0127,341416,4221,0,104,4325,1476624200
La mer de plastique d’Almeria | ARTE Regards,https://www.youtube.com/watch?v=obxTOruOXl4,0.006650,0.007360,0.012244,0.499626,0.356232,56.161910,2024-04-29 10:00:44,1838,0.0114,508.0000,0.0127,44380,508,0,54,562,24941560
La cité de la pègre : Kowloon | Bienvenue en Géozarbie | ARTE,https://www.youtube.com/watch?v=GIrYjLHMArA,0.022799,0.007507,0.000723,0.500227,4.699010,742.140005,2022-07-03 16:30:01,627,0.0121,13108.0000,0.0127,1080515,13108,0,574,13682,14783606230
Lettonie : Démographie peau de chagrin | ARTE Reportage,https://www.youtube.com/watch?v=JdC1fC-Xmgk,0.007645,0.006819,0.005239,0.501025,0.483876,76.392652,2021-06-28 18:00:04,765,0.0099,1379.0000,0.0127,139484,1379,0,387,1766,246328744
Géorgie : le rêve européen menacé | ARTE Regards,https://www.youtube.com/watch?v=nciLouRPITk,0.005808,0.006999,0.027154,0.498786,0.277992,43.762982,2025-04-10 09:01:03,1838,0.0099,193.0000,0.0127,19442,193,0,53,246,4782732
Et Londres disparut dans le brouillard | Documentaire | ARTE,https://www.youtube.com/watch?v=cvekwtypRWM,0.007277,0.008089,0.007363,0.499894,3.771341,595.591654,2026-02-16 14:00:53,3172,0.0118,927.0000,0.0127,78647,927,0,68,995,78253765
Des marins croates prisonniers de leur navire | Reportage | ARTE Regards,https://www.youtube.com/watch?v=Gezo3a61YFw,0.006408,0.007910,0.028850,0.497460,0.432522,68.019343,2025-11-24 11:00:29,1839,0.0122,179.0000,0.0126,14704,179,0,7,186,2734944
James Webb – À la recherche d’une nouvelle Terre | ARTE,https://www.youtube.com/watch?v=KTNvrv7qoPw,0.007991,0.007453,0.004961,0.500063,0.827144,130.703473,2023-11-22 14:00:12,606,0.0118,1469.0000,0.0126,124044,1469,0,100,1569,194625036
"La maison individuelle - Le rêve d’un ""chez soi"" | ARTE",https://www.youtube.com/watch?v=l1_2QRuwPIs,0.006445,0.007203,0.013209,0.499814,0.409069,64.593645,2024-09-05 09:00:41,2612,0.0109,464.0000,0.0126,42713,464,0,76,540,23065020
Valoriser la protection de la nature | Bonnes nouvelles de la planète | ARTE,https://www.youtube.com/watch?v=02NA-EDVa-Y,0.006399,0.009359,0.044997,0.495207,0.948199,148.812578,2026-05-04 19:00:01,2618,0.0125,102.0000,0.0126,8161,102,0,1,103,840583
Espagne : le pari de la mixité femmes/hommes en prison | ARTE Regards,https://www.youtube.com/watch?v=eBpTW_iaUZI,0.006741,0.007497,0.008748,0.500508,2.921345,462.609110,2026-01-20 11:01:16,1832,0.0103,757.0000,0.0126,73635,757,0,172,929,68406915
Turquie : les enfants du séisme | ARTE,https://www.youtube.com/watch?v=_lCk3tjLdhs,0.006170,0.007407,0.051332,0.494664,0.040900,6.417316,2023-05-18 17:00:19,330,0.0118,86.0000,0.0126,7296,86,0,6,92,671232
"La carpe, une alternative au saumon | ARTE Regards",https://www.youtube.com/watch?v=ulqFqNazV24,0.006987,0.007212,0.007872,0.500302,0.910296,144.335740,2024-12-27 11:01:12,1831,0.0108,857.0000,0.0126,79121,857,0,140,997,78883637
🔴 Replay Live « Les jolies choses » de Virginie Despentes | ARTE Book Club | ARTE,https://www.youtube.com/watch?v=moqs1dICA28,0.006318,0.007293,0.021592,0.498594,0.080802,12.781096,2021-09-23 19:32:46,3941,0.0115,256.0000,0.0126,22224,256,0,24,280,6222720
Objectif Lune : les astronautes européens en lice | ARTE Regards,https://www.youtube.com/watch?v=gFopQRfN-kA,0.006991,0.006848,0.007134,0.500809,0.525312,83.323894,2023-04-24 10:00:23,1939,0.0099,962.0000,0.0126,96757,962,0,257,1219,117946783
Les championnes basques du lever de pierre | ARTE Regards,https://www.youtube.com/watch?v=My7GHtpcKNs,0.006014,0.007219,0.031562,0.497746,0.159199,25.138063,2024-11-21 11:00:22,1839,0.0109,160.0000,0.0126,14685,160,0,25,185,2716725
Peut-on remplacer les pollinisateurs ? | 42 - La réponse à presque tout | ARTE,https://www.youtube.com/watch?v=ohqKJEhcvDc,0.006605,0.007458,0.014047,0.499265,0.366245,58.064509,2024-10-04 13:01:03,1793,0.0117,431.0000,0.0126,36702,431,0,31,462,16956324
Japon : la retraite des yakuzas | ARTE Reportage,https://www.youtube.com/watch?v=NS7CqDu8Wgw,0.011977,0.008389,0.001834,0.500085,22.824602,3630.251762,2026-03-16 16:30:10,861,0.0122,4598.0000,0.0126,377346,4598,0,146,4744,1790129424
Enquête sur l’or disparu de Suisse | Sources | ARTE,https://www.youtube.com/watch?v=eLgYE0y6-RM,0.008663,0.007388,0.003760,0.500341,2.293895,365.148183,2025-02-26 16:30:17,1084,0.0114,2024.0000,0.0126,177807,2024,0,209,2233,397043031
"Tsahal, l’armée israélienne à l’épreuve | Documentaire | ARTE",https://www.youtube.com/watch?v=8SGrAGyimkI,0.008203,0.007250,0.004290,0.500782,3.769967,600.324091,2025-09-23 15:30:11,5434,0.0104,1738.0000,0.0126,166882,1738,0,357,2095,349617790
"La cantine du futur, saine et durable | ARTE Regards | ARTE",https://www.youtube.com/watch?v=WEqhv57FXpA,0.006512,0.007191,0.012367,0.499784,0.364114,57.915633,2024-05-01 10:00:26,1828,0.0110,502.0000,0.0126,45650,502,0,71,573,26157450
Premières implantations humaines | Les Secrets cachés de l'Adriatique (1/3) | Documentaire | ARTE,https://www.youtube.com/watch?v=Ea4UE6HveV8,0.006828,0.009103,0.011438,0.499335,4.949434,788.132658,2026-05-01 15:30:18,2770,0.0121,551.0000,0.0125,45701,551,0,22,573,26186673
La planète 9 existe-t-elle vraiment ? | 42 - La réponse à presque tout | ARTE,https://www.youtube.com/watch?v=JrwGA4CS76g,0.007361,0.007890,0.006792,0.499918,3.345624,533.275915,2026-01-16 14:00:29,1816,0.0117,1019.0000,0.0125,86950,1019,0,71,1090,94775500
"Ce qu'il faut savoir sur ""Bloquons tout!"" 🛑 #10septembre #bayrou #arte",https://www.youtube.com/watch?v=tJKMUu1GwQg,0.006308,0.007549,0.020991,0.498641,0.497735,79.170795,2025-09-10 07:30:37,131,0.0115,265.0000,0.0125,23064,265,0,24,289,6665496
La mondialisation a-t-elle échoué ? | 42 - La réponse à presque tout | ARTE,https://www.youtube.com/watch?v=fxAp3k7SzNI,0.007706,0.008699,0.005631,0.499947,9.307822,1484.923619,2026-04-17 13:01:18,1713,0.0118,1268.0000,0.0125,107048,1268,0,73,1341,143551368
L’expansion de l’islam | De la Perse à l'Iran : 3 000 ans de civilisations (2/3) | ARTE,https://www.youtube.com/watch?v=VodOpoaGHXg,0.007251,0.007687,0.006707,0.500273,3.704975,591.454974,2026-01-20 19:00:27,3141,0.0110,1034.0000,0.0125,93947,1034,0,142,1176,110481672
"""Je vais vous détruire, je vais vous anéantir !"" #violencesconjugales",https://www.youtube.com/watch?v=iG-QAu8Kk9I,0.009509,0.007586,0.002970,0.500464,6.945966,1109.615695,2025-11-27 06:30:33,176,0.0112,2654.0000,0.0125,236749,2654,0,309,2963,701487287
Yael Naim : du rêve à l'intime #YaelNaim #musique,https://www.youtube.com/watch?v=m4b1TdIBKpE,0.007093,0.007833,0.009225,0.499376,1.350365,215.612724,2025-10-04 16:01:30,60,0.0124,711.0000,0.0125,57561,711,0,9,720,41443920
"Homo plasticus, l’invasion silencieuse des microplastiques | Documentaire | ARTE",https://www.youtube.com/watch?v=m0_4NshieNM,0.006871,0.007712,0.009900,0.499622,1.573204,251.622494,2025-11-18 19:00:47,3390,0.0117,654.0000,0.0125,55820,654,0,43,697,38906540
Changement climatique et alimentation | ARTE Regards,https://www.youtube.com/watch?v=n32n0ZBpd-4,0.006775,0.007246,0.009393,0.500011,0.764278,122.305785,2025-01-28 11:00:59,1838,0.0110,696.0000,0.0125,63131,696,0,92,788,49747228
Entre tradwife et carrière | Reportage 2025 | ARTE Regards,https://www.youtube.com/watch?v=pCzQNOo9iYk,0.007633,0.007511,0.005534,0.500258,2.956920,473.528982,2025-10-27 11:01:37,1841,0.0112,1294.0000,0.0125,115623,1294,0,149,1443,166843989
Piscines privées : à quel prix ? | Reportage 2025 | ARTE Regards,https://www.youtube.com/watch?v=PUjSXx1chp8,0.006060,0.007246,0.018755,0.499403,0.711466,113.795720,2025-10-14 10:00:44,1828,0.0104,304.0000,0.0125,29270,304,0,61,365,10683550
On négocie l'annexion du Groenland par les États-Unis (Jeu de rôle) | EUROPARTIE | ARTE,https://www.youtube.com/watch?v=XzVgk_3fR4o,0.005925,0.007931,0.073870,0.491375,0.249552,39.371056,2026-02-28 10:00:51,3927,0.0112,53.0000,0.0125,4733,53,0,6,59,279247
Vols de vélos : comment lutter contre ce fléau ? | ARTE Regards,https://www.youtube.com/watch?v=2cWtzp5zpP8,0.006524,0.006810,0.009314,0.500642,0.677758,108.756463,2024-09-03 10:00:04,1935,0.0097,703.0000,0.0124,72129,703,0,195,898,64771842
Cap sur le café équitable | ARTE Regards,https://www.youtube.com/watch?v=PWkvS1VPQOU,0.006978,0.007432,0.009170,0.499585,0.517064,83.024934,2024-07-02 10:00:20,1829,0.0119,716.0000,0.0124,60294,716,0,34,750,45220500
"Avions écolo, décollage vers le futur | Documentaire | ARTE",https://www.youtube.com/watch?v=hI7K8z8A168,0.006510,0.008650,0.011615,0.499870,5.167270,829.725498,2026-04-29 13:01:31,5417,0.0109,541.0000,0.0124,49858,541,0,79,620,30911960
Cisjordanie : la guerre des collines | ARTE Reportage,https://www.youtube.com/watch?v=OHk3nADA0c8,0.010168,0.006207,0.002877,0.502006,1.938548,313.074884,2023-06-26 15:30:11,1432,0.0080,2752.0000,0.0124,343752,2752,0,1504,4256,1463008512
Comment ces trois barons ont dominé le trafic de drogue mondial | ARTE,https://www.youtube.com/watch?v=0PkBkwPu-8I,0.020031,0.007343,0.000856,0.500168,2.523070,407.662763,2020-05-23 14:00:01,733,0.0119,10849.0000,0.0124,907885,10849,0,388,11237,10201903745
🔴 Replay Live | Visite live exclusive de la Bourse de Commerce,https://www.youtube.com/watch?v=OfCSu2VjTYY,0.006813,0.007260,0.010096,0.499583,0.182420,29.438885,2021-05-21 19:19:19,2700,0.0116,639.0000,0.0124,54869,639,0,40,679,37256051
La guerre de Poutine (2/2) | L'enlisement | ARTE,https://www.youtube.com/watch?v=ut8LXXlvmqU,0.007596,0.007404,0.005216,0.500865,6.277277,1015.510992,2026-02-10 20:00:46,3419,0.0099,1386.0000,0.0124,139936,1386,0,343,1729,241949344
Ce que vous ne saviez pas sur la démocratie #démocratie #histoire #arte #evq,https://www.youtube.com/watch?v=ORMMOOx7tyU,0.006534,0.007712,0.017399,0.498612,0.619762,100.029623,2025-09-27 08:00:34,116,0.0121,333.0000,0.0124,27438,333,0,6,339,9301482
Russie : le rock de la résistance | ARTE Reportage,https://www.youtube.com/watch?v=BaXzGOqux0U,0.005959,0.007279,0.040979,0.496317,0.156939,25.212509,2025-05-13 15:30:15,802,0.0111,115.0000,0.0124,10362,115,0,13,128,1326336
Fais le mort ! - Vivre avec le diabète | Documentaire | La Lucarne | ARTE,https://www.youtube.com/watch?v=BVPa0aQeas4,0.005405,0.007742,0.065764,0.493511,0.493438,78.962113,2026-04-06 13:00:28,4864,0.0094,62.0000,0.0123,6561,62,0,19,81,531441
Irons-nous vivre en Amasie ? |  42 - La réponse à presque tout | ARTE,https://www.youtube.com/watch?v=V2cXACn8FVs,0.007163,0.007494,0.007826,0.499615,0.930688,150.727641,2025-03-06 10:00:39,1696,0.0119,863.0000,0.0123,72231,863,0,28,891,64357821
Les enfants rendent-ils heureux ? | Unhappy | ARTE,https://www.youtube.com/watch?v=gCOMiDv6-uY,0.009930,0.007239,0.002687,0.500502,4.034966,654.150201,2025-05-10 18:00:40,1604,0.0110,2976.0000,0.0123,270741,2976,0,363,3339,904004199
Corée du Nord : la métamorphose | ARTE Reportage (2018),https://www.youtube.com/watch?v=M9HbiJDqUqA,0.007280,0.007158,0.006198,0.500468,2.029047,328.861096,2025-08-04 15:30:12,766,0.0105,1134.0000,0.0123,107862,1134,0,196,1330,143456460
La Crise de la BD Franco-Belge | Arte Book Club | LIVE,https://www.youtube.com/watch?v=nfS_eIiIlfQ,0.006326,0.007304,0.020243,0.498538,0.163368,26.420062,2024-01-10 19:46:18,7341,0.0117,277.0000,0.0123,23773,277,0,16,293,6965489
Retour à Raqqa | Documentaire | ARTE,https://www.youtube.com/watch?v=nkWxRT36eNc,0.005727,0.008162,0.042732,0.496450,0.893629,143.908349,2026-04-16 08:03:35,3435,0.0103,109.0000,0.0123,10548,109,0,21,130,1371240
Chine : naître et ne pas être (2014) | ARTE Reportage,https://www.youtube.com/watch?v=ZUw5UK3aeK0,0.017107,0.007382,0.001060,0.500181,5.902902,958.067421,2024-06-06 09:00:34,2202,0.0118,8535.0000,0.0123,720713,8535,0,345,8880,6399931440
La richesse pour tous | Planète finance | ARTE,https://www.youtube.com/watch?v=Bfr67qhKb78,0.013295,0.007398,0.001540,0.500143,4.302153,698.521957,2024-08-20 15:30:04,3015,0.0119,5604.0000,0.0123,472890,5604,0,220,5824,2754111360
À travers l'Europe avec Jagoda Marinić | France | ARTE,https://www.youtube.com/watch?v=FG5hePpteic,0.005762,0.006946,0.039377,0.496848,0.095967,15.494683,2024-06-08 09:00:11,1741,0.0104,121.0000,0.0123,11625,121,0,22,143,1662375
Comment survivre dans le désert ? 🥵🌵 #react #documentaire,https://www.youtube.com/watch?v=Jm8CfQ9KhBE,0.006281,0.007451,0.032042,0.496951,0.112122,18.116466,2024-07-10 16:00:16,44,0.0121,157.0000,0.0123,13007,157,0,3,160,2081120
Peut-on éprouver de l'amour envers les serpents ? 🐍💖  #documentaire  #amour  #animaux,https://www.youtube.com/watch?v=S1GMha5GS14,0.006220,0.007132,0.018654,0.498953,0.179963,29.194315,2023-11-29 18:30:17,57,0.0111,306.0000,0.0123,27497,306,0,32,338,9293986
L'amour est dans le play (ft Jigmé) I Jour De Play,https://www.youtube.com/watch?v=dHeO4hlv4Hc,0.006149,0.037765,0.040161,0.496048,18.935939,3056.932552,2026-06-25 08:35:55,10395,0.0118,118.0000,0.0123,10009,118,0,5,123,1231107
À travers l'Europe avec Jagoda Marinić | Espagne : Liberté par-dessus tout ? | ARTE,https://www.youtube.com/watch?v=fenbZU4GUtE,0.005844,0.007104,0.057567,0.493999,0.057514,9.257015,2024-06-28 09:00:41,1965,0.0109,74.0000,0.0123,6760,74,0,9,83,561080
Nigeria : les germes de l’espoir | ARTE Reportage,https://www.youtube.com/watch?v=fLhjzD7sJts,0.006117,0.007294,0.027853,0.497796,0.205905,33.387102,2025-02-20 16:30:10,2194,0.0114,187.0000,0.0123,16458,187,0,15,202,3324516
Qu’y avait-il avant le big bang ? | 42 - La réponse à presque tout | ARTE,https://www.youtube.com/watch?v=grFczC5bYRY,0.014786,0.007347,0.001380,0.500702,16.599082,2706.289476,2025-11-21 14:01:16,1635,0.0107,6345.0000,0.0123,592808,6345,0,926,7271,4310306968
14 octobre 1066 - La bataille de Hastings | Quand l'histoire fait dates | ARTE,https://www.youtube.com/watch?v=ght7HB0Etfo,0.010898,0.007492,0.002197,0.500194,6.574005,1072.197663,2025-08-31 18:00:39,1598,0.0116,3744.0000,0.0123,322605,3744,0,211,3955,1275902775
"Wednesdays, le trailer l Jeux vidéo l ARTE",https://www.youtube.com/watch?v=GuxOOgSwcuE,0.006211,0.007345,0.023477,0.498218,0.268913,43.716248,2025-03-26 09:00:27,105,0.0115,231.0000,0.0123,20077,231,0,15,246,4938942
L'incendie du Reichstag - Quand la démocratie brûle | Documentaire | ARTE,https://www.youtube.com/watch?v=HOjkVkaEJJ4,0.007392,0.007530,0.005705,0.500631,6.014651,981.576654,2026-02-23 16:30:06,5431,0.0102,1249.0000,0.0122,122643,1249,0,253,1502,184209786
Colombie : l'impossible réconciliation ? | ARTE Reportage,https://www.youtube.com/watch?v=AWqQctDRNWA,0.007433,0.007273,0.006179,0.499901,0.777075,126.797290,2024-05-13 15:30:02,1508,0.0116,1138.0000,0.0122,98393,1138,0,67,1205,118563565
La guerre de Poutine (1/2) | L'invasion | ARTE,https://www.youtube.com/watch?v=za0SSAj4Wfc,0.008482,0.007523,0.003842,0.500618,8.357512,1369.449439,2026-02-10 19:01:04,3240,0.0105,1974.0000,0.0122,188765,1974,0,329,2303,434725795
Syrie : le chaudron druze | ARTE Reportage,https://www.youtube.com/watch?v=EuwqiRJNaFA,0.007395,0.006887,0.005571,0.500809,2.310784,378.760493,2025-07-17 15:30:16,758,0.0098,1284.0000,0.0122,131046,1284,0,314,1598,209411508
Au-delà des Mots 📖🔍💬 #arte #documentaire #dyslexie,https://www.youtube.com/watch?v=iFkHrz_piFg,0.006453,0.007379,0.018555,0.498441,0.155548,25.437150,2023-09-29 17:30:05,58,0.0121,308.0000,0.0122,25511,308,0,3,311,7933921
Une histoire de la nudité (1/2) | Documentaire | ARTE,https://www.youtube.com/watch?v=N3Lq0t6kGMU,0.007408,0.009314,0.006056,0.500035,14.379382,2357.534970,2026-05-15 18:00:17,2648,0.0113,1165.0000,0.0122,103454,1165,0,96,1261,130455494
"Échange de prisonniers : enfin libres, et ensuite ? | Tracks East | ARTE",https://www.youtube.com/watch?v=CAqjpDIAOPI,0.006105,0.007381,0.054775,0.493900,0.065288,10.584621,2024-10-08 15:30:03,1869,0.0119,79.0000,0.0122,6647,79,0,2,81,538407
"Entre deux mondes (1848-1933) | Émigrés européens, des récits oubliés (3/3) | ARTE",https://www.youtube.com/watch?v=GC2q_bfH_fY,0.007159,0.007467,0.007047,0.499923,2.192171,359.482665,2025-10-31 16:30:14,3311,0.0113,976.0000,0.0122,86256,976,0,75,1051,90655056
🍔 Les Burgers Sanglants : le film dont vous êtes le héros #cinema #ponce,https://www.youtube.com/watch?v=TU7HMFlNFNY,0.006150,0.007569,0.033052,0.496943,0.314666,51.326370,2025-10-20 13:44:19,55,0.0117,151.0000,0.0122,12886,151,0,6,157,2023102
L'histoire bouleversante des GI infiltrés par la CIA #vietnamwar #laos #armee #arteinfo #reportage,https://www.youtube.com/watch?v=1Nde335n6iU,0.006484,0.007410,0.014794,0.499000,0.504876,82.687264,2025-05-06 17:00:04,105,0.0117,405.0000,0.0122,34557,405,0,16,421,14548497
Russie : le mirage du gaz naturel | ARTE Reportage,https://www.youtube.com/watch?v=fuda-ASjXnM,0.007653,0.006561,0.004970,0.501077,0.997970,163.791259,2023-11-13 16:30:07,1432,0.0093,1466.0000,0.0122,156903,1466,0,445,1911,299841633
"Afghanistan : affaires, pouvoir et talibans | Tracks East | ARTE",https://www.youtube.com/watch?v=TgwBOFnIcT8,0.006403,0.007226,0.013091,0.499490,0.669243,109.810302,2025-06-07 09:00:39,1835,0.0111,469.0000,0.0122,42415,469,0,47,516,21886140
Sauver le plus grand barrage de Géorgie | ARTE Regards,https://www.youtube.com/watch?v=hxQ6NMgAnJQ,0.006456,0.008236,0.014185,0.499153,2.556250,419.451724,2026-04-01 10:00:56,1819,0.0115,426.0000,0.0122,37002,426,0,24,450,16650900
Allons-nous devenir des cyborgs ? | 42 - La réponse à presque tout | ARTE,https://www.youtube.com/watch?v=EjYiycDK6JI,0.010656,0.007175,0.002329,0.500515,5.366161,882.331219,2025-06-27 13:00:34,1804,0.0108,3503.0000,0.0122,323013,3503,0,425,3928,1268795064
🔎 Stream React « TikTok et le business des passeurs de migrants » I LE DOCK I REPLAY LIVE I ARTE,https://www.youtube.com/watch?v=zqitRkDRSdg,0.005694,0.006948,0.044323,0.496135,0.118448,19.329179,2025-01-25 10:01:08,4648,0.0104,104.0000,0.0122,10036,104,0,18,122,1224392
Somalie : le retour de Daech | ARTE Reportage,https://www.youtube.com/watch?v=w5HmVzMkSZM,0.008858,0.007638,0.003449,0.500341,8.444986,1389.239677,2026-02-02 16:30:34,1489,0.0110,2235.0000,0.0122,202752,2235,0,229,2464,499580928
À quoi ressemble une vie de plante ? | 42 - La réponse à presque tout | ARTE,https://www.youtube.com/watch?v=NnmJFiMpi-4,0.010975,0.007321,0.002147,0.500021,2.498188,411.432980,2024-04-30 15:51:26,1662,0.0118,3843.0000,0.0121,324609,3843,0,98,3941,1279284069
"Kool Herc, le pionnier du breakdance 🎧 Viens on danse : épisode 5 🔥#shorts #arte #breakdance",https://www.youtube.com/watch?v=kghr3XG3z1A,0.006237,0.007275,0.027734,0.497481,0.065028,10.657930,2022-06-05 16:00:33,42,0.0119,188.0000,0.0121,15816,188,0,4,192,3036672
Orques de Gibraltar : d'étranges attaques | ARTE,https://www.youtube.com/watch?v=bOUHWCoqcxs,0.006600,0.009389,0.009900,0.499866,9.164520,1512.885456,2026-05-19 18:00:35,3148,0.0108,654.0000,0.0121,60337,654,0,76,730,44046010
"Iran : le mollah, les femmes et le voile | ARTE Reportage (2025)",https://www.youtube.com/watch?v=TWO2VZELcNU,0.011695,0.006656,0.002108,0.501258,5.893445,974.453936,2025-04-22 13:00:52,1689,0.0093,3925.0000,0.0121,421052,3925,0,1167,5092,2143996784
L'arbre de l'authenticité | La Lucarne | ARTE,https://www.youtube.com/watch?v=jhigqVu-LNg,0.006135,0.007492,0.028467,0.497522,0.371615,61.139456,2025-10-14 15:30:33,5178,0.0116,182.0000,0.0121,15712,182,0,8,190,2985280
Une ville assiégée | The Last Town - une ville contre la Silicon Valley (1/3) | ARTE,https://www.youtube.com/watch?v=FldT8h9ceU4,0.006259,0.007249,0.022158,0.498181,0.137850,22.710354,2023-12-09 11:00:17,1284,0.0117,248.0000,0.0121,21170,248,0,8,256,5419520
Quelles sont les nouvelles règles du jeu sexuel ? | Les idées larges |  ARTE,https://www.youtube.com/watch?v=k9ebntGQZaI,0.018276,0.007027,0.001010,0.500454,4.007436,663.081946,2023-02-15 19:00:20,1650,0.0111,9017.0000,0.0121,814822,9017,0,831,9848,8024367056
"Irlande du Nord, la frontière de tous les dangers | ARTE",https://www.youtube.com/watch?v=tLzn45EtMzE,0.008991,0.006954,0.003315,0.500483,1.606831,265.848196,2024-03-27 14:00:42,3179,0.0107,2339.0000,0.0121,218806,2339,0,305,2644,578523064
Les secrets des bronzes d'Ilé-Ifé | Les mystérieux trésors du Nigeria | ARTE,https://www.youtube.com/watch?v=iR4OuMUyrEE,0.007030,0.007051,0.006890,0.500301,1.646302,272.420243,2025-07-12 13:01:17,3158,0.0105,1002.0000,0.0121,95644,1002,0,153,1155,110468820
Eydel - Le coeur vers le ciel | VINGT ANS | ARTE,https://www.youtube.com/watch?v=At301PjVDxA,0.006169,0.007103,0.017842,0.498985,0.315365,52.107102,2024-12-12 19:00:05,1347,0.0110,323.0000,0.0121,29328,323,0,31,354,10382112
Harry vs William - Querelle royale | ARTE,https://www.youtube.com/watch?v=VtlSkYPyKqQ,0.007115,0.010755,0.006809,0.500098,21.806673,3611.703692,2026-06-02 19:00:08,3179,0.0109,1016.0000,0.0121,93329,1016,0,110,1126,105088454
Blé : le pouvoir est-il dans les champs ? | Square Idée | ARTE,https://www.youtube.com/watch?v=oi0Djcil1N8,0.006273,0.007119,0.017980,0.498746,0.121772,20.152170,2022-09-09 19:00:18,1584,0.0114,320.0000,0.0120,27968,320,0,17,337,9425216
La crise de la quarantaine : le milieu de la vie | Unhappy | ARTE,https://www.youtube.com/watch?v=knezO5nv_Ec,0.010511,0.007251,0.002350,0.500199,4.508657,750.013573,2025-05-16 18:00:45,1610,0.0113,3467.0000,0.0120,305917,3467,0,210,3677,1124856809
Rénover plutôt que construire | ARTE Regards,https://www.youtube.com/watch?v=wZNCJPlDiUc,0.006788,0.007033,0.008718,0.499789,0.395491,65.791953,2023-08-24 10:00:49,1909,0.0111,760.0000,0.0120,68372,760,0,61,821,56133412
Israël : les naufragés des deux Palestine | ARTE Reportage,https://www.youtube.com/watch?v=3hu4FWtOGLQ,0.010466,0.006295,0.002588,0.501431,0.965321,160.757008,2020-06-29 16:30:01,1440,0.0088,3106.0000,0.0120,352049,3106,0,1121,4227,1488111123
Maroc : les nouveaux rois du Rif (2022) | ARTE Reportage,https://www.youtube.com/watch?v=hI4YfDfpTXI,0.007619,0.007070,0.005065,0.500582,3.615224,602.017872,2025-11-05 19:00:52,1496,0.0101,1434.0000,0.0120,141378,1434,0,263,1697,239918466
Liban : anatomie d'une guerre | Documentaire | ARTE,https://www.youtube.com/watch?v=F-q4DRggkX4,0.006455,0.006860,0.009032,0.500474,1.670467,278.630252,2025-09-30 18:00:16,4168,0.0097,729.0000,0.0120,75476,729,0,175,904,68230304
Walt Disney - Le père de Mickey (2/2) | Documentaire | ARTE,https://www.youtube.com/watch?v=YCkQU4FWZq0,0.007015,0.007459,0.007480,0.499810,2.376858,396.658117,2025-12-06 19:00:24,6633,0.0113,910.0000,0.0120,80855,910,0,58,968,78267640
Et si la vie était à l’envers ? | 42 - La réponse à presque tout | ARTE,https://www.youtube.com/watch?v=OdtOToDel98,0.006566,0.007793,0.010923,0.499500,2.560954,427.241473,2026-02-27 14:00:43,1777,0.0113,582.0000,0.0120,51717,582,0,37,619,32012823
"Moi, enfant de mes parents | Psycho | ARTE",https://www.youtube.com/watch?v=Csx9Zj3Jag8,0.007088,0.007180,0.007303,0.499717,0.747412,124.825522,2024-09-12 09:00:21,1598,0.0115,936.0000,0.0120,81668,936,0,41,977,79789636
Japon : la fin du pacifisme ? | ARTE,https://www.youtube.com/watch?v=QWbRZbjoGzs,0.008076,0.007102,0.004345,0.500268,2.475894,413.818680,2025-06-11 18:00:21,3168,0.0108,1713.0000,0.0120,158030,1713,0,177,1890,298676700
"Sissi, nouveau pharaon d’Égypte | Documentaire | ARTE",https://www.youtube.com/watch?v=n6LxvIQbd78,0.012106,0.007232,0.001871,0.500579,12.230553,2048.001716,2025-12-02 19:00:56,3218,0.0106,4495.0000,0.0119,425657,4495,0,588,5083,2163614531
Bonheur & Santé | Unhappy | ARTE,https://www.youtube.com/watch?v=3eNaBZ-BE8o,0.009399,0.007155,0.002960,0.499986,1.419266,237.925868,2023-11-04 14:00:02,1593,0.0116,2664.0000,0.0119,230086,2664,0,80,2744,631355984
"🇪🇺 Mercosur, viande de labo et PAC : on en parle dans EuroGuessr (depuis Bruxelles)",https://www.youtube.com/watch?v=noqWDhpJP1I,0.005929,0.007208,0.027154,0.497931,0.380227,63.472766,2025-09-22 20:26:09,10975,0.0109,193.0000,0.0119,17695,193,0,18,211,3733645
Avez-vous peur des punaises de lit ? 😱🛌  #documentaire  #faune #urbaine,https://www.youtube.com/watch?v=jQYMD4yhvTQ,0.006396,0.007118,0.014129,0.499062,0.235019,39.358757,2023-11-22 18:30:33,60,0.0115,428.0000,0.0119,37346,428,0,17,445,16618970
"Bijoux éthiques, durables et équitables | ARTE Regards",https://www.youtube.com/watch?v=aVJMgLl8dpE,0.006161,0.007128,0.022232,0.498193,0.137408,22.980747,2023-12-06 11:00:02,1819,0.0115,247.0000,0.0119,21491,247,0,9,256,5501696
La fin de la télévision ? | Idée 3D | ARTE,https://www.youtube.com/watch?v=tus1f7BnfQQ,0.005896,0.006762,0.020243,0.498985,0.139635,23.376725,2023-05-09 19:00:21,1611,0.0103,277.0000,0.0119,26786,277,0,42,319,8544734
Le temps c'est de l'argent | C'est juste une question de temps (2/4) | ARTE,https://www.youtube.com/watch?v=U6jnmLUW9Jw,0.006401,0.007029,0.012707,0.499341,0.277539,46.538901,2023-12-06 15:06:49,823,0.0112,486.0000,0.0119,43514,486,0,32,518,22540252
"En Croatie, attention aux serpents ! | ARTE Regards",https://www.youtube.com/watch?v=c87uz1WT38s,0.006150,0.038004,0.018262,0.498802,52.400457,8781.508041,2026-06-25 10:00:16,1839,0.0111,314.0000,0.0119,28238,314,0,22,336,9487968
Le temps de ta vie | Unhappy | ARTE,https://www.youtube.com/watch?v=Z42SioK5yIs,0.018742,0.007141,0.000947,0.500115,5.076445,853.197105,2023-10-20 15:30:16,1589,0.0116,9690.0000,0.0119,837828,9690,0,279,9969,8352307332
La seconde vie des éoliennes | ARTE Regards,https://www.youtube.com/watch?v=frX2Ksh-2Pw,0.006153,0.006857,0.013576,0.499661,0.468999,78.681215,2024-12-24 11:00:56,1833,0.0104,449.0000,0.0119,43367,449,0,67,516,22377372
Darwin express : Les nouveaux défis de l'évolution | Documentaire | ARTE,https://www.youtube.com/watch?v=9gGQUY8hkg0,0.006517,0.012723,0.010413,0.499693,19.839608,3330.228334,2026-06-11 15:30:36,3163,0.0109,616.0000,0.0119,56568,616,0,57,673,38070264
Mettre fin à la guerre ou bâtir la paix ? | ARTE,https://www.youtube.com/watch?v=pabvkO5jjPw,0.006312,0.007195,0.015073,0.499026,0.486029,81.559698,2025-04-25 15:30:22,5442,0.0113,396.0000,0.0119,34988,396,0,20,416,14555008
COUPS DE COEUR - DU 13 AU 19 AVRIL - ARTE,https://www.youtube.com/watch?v=b5kR4Do14Co,0.005782,0.006923,0.060693,0.493258,0.019712,3.282236,2021-04-13 06:30:06,131,0.0111,69.0000,0.0119,6244,69,0,5,74,462056
Le vin bio menacé 🍷,https://www.youtube.com/watch?v=0fAfdFCfZFI,0.005894,0.007731,0.042129,0.495840,0.474423,79.397474,2026-02-24 06:30:00,160,0.0112,111.0000,0.0118,9874,111,0,6,117,1155258
Inde : vivre sous 50 degrés | ARTE Reportage,https://www.youtube.com/watch?v=Zn0k_EopH24,0.011989,0.006929,0.001884,0.500452,4.047286,683.558729,2024-10-27 11:00:38,769,0.0107,4460.0000,0.0118,416406,4460,0,470,4930,2052881580
Alpes : sous la menace des coulées de boue | Reportage 2025 | ARTE Regards,https://www.youtube.com/watch?v=gi2g_IdvHHE,0.006482,0.007354,0.012066,0.499255,1.041768,175.768282,2025-10-13 10:01:13,1814,0.0114,517.0000,0.0118,45386,517,0,20,537,24372282
Laser Disc 2023 : émission en public | ARTE,https://www.youtube.com/watch?v=-syWreZjXos,0.004906,0.006111,0.080650,0.491409,0.038409,6.401580,2024-01-12 10:00:00,4369,0.0082,47.0000,0.0118,5750,47,0,21,68,391000
Terra incognita : notre rapport aux technologies | Documentaire | La Lucarne | ARTE,https://www.youtube.com/watch?v=9JgjAjhp2lY,0.005817,0.014650,0.053740,0.494246,3.376760,564.656344,2026-06-15 18:00:26,5324,0.0111,81.0000,0.0118,7274,81,0,5,86,625564
"La nouvelle puissance de la Chine, qui s’y oppose ? | Tracks East | ARTE",https://www.youtube.com/watch?v=fCZi1YFrfPA,0.007677,0.006846,0.004878,0.500517,2.329189,393.966750,2025-06-17 18:00:43,1815,0.0101,1498.0000,0.0118,148085,1498,0,252,1750,259148750
Les débris spatiaux nous menacent-ils ? | 42 - La réponse à presque tout | ARTE,https://www.youtube.com/watch?v=aBAeCDeYPIY,0.006244,0.007335,0.014526,0.499194,1.085106,183.336552,2025-12-05 14:00:01,1823,0.0110,414.0000,0.0118,37593,414,0,30,444,16691292
Las Vegas et le rêve américain | Documentaire | ARTE,https://www.youtube.com/watch?v=mnVoMLbI-dU,0.006249,0.008470,0.015564,0.498986,3.141295,530.847595,2026-04-25 15:30:25,5376,0.0112,381.0000,0.0118,33967,381,0,20,401,13620767
La machine à vapeur est-elle à l'origine de la révolution industrielle ? | Est-il vrai que..? | ARTE,https://www.youtube.com/watch?v=woGGqBA4uk0,0.008014,0.007118,0.004396,0.500174,2.913886,493.460388,2025-08-17 10:01:30,1427,0.0109,1690.0000,0.0118,155546,1690,0,146,1836,285582456
Gaming : une industrie en crise #Gaming #JeuxVidéo,https://www.youtube.com/watch?v=_82vF-UaAqM,0.006160,0.007275,0.024159,0.497820,0.259195,43.755788,2025-04-18 16:00:54,76,0.0117,223.0000,0.0118,19076,223,0,2,225,4292100
Afrique du Sud : l’hôpital sur rails | ARTE Reportage,https://www.youtube.com/watch?v=T9yHa7Ad1go,0.005961,0.007046,0.034705,0.496704,0.073552,12.405444,2023-09-26 13:00:19,1481,0.0114,142.0000,0.0118,12481,142,0,5,147,1834707
Sicile : à qui profitent les incendies ? | Reportage 2025 | ARTE Regards,https://www.youtube.com/watch?v=kRnV1FoRQU4,0.005736,0.006959,0.022758,0.498784,0.582228,98.598938,2025-10-29 11:01:39,1840,0.0101,240.0000,0.0118,23878,240,0,41,281,6709718
Latinas : leur cauchemar européen | Reportage 2025 | ARTE Regards,https://www.youtube.com/watch?v=0nLQSAJQnMQ,0.014253,0.007217,0.001418,0.500293,12.577632,2137.979322,2025-10-10 09:00:03,1837,0.0110,6153.0000,0.0118,558563,6153,0,418,6571,3670317473
Les armes secrètes de Poutine (2/2) | Le pouvoir des nouvelles alliances | ARTE,https://www.youtube.com/watch?v=9koehl0fK-Y,0.009263,0.007016,0.003091,0.500734,7.773517,1321.131448,2025-12-16 20:00:09,3065,0.0099,2535.0000,0.0118,256034,2535,0,477,3012,771174408
Le martyre des lévriers espagnols | Reportage | ARTE Regards,https://www.youtube.com/watch?v=lUKmTOu4PBg,0.006661,0.006828,0.007544,0.500569,2.509305,426.613418,2025-11-18 11:01:35,1825,0.0095,901.0000,0.0118,94782,901,0,213,1114,105587148
Chine : les rêves brisés de la jeunesse | ARTE Reportage,https://www.youtube.com/watch?v=Y6CB-TnVSho,0.025628,0.006962,0.000675,0.500394,12.859874,2188.383293,2024-11-11 11:00:30,1507,0.0109,14165.0000,0.0118,1300280,14165,0,1116,15281,19869578680
Avons-nous tous un sosie ? | 42 - la réponse à presque tout | ARTE,https://www.youtube.com/watch?v=0FzM5QaR8CU,0.007170,0.006945,0.006437,0.499905,0.670877,114.124440,2024-02-16 14:00:00,1650,0.0110,1085.0000,0.0117,98495,1085,0,72,1157,113958715
Une espèce à part : dans la toile de la vie #biodiversité #humanité,https://www.youtube.com/watch?v=8xyJ0aeR9rI,0.005902,0.007062,0.030068,0.497402,0.202476,34.353866,2025-04-07 16:00:09,143,0.0111,170.0000,0.0117,15355,170,0,10,180,2763900
"Rideau de fer, l'occupation soviétique (Intégrale) | Documentaire | ARTE",https://www.youtube.com/watch?v=fUgqES2I0RA,0.006923,0.009999,0.006780,0.500343,20.648019,3521.085276,2026-05-30 19:00:23,10010,0.0101,1021.0000,0.0117,101550,1021,0,169,1190,120844500
Grecs contre Perses | Au temps des guerres médiques | ARTE,https://www.youtube.com/watch?v=NaIHL2LGQ0Y,0.010033,0.007600,0.002566,0.500205,13.178948,2248.810664,2026-02-21 16:30:08,5424,0.0110,3137.0000,0.0117,285475,3137,0,208,3345,954913875
Une ressource à préserver | ARTE Regards,https://www.youtube.com/watch?v=rq4ajONqHoc,0.006671,0.006724,0.008182,0.500050,0.444192,75.805918,2023-08-23 13:00:44,1912,0.0104,819.0000,0.0117,78845,819,0,104,923,72773935
Western Lands - Un road-movie dans l'ouest américain | ARTE,https://www.youtube.com/watch?v=jaQ62OGcYrc,0.006332,0.007234,0.011579,0.499574,1.522700,259.956193,2025-12-15 14:01:17,5009,0.0107,543.0000,0.0117,50704,543,0,50,593,30067472
Ils imaginent le train du futur... (Jeu de rôle) | EUROPARTIE | ARTE,https://www.youtube.com/watch?v=aANPsUdM8nw,0.005778,0.007865,0.063480,0.492682,0.347727,58.649929,2026-03-21 10:00:00,4007,0.0112,65.0000,0.0117,5819,65,0,3,68,395692
La CHINATOWN de Toscane | Reportage | ARTE Regards,https://www.youtube.com/watch?v=NnSzODXNo4A,0.005872,0.006814,0.015496,0.499655,0.865335,147.785593,2025-10-06 10:00:44,1833,0.0098,383.0000,0.0117,39195,383,0,75,458,17951310
💿 Laser Disc avec Mehdi Maïzi @LaPanny et @chilla et Sophian Fanen | REPLAY LIVE I ARTE,https://www.youtube.com/watch?v=ZXDu2gnEb4E,0.005909,0.007015,0.031880,0.497103,0.128509,21.871257,2024-09-20 18:17:13,6952,0.0112,158.0000,0.0117,14126,158,0,7,165,2330790
The Merlies | Jeux Vidéo | Bande Annonce | ARTE,https://www.youtube.com/watch?v=cYxklwKz16U,0.005761,0.006803,0.032538,0.497260,0.082499,14.065915,2023-09-08 09:12:06,39,0.0107,154.0000,0.0117,14407,154,0,14,168,2420376
Qui a tué l'Empire romain ? | Documentaire | ARTE,https://www.youtube.com/watch?v=Ww-uw-C-MpI,0.009995,0.010012,0.002584,0.500218,53.970744,9254.077674,2026-05-28 19:00:02,5389,0.0109,3112.0000,0.0117,285403,3112,0,216,3328,949821184
Les citoyens du Reich - Au coeur de l’extrême droite allemande | ARTE,https://www.youtube.com/watch?v=LZNWLVIZayY,0.007084,0.006375,0.005934,0.500816,0.950132,162.983765,2024-04-22 09:00:13,3151,0.0092,1193.0000,0.0117,129940,1193,0,321,1514,196729160
Peut-on cohabiter avec les ours? 🐻 #ours #canada #nature #environnement #arteinfo #reportage,https://www.youtube.com/watch?v=hJIES21mIyQ,0.005940,0.007000,0.022529,0.498332,0.310524,53.103254,2025-05-04 09:01:04,68,0.0109,243.0000,0.0117,22317,243,0,17,260,5802420
"1969-1970, ils ont marché sur la Lune | La conquête de la Lune : toute l'histoire (3/3) | ARTE",https://www.youtube.com/watch?v=YqAehyUE19A,0.006475,0.006507,0.007439,0.501390,4.675141,802.312686,2026-02-01 19:00:26,6129,0.0078,916.0000,0.0116,117812,916,0,456,1372,161638064
Italie : Un village oublié | Reportage | ARTE Regards,https://www.youtube.com/watch?v=q865B6TqnT0,0.007222,0.007265,0.006074,0.499997,3.349843,574.874815,2025-12-23 11:01:45,1838,0.0108,1161.0000,0.0116,107601,1161,0,92,1253,134824053
Mexique : l’impossible deuil des familles (2021) | ARTE Reportage,https://www.youtube.com/watch?v=pGB1_4mkl6E,0.006456,0.007015,0.011368,0.499313,0.450718,77.279737,2024-09-26 13:00:55,2193,0.0112,555.0000,0.0116,49466,555,0,21,576,28492416
La high-tech qui sauve des vies | ARTE Regards,https://www.youtube.com/watch?v=f8qAH08L1FM,0.006433,0.006795,0.010300,0.499647,0.326985,56.245295,2023-08-28 10:00:28,1921,0.0107,624.0000,0.0116,58226,624,0,52,676,39360776
Bison : une histoire de l'Amérique (2/2) | Le chemin d'une renaissance | ARTE,https://www.youtube.com/watch?v=dWhs57bbWJA,0.006099,0.007790,0.018262,0.498643,1.579980,271.400075,2026-03-16 20:00:30,6739,0.0111,314.0000,0.0116,28171,314,0,13,327,9211917
"Tirer sur les manifestants, un geste qui revient...",https://www.youtube.com/watch?v=IgCDyCOEnaI,0.006410,0.006847,0.009812,0.499871,0.958586,164.951799,2025-06-06 14:30:08,48,0.0104,661.0000,0.0116,63841,661,0,80,741,47306181
Soigner et soulager sans chirurgie | ARTE Regards,https://www.youtube.com/watch?v=mju0uABZa4k,0.006289,0.006811,0.011817,0.499512,0.361257,62.192728,2024-04-22 10:00:36,1838,0.0107,530.0000,0.0116,49581,530,0,45,575,28509075
"Les bodybuildeuses, fortes et féminines | ARTE Regards",https://www.youtube.com/watch?v=PZXRF3Lc6WY,0.009693,0.006854,0.002762,0.500361,3.468117,598.094084,2025-03-27 11:00:35,1838,0.0105,2884.0000,0.0116,274031,2884,0,293,3177,870596487
Des vélos pour la Zambie | Arte Reportage (2012),https://www.youtube.com/watch?v=gH2vyw9nAgA,0.006087,0.007041,0.016018,0.499027,0.629008,108.304055,2025-08-18 15:30:21,1599,0.0108,368.0000,0.0116,34006,368,0,26,394,13398364
1911 : la conquête du pôle Sud | Quand l'histoire fait dates | ARTE,https://www.youtube.com/watch?v=NMODhBZGZ5U,0.007475,0.007168,0.005461,0.499820,2.363843,408.396343,2025-09-13 13:00:49,1580,0.0112,1314.0000,0.0116,117655,1314,0,47,1361,160128455
Le corps qui plaît vraiment aux femmes ?,https://www.youtube.com/watch?v=1Vi1T1NFnr0,0.006126,0.007620,0.011911,0.499814,3.466688,598.936155,2026-04-02 05:30:00,44,0.0100,525.0000,0.0116,52349,525,0,80,605,31671145
13 juin -323 : mort d'Alexandre le Grand | Quand l'histoire fait dates | ARTE,https://www.youtube.com/watch?v=Vo2A3Z3RPM0,0.012265,0.007132,0.001762,0.500040,7.431717,1289.005470,2025-07-31 13:00:58,1595,0.0112,4812.0000,0.0115,428066,4812,0,123,4935,2112505710
"Acheter un passeport, c'est possible !",https://www.youtube.com/watch?v=E5hdgkcC8Wg,0.006120,0.007091,0.016979,0.498741,0.519003,89.799131,2025-07-20 16:00:30,124,0.0111,343.0000,0.0115,30798,343,0,12,355,10933290
"Kentucky : Trump, envers et contre tout | ARTE Reportage",https://www.youtube.com/watch?v=YcNBsyjIyvc,0.012624,0.006594,0.001889,0.501164,12.812587,2224.056919,2025-11-17 16:30:12,1437,0.0090,4446.0000,0.0115,495842,4446,0,1266,5712,2832249504
Gucci: le porno devient chic avec Tom Ford!,https://www.youtube.com/watch?v=DJd3s_DbMc0,0.006049,0.007150,0.021253,0.498200,0.407003,70.416153,2025-08-04 15:00:30,173,0.0113,261.0000,0.0115,23097,261,0,5,266,6143802
Dans le piège des mines en Turquie  | ARTE Regards,https://www.youtube.com/watch?v=irBKyfL2MIM,0.005791,0.006688,0.019891,0.498889,0.276734,47.945811,2024-11-27 11:00:50,1813,0.0102,283.0000,0.0115,27721,283,0,36,319,8842999
🇪🇺  Train : l'Europe accélère ? I EUROGUESSR,https://www.youtube.com/watch?v=hsouGd7LDzo,0.005757,0.007670,0.034134,0.496912,0.750780,129.666941,2026-03-17 09:45:19,11874,0.0108,145.0000,0.0115,13385,145,0,9,154,2061290
Mariages : l’écologie s’invite à la fête | Reportage | ARTE Regards,https://www.youtube.com/watch?v=UIkgSF0MyiY,0.005816,0.006957,0.023152,0.498332,0.426361,73.923663,2025-09-01 10:01:01,1838,0.0106,235.0000,0.0115,22193,235,0,20,255,5659215
Ukraine : la vie en suspens | ARTE Reportage,https://www.youtube.com/watch?v=qL7dBH8pZps,0.005561,0.006531,0.028593,0.498022,0.106492,18.456643,2023-10-16 15:30:18,764,0.0099,181.0000,0.0115,18198,181,0,28,209,3803382
"Comment la ""danse Tecktonik"" est née #danse #tecktonik",https://www.youtube.com/watch?v=rPIFqk88KkE,0.007010,0.022369,0.006855,0.499718,81.836131,14260.258092,2026-06-22 05:30:23,123,0.0110,1008.0000,0.0115,91309,1008,0,39,1047,95600523
Les buvettes trinquent | Reportage | ARTE Regards,https://www.youtube.com/watch?v=B-Ed4D3WS9Y,0.005636,0.006956,0.050434,0.494748,0.142550,24.617703,2025-07-30 10:00:27,1839,0.0107,88.0000,0.0115,8203,88,0,6,94,771082
Pouvons-nous hiberner ? | 42 - La réponse à presque tout | ARTE,https://www.youtube.com/watch?v=jO7JSTT-aog,0.006319,0.007032,0.010971,0.499542,1.262699,220.223693,2025-10-24 13:01:38,1525,0.0106,579.0000,0.0114,54415,579,0,44,623,33900545
Le bonheur et la gastronomie | Unhappy | ARTE,https://www.youtube.com/watch?v=M7TPGS0I2jo,0.007216,0.006872,0.006119,0.499721,0.625678,109.362569,2023-11-25 11:00:27,1582,0.0111,1151.0000,0.0114,103476,1151,0,32,1183,122412108
Se protéger des catastrophes climatiques | Bonnes nouvelles de la planète | ARTE,https://www.youtube.com/watch?v=tnoDo7b6dSA,0.005625,0.008304,0.070008,0.491665,0.493206,84.879993,2026-04-27 19:00:48,2612,0.0109,57.0000,0.0114,5249,57,0,3,60,314940
Un froid polaire frappe l'Europe du Nord | ARTE Regards,https://www.youtube.com/watch?v=Vvt9qDdjcu8,0.006151,0.007293,0.011687,0.499687,2.447768,428.006296,2026-02-25 11:01:02,1837,0.0102,537.0000,0.0114,52719,537,0,65,602,31736838
Washington vs MAGA : le conflit | ARTE Reportage,https://www.youtube.com/watch?v=kEBm5AaFNqg,0.006053,0.006661,0.012085,0.499790,0.805435,140.951146,2025-06-23 15:30:25,797,0.0099,516.0000,0.0114,52150,516,0,79,595,31029250
Béni soit l’argent | Unhappy | ARTE,https://www.youtube.com/watch?v=mzEmORXVqYc,0.012697,0.006677,0.001715,0.500347,2.818213,494.216314,2023-11-16 10:00:41,1547,0.0105,4960.0000,0.0114,472083,4960,0,423,5383,2541222789
L’Amérique de Trump | La grande fracture | ARTE,https://www.youtube.com/watch?v=ctl60IWVR_g,0.010355,0.007921,0.002402,0.500206,23.793398,4188.534629,2026-04-13 19:00:38,3204,0.0106,3383.0000,0.0114,317660,3383,0,225,3608,1146117280
Trump VS les sciences du climat | Scope | ARTE,https://www.youtube.com/watch?v=rNbrP9fp24Q,0.005660,0.006552,0.018456,0.499248,0.460029,80.791722,2025-05-26 19:57:49,10044,0.0096,310.0000,0.0114,32139,310,0,55,365,11730735
"Princes et croupiers | Monaco, la grande histoire d'un micro-État (1/3) | ARTE",https://www.youtube.com/watch?v=j8MBt78Vz0w,0.007424,0.006880,0.005255,0.500099,2.626442,462.716917,2025-09-16 15:30:26,2727,0.0104,1374.0000,0.0113,131868,1374,0,122,1496,197274528
"Joseph Rotblat, la science au service de la paix | ARTE",https://www.youtube.com/watch?v=-oXt5zSBEZs,0.006218,0.006644,0.011508,0.499510,0.279804,49.272959,2023-08-05 18:00:00,5372,0.0105,547.0000,0.0113,52125,547,0,44,591,30805875
Les 24 heures du Mans - L’histoire d’une course mythique | Documentaire | ARTE,https://www.youtube.com/watch?v=R-UwZT_c0NA,0.009279,0.007595,0.002970,0.499967,12.096716,2133.080898,2026-03-07 19:00:23,2616,0.0110,2654.0000,0.0113,240698,2654,0,75,2729,656864842
COUPS DE COEUR- DU 10 AU 16 DÉCEMBRE - ARTE,https://www.youtube.com/watch?v=zAEEwiBmoDI,0.005718,0.006842,0.093937,0.487179,0.008152,1.401782,2019-12-10 16:14:16,132,0.0113,38.0000,0.0113,3353,38,0,0,38,127414
Surtourisme sur les chemins de Compostelle | ARTE Regards,https://www.youtube.com/watch?v=I9wmsvKbpqk,0.011892,0.006385,0.002006,0.500850,4.435803,783.721569,2024-12-10 11:00:18,1839,0.0094,4153.0000,0.0113,442939,4153,0,860,5013,2220453207
Ma vie après le traitement anti-obésité | ARTE Regards,https://www.youtube.com/watch?v=hGE83UR2AjU,0.008164,0.007554,0.003999,0.500321,11.791714,2084.521645,2026-03-31 10:00:53,1834,0.0101,1885.0000,0.0113,185971,1885,0,218,2103,391097013
Allons-nous trouver la théorie du tout ? | 42 - La réponse à presque tout | ARTE,https://www.youtube.com/watch?v=SvkG8Uo31YY,0.008096,0.007022,0.004088,0.500243,5.528990,977.557108,2025-12-27 16:30:14,1677,0.0103,1838.0000,0.0113,178839,1838,0,184,2022,361612458
"L’alpaga, le nouveau chouchou | ARTE Regards",https://www.youtube.com/watch?v=NmrKtvgUiHU,0.005516,0.007295,0.055855,0.493998,0.320186,56.017327,2026-02-17 11:00:38,1838,0.0105,77.0000,0.0113,7348,77,0,6,83,609884
Perdons-nous le contrôle sur l’IA ? | 42 - La réponse à presque tout | ARTE,https://www.youtube.com/watch?v=HyoABbailQQ,0.013321,0.006582,0.001616,0.500446,3.836800,679.403189,2024-05-24 13:00:17,1800,0.0102,5308.0000,0.0113,519805,5308,0,562,5870,3051255350
🇪🇺 🚀 L’Europe est-elle hors-jeu dans la conquête spatiale ? I EUROGUESSR,https://www.youtube.com/watch?v=HuZZ_8JwD-I,0.005690,0.007065,0.034705,0.496769,0.336729,59.246321,2025-11-17 21:37:56,11375,0.0108,142.0000,0.0113,13196,142,0,7,149,1966204
Cuisine et abondance | L’appart du futur – Bienvenue dans la « biosphère urbaine » (4/8) | ARTE,https://www.youtube.com/watch?v=Y6bYfQ55xPg,0.006414,0.006984,0.009737,0.499578,1.439798,254.687849,2025-10-25 10:00:59,1052,0.0106,667.0000,0.0113,62708,667,0,41,708,44397264
Découvrez comment TikTok Shop révolutionne le commerce en ligne #tiktok #surconsommation #arteinfo,https://www.youtube.com/watch?v=FK6QgmGpvpw,0.005888,0.006855,0.020486,0.498413,0.325056,57.416742,2025-04-14 17:00:16,110,0.0108,273.0000,0.0113,25259,273,0,12,285,7198815
🔴 Replay | Visite live de l'exposition Van Gogh au musée d'Orsay avec Manon Bril,https://www.youtube.com/watch?v=TiCmXyIbBe0,0.006367,0.006715,0.010356,0.499455,0.350104,62.023739,2023-12-11 21:47:14,4370,0.0108,620.0000,0.0113,57665,620,0,30,650,37482250
Kush : La drogue des morts-vivants #arte #artereportage #liberia,https://www.youtube.com/watch?v=DoVB-gn44GE,0.005941,0.007076,0.017796,0.498727,0.804535,142.338918,2025-11-28 17:00:32,129,0.0107,324.0000,0.0113,30165,324,0,16,340,10256100
De Gengis Khan à aujourd'hui | De la Perse à l'Iran : 3 000 ans de civilisations (3/3) | ARTE,https://www.youtube.com/watch?v=nCJN_2Fjzas,0.006904,0.007164,0.006763,0.499887,3.478201,617.288862,2026-01-21 19:00:52,3133,0.0105,1024.0000,0.0113,97433,1024,0,73,1097,106884001
"Le mammouth, une résurrection en laboratoire ? | ARTE",https://www.youtube.com/watch?v=bWqcv2xQtIg,0.009163,0.006562,0.003079,0.500399,2.354340,418.186279,2024-10-31 19:00:26,3159,0.0101,2546.0000,0.0113,252936,2546,0,301,2847,720108792
"Maroc, le tournant du cannabis médical | 360° Reportage | ARTE",https://www.youtube.com/watch?v=HzP3CvfW4zQ,0.007731,0.007360,0.004562,0.500428,9.805478,1742.366154,2026-03-25 14:00:20,1942,0.0098,1619.0000,0.0112,165610,1619,0,244,1863,308531430
Misérable solitude (2/2) | Justice à Vegas | ARTE,https://www.youtube.com/watch?v=G6wvvjGD75k,0.005427,0.006168,0.021121,0.499164,0.100246,17.789556,2022-01-19 15:00:19,3191,0.0091,263.0000,0.0112,28837,263,0,61,324,9343188
Liban : la guerre sans nom | ARTE Reportage,https://www.youtube.com/watch?v=MtSrWOCN8VI,0.007506,0.006250,0.004881,0.500732,1.444562,257.317895,2024-09-26 15:30:05,1499,0.0091,1497.0000,0.0112,164680,1497,0,351,1848,304328640
"Queen, ""We Are the Champions"" - Le plus grand hymne sportif de tous les temps | ARTE",https://www.youtube.com/watch?v=_EQMAcCBbPU,0.007471,0.006650,0.005115,0.500014,1.052573,187.517407,2024-07-07 13:00:36,3134,0.0105,1418.0000,0.0112,135217,1418,0,99,1517,205124189
"Raphaël : Budapest, 1983 | Tableaux volés | ARTE",https://www.youtube.com/watch?v=lNAq-Pp8FLY,0.005774,0.008235,0.022529,0.498256,2.183116,388.002369,2026-04-30 13:01:23,5257,0.0106,243.0000,0.0112,22927,243,0,14,257,5892239
La perte d'une grand mère I Rispondimi - Un dernier au revoir | ARTE,https://www.youtube.com/watch?v=P5Q3OINbwSQ,0.005725,0.006816,0.028342,0.497517,0.222799,39.551421,2025-04-23 18:00:31,1650,0.0107,183.0000,0.0112,17042,183,0,8,191,3255022
Crise chez les vignerons bordelais | ARTE Regards,https://www.youtube.com/watch?v=XEMboc9CeoA,0.006099,0.006159,0.009520,0.500405,0.523004,93.311178,2024-03-28 11:00:35,1789,0.0089,685.0000,0.0112,76718,685,0,174,859,65900762
COUPS DE CŒUR - DU 29 SEPTEMBRE AU 05 OCTOBRE - ARTE,https://www.youtube.com/watch?v=VKbR79fr1mo,0.005609,0.006702,0.073870,0.490844,0.013101,2.298093,2020-09-28 12:00:28,131,0.0110,53.0000,0.0112,4824,53,0,1,54,260496
Salvador : un modèle qui dérange | ARTE Reportage,https://www.youtube.com/watch?v=cIk7Kc53dnA,0.021733,0.006199,0.000963,0.501207,15.158538,2711.553505,2025-05-19 15:30:30,1537,0.0087,9511.0000,0.0112,1098142,9511,0,2766,12277,13481889334
Rivière rouge - Après les Farc | Documentaire | La Lucarne | ARTE,https://www.youtube.com/watch?v=QvvYo7nbL6I,0.005590,0.006916,0.029927,0.497516,0.430874,76.676981,2025-11-24 19:00:24,4216,0.0103,171.0000,0.0112,16550,171,0,14,185,3061750
Jeu de rôle : ils créent une loi sur le camping | EUROPARTIE | ARTE,https://www.youtube.com/watch?v=VU7zkagwylc,0.005496,0.008863,0.086004,0.488885,0.531706,93.164116,2026-05-16 09:00:41,3537,0.0107,43.0000,0.0112,4030,43,0,2,45,181350
"Sulawesi, l’île des premières images | Documentaire 2026 | ARTE",https://www.youtube.com/watch?v=H0k0Gv4MLfA,0.007293,0.007067,0.005436,0.500061,4.568640,818.407474,2026-01-22 14:00:20,3325,0.0103,1321.0000,0.0112,128530,1321,0,113,1434,184312020
Ukraine : chronique d’un village en guerre | ARTE Reportage,https://www.youtube.com/watch?v=VaImrXvdVxw,0.007793,0.006066,0.004432,0.500838,0.671710,120.530994,2022-03-15 11:30:11,753,0.0089,1674.0000,0.0111,188770,1674,0,429,2103,396983310
Palimpseste : l'histoire d'un nom | La Lucarne | Documentaire | ARTE,https://www.youtube.com/watch?v=Jy95r3xNPq4,0.005517,0.008406,0.075985,0.490595,0.499165,87.963908,2026-05-05 13:00:38,6520,0.0107,51.0000,0.0111,4758,51,0,2,53,252174
"Charles Ier d’Angleterre, du trône à l’échafaud | Documentaire | ARTE",https://www.youtube.com/watch?v=BSSD5zdU6Ew,0.008008,0.007277,0.004162,0.500124,8.098252,1453.321209,2026-02-28 19:00:11,5381,0.0103,1800.0000,0.0111,174167,1800,0,140,1940,337883980
Bison : une histoire de l'Amérique (1/2) | Mémoire de sang | ARTE,https://www.youtube.com/watch?v=_j_vZtiA2kg,0.006309,0.007515,0.010572,0.499387,3.033504,544.085502,2026-03-16 19:00:44,6614,0.0107,605.0000,0.0111,56498,605,0,24,629,35537242
Des Élamites à l’islam | De la Perse à l'Iran : 3 000 ans de civilisations (1/3) | ARTE,https://www.youtube.com/watch?v=TbIwPxRBcAQ,0.010622,0.006967,0.002327,0.500421,12.209053,2192.868465,2026-01-19 19:00:34,3085,0.0100,3507.0000,0.0111,350509,3507,0,395,3902,1367686118
Afrique du Sud : la baie solidaire | ARTE Reportage,https://www.youtube.com/watch?v=XmY1h3uac8k,0.006592,0.006505,0.007952,0.499796,0.265745,47.703424,2021-10-18 14:00:23,1473,0.0104,847.0000,0.0111,81766,847,0,63,910,74407060
Gazprom - L’arme parfaite | ARTE,https://www.youtube.com/watch?v=3i6zXA6arUk,0.006142,0.011476,0.010096,0.499952,19.302789,3464.182836,2026-06-09 13:00:26,5409,0.0097,639.0000,0.0111,66133,639,0,97,736,48673888
"USA : Californie, le feu par le feu | ARTE Reportage",https://www.youtube.com/watch?v=7I4iOflPTic,0.005937,0.006426,0.013451,0.499433,0.179907,32.284533,2022-08-30 16:30:02,1458,0.0101,454.0000,0.0111,45132,454,0,48,502,22656264
Arrêtez de finir vos jeux vidéo ! (ft. Mamapaprika) I Jour De Play| REPLAY LIVE I ARTE,https://www.youtube.com/watch?v=767d884Cqjs,0.005491,0.006521,0.034705,0.496969,0.104648,18.715970,2024-06-13 06:42:48,8835,0.0102,142.0000,0.0111,13950,142,0,13,155,2162250
Maroc : l'hiver d'après | ARTE Reportage,https://www.youtube.com/watch?v=-r-up9nkmfE,0.010467,0.006038,0.002540,0.501079,2.409658,433.940204,2024-03-03 10:00:00,1479,0.0086,3173.0000,0.0111,367641,3173,0,909,4082,1500710562
Les chasseurs de grêle | Reportage | ARTE Regards,https://www.youtube.com/watch?v=9VSci89TyNg,0.005541,0.006912,0.064221,0.492476,0.117868,20.917217,2025-09-17 10:00:15,1837,0.0108,64.0000,0.0111,5945,64,0,2,66,392370
"Une course, des pigeons et des millions | ARTE",https://www.youtube.com/watch?v=_1r-0ItJfQI,0.005672,0.007606,0.023560,0.498196,1.438714,258.292912,2026-04-03 19:00:24,5495,0.0104,230.0000,0.0111,22172,230,0,16,246,5454312
"USA : Arlington, la course au GNL | ARTE Reportage",https://www.youtube.com/watch?v=4kiE_a_CaTw,0.005707,0.006628,0.026279,0.497737,0.108020,19.392176,2023-10-30 14:11:00,739,0.0107,201.0000,0.0111,18850,201,0,8,209,3939650
Soudan : la guerre oubliée | ARTE Reportage,https://www.youtube.com/watch?v=_Imhpn7e-uw,0.009055,0.006613,0.003111,0.500119,2.146349,387.606490,2024-10-14 15:30:13,1486,0.0104,2516.0000,0.0111,241086,2516,0,153,2669,643458534
La Gomera : par amour des autres (2024) | ARTE Regards,https://www.youtube.com/watch?v=LXE86stAxKI,0.008300,0.006120,0.003839,0.500830,1.587413,286.727617,2024-05-15 10:00:16,1838,0.0089,1976.0000,0.0111,221989,1976,0,481,2457,545426973
Un jardin durable | ARTE Regards,https://www.youtube.com/watch?v=q_nt-DDvq4o,0.010169,0.006614,0.002452,0.500020,1.562478,282.936809,2023-07-03 10:00:36,1908,0.0107,3303.0000,0.0110,308745,3303,0,106,3409,1052511705
"Inde : Ghazipur, à l'ombre de la décharge | ARTE Reportage",https://www.youtube.com/watch?v=cZNNfRgHJ-g,0.006104,0.006842,0.010907,0.499658,1.713270,310.149845,2025-12-22 16:30:29,1454,0.0100,583.0000,0.0110,58291,583,0,60,643,37481113
Prisonnier d'Al-Qaïda | Documentaire | ARTE,https://www.youtube.com/watch?v=veLJ6L97Txg,0.006326,0.006713,0.009291,0.499718,1.337966,242.271494,2025-09-15 18:01:02,3504,0.0102,705.0000,0.0110,69261,705,0,59,764,52915404
"Rod the Mod, roi du camp 👑 #rodstewart #musique",https://www.youtube.com/watch?v=8lHXTrY9PME,0.005909,0.006881,0.017842,0.498557,0.542676,98.191406,2025-08-28 14:00:11,166,0.0108,323.0000,0.0110,29855,323,0,6,329,9822295
L'odyssée des chiffres (1/3) | Les origines | ARTE,https://www.youtube.com/watch?v=DclMpUni_Xk,0.006450,0.007526,0.008303,0.499866,5.335547,967.363586,2026-04-06 19:00:16,3165,0.0100,805.0000,0.0110,80137,805,0,78,883,70760971
"Serons-nous bientôt à court de sable ? | 42, la réponse à presque tout | ARTE",https://www.youtube.com/watch?v=AzHrbOz3trQ,0.006295,0.006542,0.009965,0.499513,0.346278,62.772807,2023-10-13 13:00:09,1748,0.0105,649.0000,0.0110,62088,649,0,35,684,42468192
"Sagrada Família, le rêve achevé de Gaudí | Documentaire | ARTE",https://www.youtube.com/watch?v=9YTYCfCVAPk,0.007817,0.009978,0.004398,0.500038,32.140868,5836.167037,2026-05-31 15:30:40,5494,0.0103,1689.0000,0.0110,163332,1689,0,109,1798,293670936
Russie : voyage dans un pays divisé | ARTE Reportage,https://www.youtube.com/watch?v=JQ_3in-q3dk,0.008314,0.005938,0.003844,0.500961,0.814968,148.066758,2022-03-27 14:00:10,1274,0.0086,1973.0000,0.0110,230103,1973,0,559,2532,582620796
"💿 LASER DISC SPECIAL KARAOKE avec Natoo, Mister MV, Maxence, Voyou, Pi Ja Ma... | Replay LIVE I ARTE",https://www.youtube.com/watch?v=90q90Uve3NM,0.005650,0.006654,0.027853,0.497539,0.172357,31.193944,2024-12-09 22:41:53,11080,0.0106,187.0000,0.0110,17646,187,0,7,194,3423324
Les incroyables images du télescope James Webb | Scope | ARTE,https://www.youtube.com/watch?v=kOcduWNMMu0,0.005788,0.006515,0.017617,0.498796,0.204281,37.108903,2024-02-25 10:00:26,7703,0.0103,328.0000,0.0110,31699,328,0,20,348,11031252
Le choix de Gladys (1/2) | Justice à Vegas | ARTE,https://www.youtube.com/watch?v=mqgD0GxurD0,0.005584,0.006026,0.014497,0.499829,0.158205,28.785284,2022-01-22 11:30:09,3164,0.0089,415.0000,0.0110,46579,415,0,96,511,23801869
Paul Watson - Une vie pour les océans | ARTE,https://www.youtube.com/watch?v=hDqlHbLUHuM,0.016945,0.006484,0.001158,0.500333,5.932715,1081.721756,2024-07-25 18:00:21,5780,0.0102,7734.0000,0.0110,760323,7734,0,605,8339,6340333497
Suède : la guerre des gangs s’intensifie | Reportage | ARTE Regards,https://www.youtube.com/watch?v=lYZ_QYGKGrI,0.006912,0.006204,0.005947,0.500672,2.087224,380.492370,2025-07-07 10:01:30,1811,0.0088,1190.0000,0.0110,135537,1190,0,296,1486,201407982
Nord-Mali : l’espoir au féminin (2013) | ARTE Reportage,https://www.youtube.com/watch?v=CiXYche6p_4,0.006475,0.006601,0.008065,0.499881,1.423736,259.468846,2025-08-11 15:30:11,1551,0.0100,833.0000,0.0110,83286,833,0,80,913,76040118
Tourisme et alcool à Majorque | ARTE Regards,https://www.youtube.com/watch?v=cQoK6C3_rbE,0.005529,0.006202,0.016697,0.499454,0.344786,62.879682,2024-10-30 11:00:51,1839,0.0092,350.0000,0.0109,38116,350,0,67,417,15894372
Domaines skiables : la grande braderie | ARTE Regards,https://www.youtube.com/watch?v=b96MdWkOoV4,0.005650,0.007583,0.021253,0.498444,1.723818,314.055078,2026-04-08 10:01:05,1815,0.0102,261.0000,0.0109,25506,261,0,18,279,7116174
"En Italie, au temps de la peste noire | Documentaire | ARTE",https://www.youtube.com/watch?v=sJJWvDHM2Sk,0.008492,0.009481,0.003565,0.500106,35.874470,6561.854822,2026-05-27 15:30:09,5226,0.0103,2152.0000,0.0109,209891,2152,0,142,2294,481489954
""" Tu veux voir mon 🍆"" #fragments  #arte",https://www.youtube.com/watch?v=0HAS4Klt30w,0.005614,0.006328,0.018310,0.498971,0.199330,36.400985,2024-02-01 16:32:26,58,0.0098,313.0000,0.0109,31958,313,0,36,349,11153342
Hôpital pour enfants | ARTE Regards,https://www.youtube.com/watch?v=-ic3O264YOg,0.006687,0.006487,0.007323,0.499716,0.422633,77.338782,2023-04-27 10:00:00,1937,0.0104,933.0000,0.0109,89575,933,0,45,978,87604350
Le calme avant la tempête | Les Etats-Unis dans tous leurs Etats (2/5) | ARTE,https://www.youtube.com/watch?v=Hj1_ZclqBCg,0.009897,0.005923,0.002764,0.500949,0.874196,160.149467,2020-10-22 14:00:07,3120,0.0087,2881.0000,0.0109,332318,2881,0,746,3627,1205317386
COUPS DE COEUR - DU 04 AU 10 MAI - ARTE,https://www.youtube.com/watch?v=RsgEIMDRSYY,0.005292,0.006331,0.061364,0.493196,0.019932,3.606982,2021-05-04 06:45:00,131,0.0100,68.0000,0.0109,6786,68,0,6,74,502164
"Portugal : Lithium, un enjeu européen | ARTE Reportage",https://www.youtube.com/watch?v=aqPe1YC-gVw,0.006126,0.005951,0.008748,0.500452,0.369898,67.792379,2022-12-19 19:00:00,1474,0.0087,757.0000,0.0109,87238,757,0,194,951,82963338
Ponts vivants et constructions en fibres | Matériaux d’hier et de demain | ARTE,https://www.youtube.com/watch?v=rLbLcX9NK6A,0.006166,0.006929,0.010632,0.499469,1.820576,333.671341,2026-01-04 16:30:32,3116,0.0103,601.0000,0.0109,58374,601,0,35,636,37125864
Pourquoi les jeunes croient-ils autant à l’astrologie en 2025 ? #astrologie #arteweekly #arteinfo,https://www.youtube.com/watch?v=fuRF3ciGG9I,0.005494,0.006564,0.029378,0.497508,0.232430,42.509879,2025-05-20 05:00:43,100,0.0102,175.0000,0.0109,17192,175,0,12,187,3214904
Kate Middleton et l'image de la monarchie | Kate superstar | ARTE,https://www.youtube.com/watch?v=qjg5Pza5eRM,0.007005,0.009762,0.006003,0.499909,21.647913,3985.665424,2026-05-30 15:30:01,3190,0.0102,1177.0000,0.0109,115531,1177,0,77,1254,144875874
Cupidité et corruption : la chute du Crédit Suisse | Documentaire | ARTE,https://www.youtube.com/watch?v=XQEcxkVpNQ8,0.007121,0.007972,0.005701,0.499904,10.881681,2003.986818,2026-04-28 18:00:29,5332,0.0102,1250.0000,0.0109,122007,1250,0,74,1324,161537268
Euclide | L'Europe dans l'espace | ARTE,https://www.youtube.com/watch?v=so9BFhflAqA,0.006516,0.006484,0.008140,0.499590,0.412776,76.056862,2023-08-26 18:00:31,611,0.0104,824.0000,0.0108,78862,824,0,31,855,67427010
USA : la double peine des rescapés du 11 septembre | ARTE Reportage,https://www.youtube.com/watch?v=RoEEA4DGmLA,0.018381,0.006334,0.001048,0.500311,2.650663,489.464058,2021-09-11 18:00:07,1469,0.0101,8649.0000,0.0108,856994,8649,0,632,9281,7953761314
Julian Assange : l’homme à faire taire | ARTE,https://www.youtube.com/watch?v=p36t0Bt7R3g,0.007840,0.006676,0.004293,0.500097,3.849034,710.727907,2025-10-28 14:01:38,5474,0.0101,1737.0000,0.0108,172741,1737,0,133,1870,323025670
Philippines : le prêtre et le président | ARTE Reportage,https://www.youtube.com/watch?v=ymGRoBQDVnE,0.005591,0.006510,0.020991,0.498482,0.345885,63.783694,2025-05-12 15:30:40,1526,0.0101,265.0000,0.0108,26278,265,0,19,284,7462952
Les aliens sont-ils comme nous ? | 42 - La réponse à presque tout | ARTE,https://www.youtube.com/watch?v=wStxVs5UDdg,0.010137,0.006235,0.002544,0.500485,2.486551,460.194416,2024-07-05 13:01:06,1784,0.0095,3167.0000,0.0108,332762,3167,0,428,3595,1196279390
Au bord de la guerre civile |  | Les Etats-Unis dans tous leurs Etats (4/5) | ARTE,https://www.youtube.com/watch?v=iU971sdzYVs,0.008541,0.005611,0.003731,0.501283,0.689529,127.667158,2020-10-31 17:30:02,3120,0.0077,2042.0000,0.0108,263748,2042,0,806,2848,751154304
Une rencontre qui marque le début d’une enquête glaciale 👂🕵️ #serie  #thriller  #comedie,https://www.youtube.com/watch?v=cAqVyQabQOw,0.005483,0.006437,0.032707,0.496989,0.083085,15.301138,2023-11-02 18:00:26,60,0.0103,153.0000,0.0108,14825,153,0,7,160,2372000
Cold cases : vers de nouvelles pistes | ARTE Regards,https://www.youtube.com/watch?v=Giu6tq93aMI,0.008709,0.006423,0.003341,0.500082,1.848044,343.609793,2024-09-02 10:00:14,1815,0.0102,2318.0000,0.0108,228231,2318,0,136,2454,560078874
"Les animaux ont-ils conscience d’eux-mêmes ? | 42, la réponse à presque tout | ARTE",https://www.youtube.com/watch?v=lSxguYfM78Y,0.025165,0.006364,0.000717,0.500236,5.379214,1000.516768,2022-12-10 15:00:18,1695,0.0102,13232.0000,0.0108,1296677,13232,0,710,13942,18078270734
"🎨 Chris Burden, l'art de la controverse #ART #contemporain",https://www.youtube.com/watch?v=D6pFrrs6WVc,0.005709,0.006676,0.019332,0.498459,0.491473,91.173883,2025-08-24 09:00:29,105,0.0104,293.0000,0.0107,28105,293,0,9,302,8487710
"Irak, la malédiction du pétrole | Documentaire | ARTE",https://www.youtube.com/watch?v=LYK709Xm1yY,0.005731,0.007352,0.015735,0.499033,2.272671,422.221851,2026-03-31 18:00:25,3144,0.0100,376.0000,0.0107,37528,376,0,27,403,15123784
"Liban, les secrets du royaume de Byblos | Documentaire | ARTE",https://www.youtube.com/watch?v=ostoZRqkS7s,0.007306,0.007393,0.005210,0.499884,7.986591,1486.911087,2026-03-29 13:00:54,5383,0.0102,1388.0000,0.0107,135443,1388,0,66,1454,196934122
"💿 Laser Disc avec Angle Droit, Teki Latex, Chilly Gonzales et Zinée | REPLAY LIVE I ARTE",https://www.youtube.com/watch?v=iEjG6BuRZw0,0.005453,0.006448,0.031562,0.497150,0.137434,25.463440,2024-10-21 18:57:52,9423,0.0102,160.0000,0.0107,15656,160,0,8,168,2630208
Jeannie Longo face au sexisme dans le sport ! #sexisme #sport #sportfeminin #archives,https://www.youtube.com/watch?v=nm5ZWTsfcug,0.007148,0.005686,0.005329,0.501014,0.712650,132.757826,2022-12-27 14:30:11,29,0.0080,1352.0000,0.0107,169801,1352,0,470,1822,309377422
Madagascar : les petites mains de l’IA | ARTE Reportage,https://www.youtube.com/watch?v=b0a6M5SaQQM,0.026556,0.006585,0.000684,0.500312,26.736082,4985.062338,2025-09-22 15:30:31,1473,0.0100,13950.0000,0.0107,1390764,13950,0,967,14917,20746026588
COUPS DE CŒUR - DU 22 AU 28 SEPTEMBRE - ARTE,https://www.youtube.com/watch?v=nyWO26KsjnU,0.005387,0.006483,0.160576,0.472222,0.004277,0.753232,2020-09-23 08:48:07,132,0.0107,17.0000,0.0107,1585,17,0,0,17,26945
Mexique-USA : l’aide de la diaspora n’arrive plus | ARTE Reportage,https://www.youtube.com/watch?v=FdRmjIIsirA,0.009986,0.006384,0.002738,0.500966,11.720608,2185.749274,2026-01-21 20:00:14,1508,0.0084,2913.0000,0.0107,344909,2913,0,785,3698,1275473482
Chine-USA : la nouvelle bataille du Pacifique | Documentaire | ARTE,https://www.youtube.com/watch?v=N5w8GNOU4TQ,0.005514,0.006720,0.016658,0.499282,1.446998,269.520400,2026-02-08 16:30:08,3165,0.0093,351.0000,0.0107,37718,351,0,53,404,15238072
Venezuela : l’agonie du lac Maracaïbo | ARTE,https://www.youtube.com/watch?v=kKuA6Z5pwes,0.005647,0.005963,0.012773,0.499870,0.234455,43.717487,2023-02-03 11:00:28,1445,0.0089,483.0000,0.0107,54261,483,0,98,581,31525641
Artemis : les défis d'un retour sur la Lune | Documentaire | ARTE,https://www.youtube.com/watch?v=uyT6IDtTcYk,0.008347,0.007504,0.003673,0.500265,15.986883,2989.094693,2026-04-17 19:00:57,3592,0.0097,2079.0000,0.0107,214737,2079,0,217,2296,493036152
"Melania Trump, cet obscur objet du pouvoir - INTERVIEW | ARTE",https://www.youtube.com/watch?v=un68FiIF42w,0.008890,0.006035,0.003245,0.500478,0.665120,124.696021,2020-10-28 20:00:14,701,0.0093,2397.0000,0.0107,257971,2397,0,354,2751,709678221
Des Cornouailles vers l'espace | Le rêve d'un lancement spatial européen | ARTE,https://www.youtube.com/watch?v=ZvkhuXsGQmE,0.005371,0.006889,0.036551,0.496535,0.461265,85.952366,2026-01-26 19:00:29,2835,0.0101,133.0000,0.0107,13137,133,0,7,140,1839180
Les bateaux de rêve du socialisme | ARTE,https://www.youtube.com/watch?v=ce5iNE8pxck,0.006379,0.006291,0.008242,0.499711,0.418321,78.470440,2023-08-28 13:00:34,3123,0.0100,812.0000,0.0106,81224,812,0,53,865,70258760
"Telegram, l'affaire Pavel Dourov | Documentaire | ARTE",https://www.youtube.com/watch?v=165QnB3Jddk,0.006343,0.006541,0.008065,0.499925,2.173411,408.027988,2025-11-27 20:00:01,5226,0.0096,833.0000,0.0106,86828,833,0,91,924,80229072
La guerre de l’ombre de Poutine (3/3) | ARTE,https://www.youtube.com/watch?v=QWFl7a_vA_w,0.005730,0.005843,0.010987,0.500192,0.333922,62.682071,2023-07-13 13:00:15,3475,0.0085,578.0000,0.0106,67765,578,0,143,721,48858565
🍔🩸 LES BURGERS SANGLANTS | Une comédie interactive tournée EN DIRECT | ARTE,https://www.youtube.com/watch?v=-30xAgIByYE,0.005685,0.006662,0.017399,0.498717,0.725782,136.259308,2025-10-31 21:23:07,10617,0.0102,333.0000,0.0106,32667,333,0,14,347,11335449
"La Chine, rêves et cauchemars | Intégrale | ARTE",https://www.youtube.com/watch?v=f9804T0iJXQ,0.012066,0.006961,0.001859,0.500170,18.129903,3414.726905,2026-02-16 20:00:27,9655,0.0101,4526.0000,0.0106,450057,4526,0,252,4778,2150372346
"Caravage : Palerme, 1969 | Tableaux volés | ARTE",https://www.youtube.com/watch?v=vmaAAWIn3rw,0.006191,0.007760,0.009579,0.499519,5.513561,1037.305248,2026-04-24 19:00:59,5306,0.0101,680.0000,0.0106,67259,680,0,34,714,48022926
Le dernier bastion | The Last Town - une ville contre la Silicon Valley (3/3) | ARTE,https://www.youtube.com/watch?v=xXaoBd-vYM0,0.005175,0.006232,0.058773,0.493559,0.043020,8.003933,2023-12-23 11:00:47,1154,0.0098,72.0000,0.0106,7349,72,0,6,78,573222
Du béton au pisé | Matériaux d’hier et de demain | ARTE,https://www.youtube.com/watch?v=PnOkIDFicD4,0.006092,0.006739,0.010514,0.499406,1.618061,304.545969,2025-12-13 19:00:21,3168,0.0102,609.0000,0.0106,59947,609,0,27,636,38126292
Le vin sans alcool au secours des vignerons | ARTE Regards,https://www.youtube.com/watch?v=nVr-dCohf1Q,0.005093,0.006422,0.027734,0.498245,0.678937,127.562417,2026-01-12 11:01:33,1825,0.0088,188.0000,0.0106,21325,188,0,38,226,4819450
"🔴 Replay Live | ARTE Book Club | ""Un livre qui sait trouver le mot"" | ARTE",https://www.youtube.com/watch?v=_BaRV2ZuhO4,0.005241,0.006214,0.049150,0.494893,0.026676,4.984688,2021-06-17 19:22:32,3432,0.0099,91.0000,0.0106,9156,91,0,6,97,888132
"Bruce Springsteen, les contradictions de l'Amérique | #brucespringsteen",https://www.youtube.com/watch?v=rK9uvZ4s24U,0.005697,0.006729,0.018604,0.498461,0.668190,125.803323,2025-11-06 10:01:27,153,0.0104,307.0000,0.0106,29465,307,0,5,312,9193080
"Le jeu vidéo, mieux que l'école pour apprendre ? (ft. Jean Massiet) I Jour De Play | REPLAY I ARTE",https://www.youtube.com/watch?v=iduOY_n9-KM,0.005419,0.006281,0.024072,0.498151,0.186774,35.145876,2024-09-18 18:57:15,9511,0.0098,224.0000,0.0106,22769,224,0,17,241,5487329
"Groenland, l’Eldorado des glaces | Documentaire | ARTE",https://www.youtube.com/watch?v=KHpWvt_taSk,0.005348,0.007553,0.024792,0.498164,1.776477,334.768886,2026-04-22 15:30:11,3363,0.0096,216.0000,0.0106,22425,216,0,21,237,5314725
Liban : les déclassés de la crise | ARTE Reportage,https://www.youtube.com/watch?v=kl-4mnkG_jE,0.006132,0.006293,0.008680,0.500084,1.771013,334.970531,2025-10-20 15:30:33,1499,0.0091,764.0000,0.0106,84073,764,0,124,888,74656824
"Les Canaries, des îles sous perfusion | Documentaire | ARTE",https://www.youtube.com/watch?v=Qgb8xPnTgNw,0.005623,0.008014,0.017313,0.498795,3.287861,621.377961,2026-05-05 15:30:15,3143,0.0100,335.0000,0.0106,33546,335,0,19,354,11875284
Valoriser les déchets de production | ARTE Regards,https://www.youtube.com/watch?v=DOHBKbbItUg,0.005862,0.006359,0.013209,0.499100,0.348442,66.030092,2024-08-07 10:00:17,1839,0.0102,464.0000,0.0105,45575,464,0,16,480,21876000
Groenland: les déracinés de Qaanaaq | ARTE Reportage,https://www.youtube.com/watch?v=OU8nbl5TdZ0,0.005712,0.006488,0.014948,0.499027,0.721876,136.934658,2025-09-08 15:30:16,1483,0.0100,400.0000,0.0105,40120,400,0,22,422,16930640
Les trous noirs sont-ils l’énergie du futur ? | 42 - La réponse à presque tout? | ARTE,https://www.youtube.com/watch?v=bJVUK0kdKq8,0.006282,0.007071,0.008594,0.499643,3.825373,726.605997,2026-03-13 14:01:05,1818,0.0099,773.0000,0.0105,77782,773,0,45,818,63625676
Chachapoyas : vivre avec les morts | Enquêtes archéologiques | ARTE,https://www.youtube.com/watch?v=8Pc6ZI55eJg,0.005963,0.006993,0.011743,0.499218,2.166324,412.026229,2026-02-21 11:00:17,1594,0.0102,534.0000,0.0105,52399,534,0,16,550,28819450
L’Italie panse ses plaies | ARTE Regards,https://www.youtube.com/watch?v=4gTgV1_j07E,0.005339,0.006168,0.026492,0.497868,0.100751,19.115453,2023-07-27 15:24:57,1909,0.0098,199.0000,0.0105,20396,199,0,15,214,4364744
Cuba : une île dans la tourmente (2025) | ARTE Reportage,https://www.youtube.com/watch?v=TdETf88MK5c,0.011868,0.006145,0.002024,0.500664,7.878197,1502.460317,2025-08-25 15:30:14,1466,0.0089,4111.0000,0.0105,461235,4111,0,725,4836,2230532460
Bolivie : l’or assassin | ARTE Reportage,https://www.youtube.com/watch?v=axga8nfA-TE,0.006455,0.006251,0.007515,0.499789,0.825461,157.427023,2024-11-18 16:30:00,1538,0.0098,905.0000,0.0105,92401,905,0,63,968,89444168
COUPS DE COEUR - DU 25 AU 31 MAI - ARTE,https://www.youtube.com/watch?v=9BQjIpeq3BA,0.005102,0.006114,0.071881,0.491426,0.016126,3.033281,2021-05-25 06:30:01,131,0.0097,55.0000,0.0105,5643,55,0,4,59,332937
Les nouveaux territoires de l'information | Sources | ARTE,https://www.youtube.com/watch?v=hXLAB7xX3VM,0.018275,0.005919,0.001137,0.500658,3.740800,715.845414,2023-02-20 16:42:52,1550,0.0090,7892.0000,0.0105,876149,7892,0,1264,9156,8022020244
Le boom du whisky sur l’île d’Islay | ARTE Regards,https://www.youtube.com/watch?v=28M4Lf2ld9M,0.005942,0.006278,0.011651,0.499243,0.311671,59.567183,2024-01-15 11:00:02,1803,0.0101,539.0000,0.0104,53323,539,0,18,557,29700911
La vie cachée des littoraux dans Scope | REPLAY LIVE | ARTE,https://www.youtube.com/watch?v=JczMqWYYgp8,0.005462,0.006374,0.029927,0.497093,0.106064,20.242112,2024-04-08 19:09:18,8205,0.0104,171.0000,0.0104,16413,171,0,0,171,2806623
Un jour de 79 : la destruction de Pompéi | Quand l'histoire fait dates | ARTE,https://www.youtube.com/watch?v=45OWwjfLe-A,0.009490,0.006445,0.002773,0.500000,4.419819,848.167713,2025-07-27 15:30:02,1597,0.0101,2870.0000,0.0104,284973,2870,0,99,2969,846084837
Deep thought | Philipp Blom | ARTE,https://www.youtube.com/watch?v=fyFM3CdHN68,0.005199,0.005938,0.023152,0.498556,0.130638,25.005414,2023-08-26 10:00:36,4113,0.0091,235.0000,0.0104,25936,235,0,35,270,7002720
"Allons-nous vivre sur l’eau ? | 42, la réponse à presque tout | ARTE",https://www.youtube.com/watch?v=EQe4uLa7DBU,0.005638,0.006186,0.014886,0.499087,0.306228,58.753096,2024-07-26 13:00:13,1698,0.0097,402.0000,0.0104,41250,402,0,27,429,17696250
Péril sur la ville | La vie en Face | ARTE,https://www.youtube.com/watch?v=kNKGmD9-1uI,0.013899,0.005824,0.001633,0.500710,2.168340,417.098956,2022-07-28 14:00:21,3409,0.0088,5243.0000,0.0104,596889,5243,0,962,6205,3703696245
Super nounous britanniques | ARTE Regards,https://www.youtube.com/watch?v=TQemVYWwspU,0.008126,0.006168,0.003827,0.500032,1.282670,247.493494,2024-04-01 10:00:31,1818,0.0098,1983.0000,0.0104,202503,1983,0,115,2098,424851294
Les mystères du linceul de Turin | Documentaire | ARTE,https://www.youtube.com/watch?v=fGlwz3yjsX4,0.011588,0.005598,0.002349,0.501393,7.550125,1457.495322,2025-08-05 18:00:40,5409,0.0073,3470.0000,0.0104,476429,3470,0,1465,4935,2351177115
Embauché sans le savoir comme acteur porno 🍆,https://www.youtube.com/watch?v=P4EcTTHnr1U,0.005543,0.006826,0.015876,0.499046,1.702413,328.012384,2026-03-02 06:30:22,105,0.0096,372.0000,0.0104,38824,372,0,30,402,15607248
La vie difficile des voyageurs irlandais | ARTE Regards,https://www.youtube.com/watch?v=5GE1iJET5WE,0.006719,0.005878,0.006160,0.500260,0.576244,111.278355,2023-05-09 10:00:07,1922,0.0090,1142.0000,0.0103,127549,1142,0,178,1320,168364680
Chauffage : le tournant énergétique  | ARTE Regards,https://www.youtube.com/watch?v=_wid4xH_f4E,0.006155,0.005331,0.007530,0.501105,0.781274,150.898692,2024-02-28 11:00:37,1811,0.0070,903.0000,0.0103,128441,903,0,426,1329,170698089
"Vers un nouveau monde (1618-1762) | Émigrés européens, des récits oubliés (1/3) | ARTE",https://www.youtube.com/watch?v=hvIvXpHT7mE,0.008791,0.006287,0.003276,0.500346,5.492989,1061.378518,2025-10-29 16:30:16,3390,0.0092,2371.0000,0.0103,256795,2371,0,286,2657,682304315
Inde : les diamantaires de la guerre | ARTE Reportage,https://www.youtube.com/watch?v=P9PomykElJg,0.006087,0.006147,0.009520,0.499536,0.361505,69.799937,2023-10-02 15:30:06,751,0.0098,685.0000,0.0103,69799,685,0,37,722,50394878
Afghanistan : les derniers résistants (2023) | ARTE,https://www.youtube.com/watch?v=niuK8jdyt4k,0.005439,0.006176,0.015770,0.499256,0.713188,137.914492,2025-09-04 09:01:11,3174,0.0091,375.0000,0.0103,40996,375,0,48,423,17341308
Passion volcan | Le grand show de la nature | ARTE,https://www.youtube.com/watch?v=hRhznpGY3Ec,0.006047,0.006696,0.010163,0.499347,1.918272,371.420959,2026-01-09 16:30:29,3144,0.0100,634.0000,0.0103,63121,634,0,17,651,41091771
Des meubles durables | ARTE Regards,https://www.youtube.com/watch?v=dIbWuwRZMXE,0.005382,0.006161,0.023232,0.498104,0.139428,26.935734,2024-01-28 11:00:25,1804,0.0098,234.0000,0.0103,23762,234,0,11,245,5821690
"Urbex en Roumanie, sauver les vestiges | ARTE Regards",https://www.youtube.com/watch?v=5Ptzn1Zy6VE,0.005432,0.006886,0.022454,0.498123,1.010593,195.296075,2026-02-23 11:00:08,1838,0.0100,244.0000,0.0103,24446,244,0,8,252,6160392
Chine-Philippines : la bataille de la mer | ARTE Reportage,https://www.youtube.com/watch?v=d-3D00HEJ9U,0.006236,0.006624,0.007697,0.500195,4.659975,903.935925,2026-03-09 16:30:14,2220,0.0088,880.0000,0.0103,100287,880,0,153,1033,103596471
Comment fonctionnent les marchés financiers ? | Planète finance | ARTE,https://www.youtube.com/watch?v=PnkLIh_ZWYY,0.038132,0.006189,0.000462,0.500084,9.541172,1856.591120,2023-04-28 13:00:24,3019,0.0101,21619.0000,0.0103,2148244,21619,0,460,22079,47431079276
"Les terres promises (1750-1848) | Émigrés européens, des récits oubliés (2/3) | ARTE",https://www.youtube.com/watch?v=qXv4ysMcXUE,0.006252,0.006318,0.008000,0.499842,1.909153,371.263782,2025-10-30 16:30:33,3273,0.0094,841.0000,0.0103,89454,841,0,78,919,82208226
Rome contre Carthage | Au temps des guerres puniques | ARTE,https://www.youtube.com/watch?v=IMiCpBRxvCg,0.009879,0.006710,0.002628,0.500288,13.956408,2723.558828,2026-02-28 16:30:06,5424,0.0093,3052.0000,0.0102,326677,3052,0,295,3347,1093387919
"À quoi ressemble le Cecot, la plus grande prison du Salvador ? 🚨 #bukele #usa #prison #arteinfo",https://www.youtube.com/watch?v=zqSfJCjhcOs,0.006278,0.005964,0.007494,0.500155,1.288750,251.558209,2025-05-15 17:01:17,102,0.0088,908.0000,0.0102,102868,908,0,145,1053,108320004
"Les États-Unis, plus divisés que jamais ? 🗳️🇺🇸 #etatsunis #donaldtrump",https://www.youtube.com/watch?v=mw2O3q6DGIk,0.005511,0.006502,0.017980,0.498612,0.772219,150.503654,2025-11-25 16:01:20,47,0.0099,320.0000,0.0102,32353,320,0,11,331,10708843
Liban : année zéro | ARTE,https://www.youtube.com/watch?v=rJul7Z8mNT0,0.006662,0.005622,0.006137,0.500484,0.335097,65.592920,2020-10-08 16:30:02,2532,0.0084,1147.0000,0.0102,137020,1147,0,252,1399,191690980
Les rebelles Houthis au Yémen : terroristes ou combattants de la liberté ? | Zone de conflit | ARTE,https://www.youtube.com/watch?v=7bPtrc81dDo,0.005653,0.006267,0.011651,0.499697,1.601154,313.420050,2025-12-18 14:00:14,1603,0.0090,539.0000,0.0102,60192,539,0,75,614,36957888
"Les vagues scélérates, un mystère de taille : partie 1/3",https://www.youtube.com/watch?v=5p96EWQA11U,0.006009,0.006383,0.010413,0.499239,0.910688,178.269756,2025-07-21 14:00:08,70,0.0101,616.0000,0.0102,60977,616,0,6,622,37927694
Traquer les fuites de gaz | ARTE Regards,https://www.youtube.com/watch?v=2uRZ6qyHF5c,0.004946,0.006633,0.063480,0.492855,0.278694,53.911739,2026-02-19 11:00:04,1838,0.0093,65.0000,0.0102,6964,65,0,6,71,494444
Le mystère Le Roux-Agnelet en 60s ⏱️🔍 #truecrime #documentaire,https://www.youtube.com/watch?v=BrFcENwzYH0,0.005346,0.006196,0.029111,0.497220,0.089596,17.488818,2023-10-03 17:00:13,60,0.0101,177.0000,0.0102,17470,177,0,1,178,3109660
Groenland : le casse-tête des richesses minières - à l'heure du choix | ARTE Reportage,https://www.youtube.com/watch?v=8JiA7qYuFoU,0.006872,0.006020,0.005776,0.499991,0.965337,189.351931,2024-08-05 15:30:03,1491,0.0094,1231.0000,0.0102,131029,1231,0,104,1335,174923715
"Où trouver l’énergie parfaite ? | 42, la réponse à presque tout | ARTE",https://www.youtube.com/watch?v=yH-089PTEmE,0.008022,0.005928,0.003913,0.500164,0.792282,155.635154,2022-11-05 16:00:38,1572,0.0093,1933.0000,0.0102,207145,1933,0,175,2108,436661660
SOS Méditerranée : le bateau citoyen | ARTE Reportage,https://www.youtube.com/watch?v=grhO2aensww,0.006470,0.005871,0.006713,0.500260,1.302015,255.822740,2025-03-20 14:00:49,1531,0.0087,1033.0000,0.0102,118970,1033,0,177,1210,143953700
Et l'argent devint virtuel | La fabuleuse histoire de l'argent (4/4) | ARTE,https://www.youtube.com/watch?v=Dk8v9FBVe2k,0.006933,0.006274,0.005582,0.500101,3.347569,658.482670,2025-11-28 16:30:12,3562,0.0092,1281.0000,0.0102,139562,1281,0,137,1418,197898916
Du bois au bambou | Matériaux d’hier et de demain | ARTE,https://www.youtube.com/watch?v=IKpHeNrRv0Q,0.005943,0.006475,0.010204,0.499439,1.714592,337.023586,2025-12-17 14:00:29,3164,0.0097,631.0000,0.0102,65062,631,0,30,661,43005982
REPLAY // Visite de l'expo Hip-Hop 360 à la Philharmonie de Paris avec Aline Afanoukoé,https://www.youtube.com/watch?v=-rnBEeHBruE,0.005209,0.006033,0.031720,0.497059,0.050277,9.858478,2021-12-20 18:27:36,4441,0.0098,159.0000,0.0101,16275,159,0,6,165,2685375
Israël – Palestine : eau secours | ARTE Reportage,https://www.youtube.com/watch?v=p-f4146o3YM,0.006420,0.005279,0.006647,0.500987,0.568875,112.187048,2022-12-13 17:30:04,2183,0.0072,1045.0000,0.0101,145047,1045,0,425,1470,213219090
"Le cerf, fléau des Highlands | Reportage | ARTE Regards",https://www.youtube.com/watch?v=iXOgU2U_tEQ,0.005528,0.005943,0.012027,0.499822,1.027689,202.536648,2025-09-02 10:01:11,1949,0.0086,519.0000,0.0101,60602,519,0,95,614,37209628
"🇪🇺 EUROGUESSR présenté par Jean Massiet avec Gastronogeek, Marie Palot et Scarabète | Live | ARTE",https://www.youtube.com/watch?v=YAprcbXa-p4,0.005204,0.006037,0.024886,0.498036,0.198393,39.013234,2024-11-20 22:24:09,11457,0.0094,215.0000,0.0101,22811,215,0,16,231,5269341
La culture selon Michel Gondry #Culture #Interview,https://www.youtube.com/watch?v=ZF4ESTEnI3I,0.008117,0.006311,0.003774,0.499754,2.633399,521.914399,2025-06-10 16:01:01,172,0.0101,2015.0000,0.0101,199875,2015,0,1,2016,402948000
Nos nouvelles vies avec l'IA | Documentaire | ARTE,https://www.youtube.com/watch?v=efJCPEBbXoc,0.009294,0.006247,0.002905,0.500161,5.988568,1188.510549,2025-10-27 14:01:11,3031,0.0094,2722.0000,0.0101,290054,2722,0,200,2922,847537788
"Avant le bac, on fait la fête ! | Reportage | ARTE Regards",https://www.youtube.com/watch?v=rUEvwM7oEQ4,0.004914,0.006215,0.083231,0.489445,0.090334,17.594918,2025-09-30 10:01:37,1829,0.0094,45.0000,0.0101,4772,45,0,3,48,229056
"USA : Jackson, une ville à la dérive | ARTE Reportage",https://www.youtube.com/watch?v=p4Jaq_v_9kg,0.008759,0.005626,0.003348,0.500588,1.030763,204.925020,2022-10-31 17:30:05,1455,0.0084,2313.0000,0.0101,273760,2313,0,440,2753,753661280
Les nouveaux dangers en montagne | ARTE Regards,https://www.youtube.com/watch?v=G2dRdhHs1DQ,0.005523,0.006471,0.014047,0.499200,1.517884,301.272279,2026-01-26 11:00:35,1839,0.0093,431.0000,0.0101,46147,431,0,33,464,21412208
À la table de Pompéi | Scope | REPLAY LIVE | ARTE,https://www.youtube.com/watch?v=SALF5tOCHLo,0.005355,0.006098,0.020991,0.498268,0.214420,42.513012,2024-09-27 16:46:06,8480,0.0098,265.0000,0.0101,27163,265,0,8,273,7415499
États-Unis : les démocrates K.-O. debout ? | Décryptage | ARTE,https://www.youtube.com/watch?v=Klhnuaq46qM,0.008435,0.005988,0.003529,0.500310,3.463380,689.135947,2025-07-11 09:00:36,613,0.0090,2177.0000,0.0100,242753,2177,0,262,2439,592074567
USA : San Francisco malade du Fentanyl | ARTE Reportage,https://www.youtube.com/watch?v=UsjIoqSHoho,0.043293,0.005817,0.000452,0.500586,20.951173,4178.990592,2024-11-04 16:30:08,1533,0.0088,22121.0000,0.0100,2511343,22121,0,3059,25180,63235616740
Bienvenue sur mon île privée | ARTE Regards,https://www.youtube.com/watch?v=Xckj328jEHQ,0.005552,0.006538,0.015136,0.498870,1.229012,244.633875,2026-01-14 11:01:07,1838,0.0098,394.0000,0.0100,40407,394,0,11,405,16364835
Une vidéo de l'avion de Prigojine abattu en plein vol ? - Désintox | ARTE #Ukraine #MortPrigojine,https://www.youtube.com/watch?v=6XKHk33YttU,0.004696,0.005386,0.026173,0.498726,0.129021,25.697470,2023-09-01 19:00:02,84,0.0076,202.0000,0.0100,26490,202,0,63,265,7019850
Les armes secrètes de Poutine (1/2) | L'héritage soviétique | ARTE,https://www.youtube.com/watch?v=gwR9aWfpWj0,0.014659,0.006056,0.001548,0.500671,16.873834,3374.628254,2025-12-15 20:00:43,3043,0.0085,5573.0000,0.0100,657373,5573,0,1000,6573,4320912729
"En Serbie, la révolte contre la corruption | ARTE Regards",https://www.youtube.com/watch?v=FmkKVwXLBq8,0.005267,0.005848,0.016055,0.499272,0.479264,95.650099,2025-04-15 10:00:32,1832,0.0087,367.0000,0.0100,42011,367,0,53,420,17644620
La Famille Versace #versace  #arte,https://www.youtube.com/watch?v=yU8MzMGsqhM,0.005487,0.005907,0.014614,0.499072,0.210711,42.169204,2023-08-26 16:00:46,47,0.0094,411.0000,0.0100,43728,411,0,25,436,19065408
Italie : les vaches errantes de la mafia | ARTE Regards,https://www.youtube.com/watch?v=Qr0IQfmG67k,0.009045,0.006227,0.003165,0.500606,10.817075,2170.648423,2026-02-12 11:00:47,1829,0.0083,2467.0000,0.0100,295585,2467,0,478,2945,870497825
Leur double rendez-vous Tinder ne se passe comme elles le pensaient... #shorts #tinder #date #arte,https://www.youtube.com/watch?v=dqyGt91U_Ik,0.005092,0.005601,0.018705,0.499104,0.117711,23.563145,2022-04-25 17:00:30,61,0.0085,305.0000,0.0100,35932,305,0,53,358,12863656
Mode : où est passée l’élégance ? | Square Idée | ARTE,https://www.youtube.com/watch?v=_FbImB4wYFM,0.008326,0.005741,0.003610,0.500278,0.860959,172.805341,2022-09-23 14:00:15,1622,0.0089,2121.0000,0.0100,237443,2121,0,244,2365,561552695
Sacre de Charles III | ARTE Regards | ARTE,https://www.youtube.com/watch?v=r6F9CyurNMw,0.005447,0.005425,0.011232,0.500159,0.310107,62.290685,2023-05-04 10:00:30,1909,0.0079,563.0000,0.0099,71710,563,0,150,713,51129230
"Vivons-nous dans un multivers ? | 42, la réponse à presque tout | ARTE",https://www.youtube.com/watch?v=UymE_JEO-lM,0.019943,0.006002,0.000984,0.500190,9.261002,1864.760815,2025-01-17 14:00:27,1774,0.0094,9282.0000,0.0099,982820,9282,0,479,9761,9593306020
La consommation durable : un privilège de riches ? | Les questions qui fâchent | ARTE,https://www.youtube.com/watch?v=evVqLhmYB0o,0.007124,0.005847,0.005108,0.499981,0.676233,136.105412,2023-05-29 13:00:34,1577,0.0093,1420.0000,0.0099,153267,1420,0,102,1522,233272374
Les secrets des terres cuites Nok | Les mystérieux trésors du Nigeria | ARTE,https://www.youtube.com/watch?v=6XiVmHnOSFo,0.005888,0.006000,0.009450,0.499661,1.067720,215.209619,2025-07-12 10:00:08,3168,0.0091,691.0000,0.0099,75585,691,0,58,749,56613165
Toujours plus d'israéliens portent une arme à feu #israël #arme #reportage #arteinfo,https://www.youtube.com/watch?v=CrNrziy7tDc,0.006494,0.005506,0.006347,0.500730,1.978583,399.264366,2025-06-27 05:00:22,125,0.0075,1103.0000,0.0099,146300,1103,0,346,1449,211988700
Pourquoi les civilisations meurent-elles ? | 42 - La réponse à presque tout | ARTE,https://www.youtube.com/watch?v=Hyw62zzcuVM,0.013505,0.006064,0.001609,0.500133,7.354827,1486.472281,2025-06-13 13:00:26,1786,0.0094,5334.0000,0.0099,564994,5334,0,256,5590,3158316460
COUPS DE CŒUR - DU 06 AU 12 OCTOBRE – ARTE,https://www.youtube.com/watch?v=oYdBPROR6qY,0.004981,0.005929,0.070931,0.491315,0.013869,2.756624,2020-10-06 16:03:46,131,0.0097,56.0000,0.0099,5764,56,0,1,57,328548
Nautisme : chasse aux excès de vitesse | ARTE Regards,https://www.youtube.com/watch?v=211uQuVdeBY,0.005094,0.005967,0.030068,0.497271,0.144665,29.149122,2024-10-21 10:00:01,1839,0.0095,170.0000,0.0099,17933,170,0,7,177,3174141
Quel avenir pour la Birmanie après le séisme dévastateur ? #Birmanie #asie #séisme #arteinfo,https://www.youtube.com/watch?v=aa5zxFwhMiM,0.005242,0.006109,0.023728,0.497902,0.283507,57.249013,2025-05-13 17:00:02,127,0.0097,228.0000,0.0099,23525,228,0,4,232,5457800
Chine : vacances paramilitaires (2023) | ARTE,https://www.youtube.com/watch?v=l7qIZU-bPYw,0.007099,0.005647,0.005087,0.500314,1.228638,249.895033,2024-08-25 18:00:32,1511,0.0085,1427.0000,0.0098,167900,1427,0,223,1650,277035000
"Un jeu de zombies en self-coop, découverte de « Gloomy Eyes »  I ☕ STARTER PACK I ARTE",https://www.youtube.com/watch?v=6OPdmJZolF8,0.004986,0.006221,0.045694,0.495193,0.215411,43.442557,2025-10-30 05:35:52,8642,0.0095,100.0000,0.0098,10487,100,0,3,103,1080161
🤘 Présentation de notre serveur FORTNITE sur le METAL ! I STARTER PACK,https://www.youtube.com/watch?v=TpNxbLvSvG0,0.004827,0.011300,0.060693,0.493189,2.102553,422.473013,2026-06-10 19:07:42,7138,0.0092,69.0000,0.0098,7535,69,0,5,74,557590
Trump contre la loi | Documentaire | ARTE,https://www.youtube.com/watch?v=qTjHDvw21nY,0.013956,0.005843,0.001669,0.500671,12.488444,2542.945981,2025-10-28 16:30:32,4968,0.0083,5117.0000,0.0098,617795,5117,0,950,6067,3748162265
Australie : un pays sans ouvriers ? (2018) | ARTE Reportage,https://www.youtube.com/watch?v=9_Ta7J1iSGA,0.006209,0.005713,0.007350,0.500057,0.948122,192.979612,2024-12-17 16:30:02,1486,0.0086,929.0000,0.0098,107672,929,0,128,1057,113809304
Vivre tout en-haut - Le rooftop | ARTE,https://www.youtube.com/watch?v=VW-Q1WFKqS8,0.005717,0.006814,0.011455,0.499214,2.826562,575.197848,2026-03-20 16:30:20,1596,0.0096,550.0000,0.0098,57488,550,0,14,564,32423232
Naturisme : passé de mode ? | Reportage | ARTE Regards,https://www.youtube.com/watch?v=nSMzjvq54YA,0.010270,0.005886,0.002516,0.500424,6.762260,1383.891530,2025-10-02 10:01:32,1831,0.0086,3208.0000,0.0098,372564,3208,0,432,3640,1356132960
Adonis - Dopés à la muscu (react ft @DansTonCorps) I Le Dock,https://www.youtube.com/watch?v=zkKuP2WydDs,0.004814,0.006269,0.028342,0.497929,0.863653,176.584419,2026-02-25 21:33:05,10187,0.0084,183.0000,0.0097,21673,183,0,28,211,4573003
"Toutankhamon, le trésor redécouvert | Documentaire (2018) | ARTE",https://www.youtube.com/watch?v=MR2l858YQWU,0.005808,0.010276,0.010069,0.499397,15.145562,3111.071182,2026-06-06 15:30:00,5523,0.0094,641.0000,0.0097,68402,641,0,24,665,45487330
Salvador : vivre sous Bukele | ARTE Reportage,https://www.youtube.com/watch?v=HI_NhnRPZTM,0.023612,0.005534,0.000883,0.500590,5.545807,1142.344304,2023-07-05 19:00:07,1486,0.0084,10489.0000,0.0097,1243831,10489,0,1587,12076,15020503156
Ukraine : la guerre des drones | Reportage | ARTE Regards,https://www.youtube.com/watch?v=ONB5UPJpiZY,0.009723,0.005930,0.002676,0.500127,4.507167,928.499011,2025-07-10 10:00:49,1826,0.0091,2990.0000,0.0097,327960,2990,0,193,3183,1043896680
Tout quitter pour une île bretonne | ARTE Regards,https://www.youtube.com/watch?v=_rUW8mobkLg,0.009648,0.005768,0.002711,0.500121,2.056505,424.507246,2024-05-27 10:00:27,1833,0.0091,2946.0000,0.0097,323566,2946,0,188,3134,1014055844
COUPS DE COEUR - DU 08 AU 15 DÉCEMBRE - ARTE,https://www.youtube.com/watch?v=oRfUaKyt1wY,0.004793,0.005734,0.081918,0.489563,0.012086,2.447256,2020-12-09 11:08:19,131,0.0093,46.0000,0.0097,4961,46,0,2,48,238128
Mexique : la guerre des cartels | Zone de conflit | ARTE,https://www.youtube.com/watch?v=acoHzq9ejaw,0.006486,0.008258,0.006467,0.499828,15.123743,3126.626579,2026-05-21 15:30:01,1764,0.0091,1079.0000,0.0097,118770,1079,0,69,1148,136347960
Des femmes au volant des poids lourds | ARTE Regards,https://www.youtube.com/watch?v=B7FNj--XxFo,0.009080,0.005831,0.002990,0.499995,2.019269,418.035160,2024-08-19 10:00:11,1957,0.0093,2633.0000,0.0097,283518,2633,0,105,2738,776272284
Yeonpyeong : dans l’étau des deux Corée | ARTE Reportage,https://www.youtube.com/watch?v=yrhHlOdh1aw,0.006808,0.005814,0.005639,0.499817,1.028383,213.132190,2024-09-22 10:00:51,1481,0.0092,1266.0000,0.0096,137303,1266,0,58,1324,181789172
Les mystères d’un papyrus égyptien | Documentaire | ARTE,https://www.youtube.com/watch?v=LJ28eDZ8wso,0.006712,0.006282,0.005833,0.499880,4.376935,907.903317,2026-01-31 14:00:29,5457,0.0091,1217.0000,0.0096,134414,1217,0,78,1295,174066130
"USA : Arizona, seniors sans-abris | ARTE Reportage",https://www.youtube.com/watch?v=oBXkCof-yps,0.020235,0.005317,0.001117,0.500876,5.161325,1072.110509,2023-11-02 19:00:33,1461,0.0078,8052.0000,0.0096,1038704,8052,0,1948,10000,10387040000
Nicole Kidman en 7 répliques  #actrice #hollywood  #glamour,https://www.youtube.com/watch?v=AQ_ZqpUWszM,0.005119,0.005792,0.023072,0.498029,0.120441,24.919420,2023-09-19 16:30:03,26,0.0093,236.0000,0.0096,25242,236,0,7,243,6133806
Les ravages du FENTANYL  | Reportage | ARTE Regards,https://www.youtube.com/watch?v=rt8z4aTYplA,0.011634,0.005744,0.002118,0.500518,8.105248,1684.424993,2025-09-23 10:01:25,1839,0.0083,3903.0000,0.0096,468632,3903,0,606,4509,2113061688
"Melania Trump, cet obscur objet du pouvoir | Documentaire | ARTE",https://www.youtube.com/watch?v=6ZiLHc2Um-U,0.007915,0.006029,0.003995,0.500412,7.428439,1547.183603,2026-01-31 16:30:02,3484,0.0082,1887.0000,0.0096,228898,1887,0,310,2197,502888906
L’art contre le chalutage | ARTE Regards,https://www.youtube.com/watch?v=cZrafrRbD78,0.004911,0.005768,0.038627,0.496150,0.066483,13.756300,2023-11-01 11:00:38,1938,0.0093,124.0000,0.0096,13346,124,0,4,128,1708288
De la Terre-Mère au sol vivant | Roots (2/5) | ARTE,https://www.youtube.com/watch?v=r9wRwvEHFsA,0.007240,0.005651,0.004779,0.500003,0.798541,166.501580,2023-08-31 18:00:32,1950,0.0089,1534.0000,0.0096,171810,1534,0,113,1647,282971070
Haïti : un hôpital dans l’enfer des gangs | ARTE Reportage,https://www.youtube.com/watch?v=bmQxquPG8pY,0.011248,0.005461,0.002205,0.500432,1.317242,275.372990,2022-02-03 15:00:25,2191,0.0084,3729.0000,0.0096,442251,3729,0,501,4230,1870721730
🇪🇺 Jeu de rôle : EUROPARTIE : L'union fait la force | Replay Live | ARTE,https://www.youtube.com/watch?v=EivkMcPT_N8,0.005402,0.005487,0.011633,0.499706,0.409438,85.557440,2024-05-28 20:00:27,13595,0.0083,540.0000,0.0096,65092,540,0,82,622,40487224
"Goulag, une histoire soviétique | Documentaire (intégrale) | ARTE",https://www.youtube.com/watch?v=uUJDeEWrwVM,0.007908,0.006678,0.004027,0.500509,15.758603,3296.976289,2026-04-18 18:00:48,10039,0.0080,1870.0000,0.0096,233696,1870,0,363,2233,521843168
Quand Edith Piaf reprend Stromaé | PhantasIA #2 le magazine de la création IA | ARTE,https://www.youtube.com/watch?v=R226JGaY8l8,0.005097,0.005682,0.016857,0.499065,0.490820,102.470042,2025-05-29 09:00:42,1689,0.0085,346.0000,0.0096,40502,346,0,41,387,15674274
"30 Birds, Disponible dès maintenant | Jeux vidéo | ARTE",https://www.youtube.com/watch?v=CBdIlp02gU8,0.004883,0.005679,0.027616,0.497719,0.177571,37.094166,2024-11-28 09:34:20,81,0.0088,189.0000,0.0095,21412,189,0,15,204,4368048
Walt Disney - Le père de Mickey (1/2) | Documentaire | ARTE,https://www.youtube.com/watch?v=F_U-y2albmM,0.007594,0.006103,0.004261,0.499872,4.425392,929.649594,2025-12-05 19:00:16,6754,0.0092,1752.0000,0.0095,190430,1752,0,60,1812,345059160
Afghanistan - Le trésor des talibans | Documentaire (2025) | ARTE,https://www.youtube.com/watch?v=-DUWJAfJ8nU,0.006511,0.006056,0.006124,0.500417,6.040545,1269.514066,2026-03-04 14:00:01,3319,0.0078,1150.0000,0.0095,147326,1150,0,251,1401,206403726
Un marché à bas prix en Pologne | Reportage | ARTE Regards,https://www.youtube.com/watch?v=DEZYv0rb6KE,0.005405,0.006026,0.012492,0.499357,1.452690,305.043224,2025-12-25 11:00:33,1930,0.0088,496.0000,0.0095,56486,496,0,41,537,30332982
Chasseurs de météorites | ARTE Regards,https://www.youtube.com/watch?v=3lyQIFSTWdw,0.005215,0.005723,0.016580,0.498818,0.293739,61.639341,2024-10-03 10:00:07,1801,0.0090,353.0000,0.0095,39031,353,0,18,371,14480501
La retraite à 42 ans ? 🩰,https://www.youtube.com/watch?v=XkPvdADN-XM,0.009431,0.005997,0.002816,0.500093,6.884880,1449.383584,2025-11-23 10:01:01,62,0.0090,2820.0000,0.0095,314828,2820,0,170,2990,941335720
🔴 Replay Live | Elections Européennes 2019 - Live à Sciences Po Paris - ARTE,https://www.youtube.com/watch?v=AXQVdUuiFPM,0.005013,0.005589,0.022682,0.498177,0.049234,10.330589,2019-05-26 22:40:14,17829,0.0090,241.0000,0.0095,26753,241,0,13,254,6795262
COUPS DE COEUR - DU 11 AU 17 MAI - ARTE,https://www.youtube.com/watch?v=i4HJ62tGnqg,0.004819,0.005734,0.074911,0.490566,0.014138,2.930064,2021-05-11 06:30:03,131,0.0095,52.0000,0.0095,5492,52,0,0,52,285584
La guerre de l’ombre de Poutine (2/3) | ARTE,https://www.youtube.com/watch?v=gqzHPVuLueY,0.005594,0.005444,0.009991,0.499772,0.338195,71.383195,2023-07-12 10:00:27,2949,0.0084,647.0000,0.0095,77252,647,0,84,731,56471212
Poutine et la guerre des cinq mers | Documentaire | ARTE,https://www.youtube.com/watch?v=aHthB6XhIzk,0.013265,0.005647,0.001772,0.500489,8.962688,1894.587911,2025-08-27 15:30:00,3196,0.0083,4780.0000,0.0095,577824,4780,0,686,5466,3158385984
Triades - La mafia chinoise à la conquête du monde (react ft @angledroit1117) I Le Dock,https://www.youtube.com/watch?v=3sIQP7EryA8,0.004992,0.007209,0.023232,0.498084,2.056362,433.892385,2026-04-29 19:38:04,8505,0.0090,234.0000,0.0094,25953,234,0,11,245,6358485
Les océans seront-ils bientôt à l’arrêt ? | 42 - La réponse à presque tout | ARTE,https://www.youtube.com/watch?v=PFtP8eIc6aU,0.007078,0.005590,0.004991,0.500008,1.080003,228.719618,2024-06-28 13:00:34,1587,0.0087,1459.0000,0.0094,166986,1459,0,117,1576,263169936
Grotte Chauvet - Dans les pas des artistes de la Préhistoire | Documentaire | ARTE,https://www.youtube.com/watch?v=z7a-6DJz3ek,0.006445,0.006106,0.006342,0.499928,4.087097,866.668607,2026-02-01 14:01:27,5353,0.0087,1104.0000,0.0094,127442,1104,0,97,1201,153057842
Les sirènes de la tech | The Last Town - une ville contre la Silicon Valley (2/3) | ARTE,https://www.youtube.com/watch?v=mtMza3iKhR4,0.004820,0.005592,0.031562,0.497171,0.092415,19.513093,2023-12-16 11:00:39,1218,0.0089,160.0000,0.0094,18053,160,0,10,170,3069010
Les Groenlandais face à leur avenir | Reportage | ARTE Regards,https://www.youtube.com/watch?v=dqWjlsD9i2Y,0.004832,0.005896,0.026492,0.497870,0.518709,109.851511,2025-12-01 11:01:15,1828,0.0087,199.0000,0.0094,22978,199,0,17,216,4963248
Perdre du poids par injection ? | ARTE Regards,https://www.youtube.com/watch?v=6k9LFWfdJwY,0.008377,0.005368,0.003600,0.500474,1.976457,420.664428,2024-10-02 10:00:06,1836,0.0080,2128.0000,0.0094,266792,2128,0,378,2506,668580752
L'Irlande submergée par la cocaïne | ARTE Regards,https://www.youtube.com/watch?v=QWAKTZkbjfk,0.009815,0.005844,0.002798,0.500608,11.671055,2486.810480,2026-02-02 11:00:48,1835,0.0078,2841.0000,0.0094,363506,2841,0,570,3411,1239918966
Papouasie-Nouvelle-Guinée - Le temps des solutions | Gardiens de la forêt | ARTE,https://www.youtube.com/watch?v=V3uBCt7fto8,0.006202,0.005532,0.007084,0.499826,0.561729,119.624028,2023-12-09 16:30:08,3142,0.0087,970.0000,0.0094,111483,970,0,76,1046,116611218
Iran-Israël-USA : La longue guerre (1/2) | ARTE,https://www.youtube.com/watch?v=8X4V-ox4PkY,0.011487,0.005713,0.002075,0.500138,5.572566,1192.218561,2025-06-13 15:30:09,3231,0.0088,3996.0000,0.0093,453027,3996,0,238,4234,1918116318
À quoi ressemblaient les dinosaures ? | 42 - La réponse à presque tout | ARTE,https://www.youtube.com/watch?v=RqGJyXQdR0w,0.014082,0.005724,0.001555,0.500095,7.074418,1518.226000,2025-05-16 13:01:01,1697,0.0089,5543.0000,0.0093,619573,5543,0,230,5773,3576794929
"Trump, no limit | Documentaire | ARTE",https://www.youtube.com/watch?v=sB8ePK2bAfI,0.006065,0.006798,0.007466,0.499858,7.258808,1556.651304,2026-04-20 18:00:55,3096,0.0085,912.0000,0.0093,107225,912,0,87,999,107117775
Nouvelle-Zélande : les fermes carbone | ARTE Reportage,https://www.youtube.com/watch?v=8Ppq8LyWylU,0.006201,0.005483,0.007010,0.499842,0.563125,120.820169,2023-11-27 19:00:04,1452,0.0086,982.0000,0.0093,114035,982,0,80,1062,121105170
"DJ Mehdi : Made in France avec Disiz, Pedro Winter, Tarik Azzouz.. | LE DOCK | REPLAY LIVE I ARTE",https://www.youtube.com/watch?v=vg318QntutE,0.007106,0.005476,0.004898,0.500076,1.255513,270.360895,2024-09-14 16:58:54,13604,0.0085,1491.0000,0.0093,176255,1491,0,145,1636,288353180
"RDC : M23, la guerre sans fin | ARTE Reportage",https://www.youtube.com/watch?v=PFPMFUmreJ8,0.031037,0.005344,0.000675,0.500527,9.380723,2022.598408,2024-02-20 14:00:18,1487,0.0082,14161.0000,0.0093,1737511,14161,0,1955,16116,28001727276
Un rêve chinois s'effondre | Planète finance (2022) | ARTE,https://www.youtube.com/watch?v=W4anOgtkaSU,0.009703,0.005565,0.002683,0.500058,2.318833,500.993724,2024-08-21 15:30:11,3032,0.0088,2981.0000,0.0093,338665,2981,0,153,3134,1061376110
Faire face à la crise | ARTE Regards,https://www.youtube.com/watch?v=YPxxr9JI1nI,0.005529,0.005511,0.010768,0.499366,0.281450,60.801362,2023-06-21 10:00:33,1925,0.0088,592.0000,0.0092,67077,592,0,28,620,41587740
Les dessous du jambon ibérique | ARTE Regards,https://www.youtube.com/watch?v=MfeDeYFPeuk,0.005242,0.005475,0.013551,0.499189,0.263915,57.008854,2023-12-28 11:00:17,1819,0.0086,450.0000,0.0092,52059,450,0,31,481,25040379
Mark Zuckerbeg est-il un adolescent prépubère ? 🤔 #Facebook #META,https://www.youtube.com/watch?v=tdikf5TIfvY,0.004883,0.005620,0.022914,0.498164,0.294896,63.620613,2025-04-25 16:01:32,51,0.0087,238.0000,0.0092,27291,238,0,14,252,6877332
Malawi : le retour du choléra | ARTE Reportage,https://www.youtube.com/watch?v=DhudTVcrs5U,0.004840,0.005353,0.020926,0.498567,0.119839,25.890058,2023-02-13 19:30:02,1471,0.0083,266.0000,0.0092,31866,266,0,28,294,9368604
Israël : les orthodoxes sortent du ghetto | ARTE Reportage,https://www.youtube.com/watch?v=8oejVu1N1b0,0.015026,0.004871,0.001718,0.501086,1.690095,366.519799,2021-02-01 16:00:07,1421,0.0068,4952.0000,0.0092,723131,4952,0,1716,6668,4821837508
Les chasseurs de trésors de guerre | Reportage | ARTE Regards,https://www.youtube.com/watch?v=cYzCiwwVfks,0.007646,0.005921,0.004138,0.499877,4.503460,976.302145,2025-12-02 11:01:16,1830,0.0089,1812.0000,0.0092,203240,1812,0,62,1874,380871760
Chine : la peine des hommes | ARTE Reportage (2016),https://www.youtube.com/watch?v=NEeORbk_XBk,0.016839,0.005569,0.001305,0.500377,11.523562,2499.483707,2025-08-07 15:30:28,1509,0.0083,6756.0000,0.0092,812298,6756,0,733,7489,6083299722
Irak : sous emprise | Documentaire | ARTE,https://www.youtube.com/watch?v=D2-40fXULKo,0.006495,0.005564,0.006056,0.500001,1.885705,408.948685,2025-07-22 15:30:08,3601,0.0084,1165.0000,0.0092,139446,1165,0,120,1285,179188110
Le skin fait-il le gamer ? (ft. Lâm Hua) I Jour De Play | REPLAY LIVE I ARTE,https://www.youtube.com/watch?v=CpZE-XujWRM,0.004834,0.005577,0.028218,0.497443,0.133039,28.744779,2024-07-10 19:08:48,9602,0.0089,184.0000,0.0092,20634,184,0,6,190,3920460
L’hydrogène : miracle ou mirage énergétique ? | Les questions qui fâchent | ARTE,https://www.youtube.com/watch?v=mr_3A3Rq8fA,0.011020,0.005207,0.002338,0.500519,1.808196,393.270144,2023-05-28 13:00:36,1572,0.0079,3488.0000,0.0092,443251,3488,0,587,4075,1806247825
Afrique du Sud : un maire s'impose | ARTE Reportage,https://www.youtube.com/watch?v=ufp5dDN9y5A,0.014597,0.005196,0.001618,0.500580,2.847695,620.141265,2023-07-03 18:00:33,1403,0.0078,5299.0000,0.0092,676501,5299,0,913,6212,4202424212
Guantánamo : une mauvaise base ? | ARTE Reportage,https://www.youtube.com/watch?v=OgYvEg6CfQc,0.012225,0.005449,0.001938,0.500240,3.602382,784.637806,2024-09-16 15:30:10,1491,0.0085,4319.0000,0.0092,510004,4319,0,363,4682,2387838728
Les pêcheurs face aux phoques de la Baltique | Reportage | ARTE Regards,https://www.youtube.com/watch?v=vuV0C1Eh9PU,0.004631,0.005844,0.032879,0.497092,0.479290,104.271532,2026-01-06 11:01:50,1814,0.0084,152.0000,0.0091,18057,152,0,13,165,2979405
Dinosaure survivant ? Légende ? Nouvelle espèce ? 🐊 #cryptozoologie,https://www.youtube.com/watch?v=EmnB77sbAa8,0.005649,0.006041,0.008928,0.499883,3.784969,828.131457,2026-03-09 06:30:08,128,0.0080,739.0000,0.0091,92222,739,0,103,842,77650924
"Îles de la mer du Nord, bientôt englouties ? | Reportage | ARTE Regards",https://www.youtube.com/watch?v=yBLX4w-USqM,0.004981,0.005648,0.018654,0.498571,0.471761,103.105499,2025-07-23 10:01:41,1830,0.0087,306.0000,0.0091,35078,306,0,14,320,11224960
Agriculteur cherche vétérinaire | Reportage | ARTE Regards,https://www.youtube.com/watch?v=tEoDf4Zn0ak,0.004743,0.005637,0.024792,0.498028,0.442822,96.955205,2025-10-07 10:01:27,1839,0.0084,216.0000,0.0091,25617,216,0,17,233,5968761
"Bangladesh : Daulatdia , la ville des prostituées | ARTE Reportage (2017)",https://www.youtube.com/watch?v=r4UxBJ3tN6A,0.046656,0.006169,0.000445,0.500433,123.968986,27286.877530,2026-03-19 16:30:32,1478,0.0082,22518.0000,0.0091,2754463,22518,0,2509,25027,68935945501
La chasse au sanglier | ARTE Regards,https://www.youtube.com/watch?v=No7pR48X6mU,0.006183,0.005104,0.006719,0.500530,1.772315,390.229100,2025-06-18 10:00:28,1839,0.0070,1032.0000,0.0091,146420,1032,0,297,1329,194592180
Mort par crucifixion | Anatomie d’une découverte | ARTE,https://www.youtube.com/watch?v=xuHLS5aSykI,0.013558,0.005565,0.001663,0.500120,6.879804,1517.209189,2025-06-01 13:01:41,3181,0.0086,5136.0000,0.0091,594882,5136,0,258,5394,3208793508
Tourisme médical : se soigner à l’étranger | ARTE Regards,https://www.youtube.com/watch?v=MRCgK0OahMo,0.005508,0.005593,0.010177,0.499461,1.081361,239.059851,2025-08-22 09:00:38,1839,0.0085,633.0000,0.0090,74170,633,0,37,670,49693900
Le triangle des Bermudes de l'espace | Documentaire | ARTE,https://www.youtube.com/watch?v=9VQsB6IvJr4,0.009518,0.005643,0.002840,0.500252,7.467103,1653.215103,2025-12-03 19:00:18,3044,0.0082,2793.0000,0.0090,341952,2793,0,295,3088,1055947776
"Narcotrafic, le poison de l’Europe (1/2) | la richesse d’une nation | ARTE",https://www.youtube.com/watch?v=uQx_vB39kgM,0.014472,0.005665,0.001566,0.500264,13.763927,3048.843554,2025-11-23 20:00:47,3157,0.0083,5498.0000,0.0090,660985,5498,0,469,5967,3944097495
Trafic d'anguilles et argent sale | Documentaire | ARTE,https://www.youtube.com/watch?v=T3CBapKsdro,0.005399,0.006270,0.010798,0.499480,3.359742,743.890154,2026-03-25 20:00:17,5434,0.0084,590.0000,0.0090,70520,590,0,46,636,44850720
Misérable solitude (1/2) | Justice à Vegas | ARTE,https://www.youtube.com/watch?v=TWDGwEplg7o,0.004931,0.005051,0.014439,0.499498,0.152085,33.687162,2022-01-16 13:00:25,3174,0.0076,417.0000,0.0090,54711,417,0,76,493,26972523
Retraite à Bali | Reportage | ARTE Regards,https://www.youtube.com/watch?v=yVGtZg4tq0Y,0.005048,0.005406,0.013526,0.499454,0.868060,192.342531,2025-09-04 10:01:48,1959,0.0079,451.0000,0.0090,57167,451,0,64,515,29441005
"Les vagues scélérates, un mystère de taille : partie 2/3",https://www.youtube.com/watch?v=bwG85yWRxaY,0.007079,0.005666,0.004848,0.499710,2.227754,494.830374,2025-07-21 14:00:53,52,0.0089,1509.0000,0.0090,169256,1509,0,14,1523,257776888
"Oum Kalthoum, Fairouz, Warda : l’héritage vivant des divas arabes | ARTE",https://www.youtube.com/watch?v=qlitIb0UtYI,0.005740,0.005545,0.008613,0.499616,1.260543,279.985141,2025-08-07 09:01:20,1443,0.0085,771.0000,0.0090,91067,771,0,48,819,74583873
"🇪🇺  Vont-ils reconnaitre l'Europe ? (ft Adeline Chetail, Julien Paniac et Luciole) | EUROGUESSR",https://www.youtube.com/watch?v=llEj509W3UE,0.004554,0.005481,0.037443,0.496415,0.184605,40.950231,2025-06-19 20:40:50,11239,0.0084,129.0000,0.0090,15306,129,0,8,137,2096922
Mexique : le chant des cartels | ARTE Reportage,https://www.youtube.com/watch?v=ZmobN0f7hrA,0.007717,0.005244,0.004082,0.500153,1.317566,294.319098,2024-05-17 09:00:36,2166,0.0081,1841.0000,0.0089,227290,1841,0,193,2034,462307860
COUPS DE COEUR - DU 20 AU 26 OCTOBRE - ARTE,https://www.youtube.com/watch?v=U1rwvXzJRA4,0.004575,0.005417,0.068239,0.491667,0.014442,3.174424,2020-10-20 09:43:51,131,0.0089,59.0000,0.0089,6594,59,0,0,59,389046
COUPS DE COEUR - DU 16 AU 22 MARS - ARTE,https://www.youtube.com/watch?v=JKlzJeXQSkI,0.004523,0.005402,0.095726,0.486842,0.009843,2.149385,2021-03-16 07:30:01,131,0.0089,37.0000,0.0089,4149,37,0,0,37,153513
Rwanda : la diplomatie militaire | ARTE Reportage,https://www.youtube.com/watch?v=fj594haMRKo,0.011437,0.004988,0.002306,0.500662,2.665273,598.026018,2024-04-08 15:30:16,1498,0.0073,3543.0000,0.0089,484991,3543,0,779,4322,2096131102
Un petit Las Vegas à la frontière tchèque | ARTE Regards,https://www.youtube.com/watch?v=7043OtdSbQ8,0.005625,0.005784,0.008928,0.499679,2.641714,592.959599,2026-01-27 11:00:17,1830,0.0082,739.0000,0.0089,90233,739,0,64,803,72457099
Vers une agriculture sans pesticides | ARTE Regards,https://www.youtube.com/watch?v=w9VXoE_-HVo,0.005299,0.005266,0.011133,0.499488,0.469590,105.475506,2024-09-05 10:00:59,1838,0.0082,569.0000,0.0089,69742,569,0,51,620,43240040
Islande : vivre avec la lave | ARTE Regards,https://www.youtube.com/watch?v=KrTdC1DMkIM,0.005388,0.005475,0.011249,0.499190,0.540389,121.371495,2025-01-14 11:00:20,1810,0.0087,562.0000,0.0089,64348,562,0,10,572,36807056
La cantine 🍊🍴 #samuel  #animation,https://www.youtube.com/watch?v=UYeCmv_wpC0,0.048429,0.006079,0.000404,0.500041,99.849126,22480.979767,2026-02-21 09:00:41,56,0.0088,25065.0000,0.0089,2860862,25065,0,347,25412,72700225144
Comment garder nos souvenirs ? | 42 - La réponse à presque tout | ARTE,https://www.youtube.com/watch?v=4ewylSnuFPA,0.007566,0.005450,0.004164,0.499800,1.571051,353.872438,2024-11-22 14:00:05,1736,0.0087,1799.0000,0.0089,206325,1799,0,32,1831,377781075
Canada : cohabiter avec les ours | ARTE Reportage,https://www.youtube.com/watch?v=QM0-q1oh5JQ,0.005431,0.005366,0.010150,0.499532,0.804016,181.026913,2025-04-28 15:30:22,1508,0.0082,635.0000,0.0089,77115,635,0,49,684,52746660
Sports d’hiver : recycler la neige | ARTE Regards,https://www.youtube.com/watch?v=dsTwUqna2UQ,0.004832,0.005096,0.015911,0.499219,0.245625,55.294566,2024-02-12 11:00:27,1816,0.0077,371.0000,0.0089,47950,371,0,54,425,20378750
Les animaux gouvernent-ils mieux que nous ? | 42 - La réponse à presque tout | ARTE,https://www.youtube.com/watch?v=RqSiVZ0TyHQ,0.009247,0.005372,0.002899,0.499972,2.165091,488.924648,2024-09-13 13:00:34,1658,0.0085,2728.0000,0.0089,319312,2728,0,99,2827,902695024
Histoire du trafic de drogue (1/3) | L'ère des empires | ARTE,https://www.youtube.com/watch?v=H4Hq6AG_B48,0.009833,0.005841,0.002663,0.500107,11.210614,2534.934938,2026-02-05 16:30:07,3203,0.0083,3006.0000,0.0088,362356,3006,0,198,3204,1160988624
RDC : Goma aux mains du M23 | ARTE Reportage,https://www.youtube.com/watch?v=qxInTRdo1XY,0.013957,0.005169,0.001736,0.500519,6.793777,1537.145457,2025-05-05 15:30:23,1505,0.0076,4892.0000,0.0088,644043,4892,0,800,5692,3665892756
Alerte aux astéroïdes | Documentaire |  ARTE,https://www.youtube.com/watch?v=0RlZkFQJ2gU,0.006533,0.006857,0.005784,0.499932,11.708352,2647.986154,2026-05-02 18:00:00,3072,0.0082,1229.0000,0.0088,150624,1229,0,102,1331,200480544
Ministre malgré elle 😅 #série #comédie #politique,https://www.youtube.com/watch?v=btO8psM2Pso,0.004737,0.005284,0.022836,0.498094,0.125386,28.329143,2023-10-05 17:00:19,34,0.0085,239.0000,0.0088,28242,239,0,10,249,7032258
"Réchauffement climatique et guerre civile | Égypte, la chute de l'Ancien Empire (2/2) | ARTE",https://www.youtube.com/watch?v=S-sRdMRU2cc,0.006001,0.005496,0.007140,0.499928,2.612898,593.696351,2025-12-05 16:30:12,2735,0.0079,961.0000,0.0088,121675,961,0,109,1070,130192250
"Pieds-noirs, les exilés d'Algérie pour l'éternité | ARTE Regards",https://www.youtube.com/watch?v=zfFQ0x7tddM,0.014920,0.004463,0.001936,0.501365,2.496739,567.911929,2022-11-30 17:30:10,1922,0.0058,4324.0000,0.0088,741638,4324,0,2196,6520,4835479760
La redécouverte de Troie | Documentaire | ARTE,https://www.youtube.com/watch?v=qct1d-r8j9A,0.013911,0.005760,0.001624,0.500077,16.249818,3698.510542,2026-01-10 14:01:34,5400,0.0084,5278.0000,0.0088,625226,5278,0,215,5493,3434366418
Salvador : un État sous contrôle | ARTE Reportage (2015),https://www.youtube.com/watch?v=axRsXU--glw,0.006602,0.005614,0.005620,0.499963,3.847849,875.335493,2025-12-30 19:00:04,1484,0.0081,1271.0000,0.0088,157421,1271,0,112,1383,217713243
Des espions en mer Baltique | ARTE,https://www.youtube.com/watch?v=8dNe3WAIDbE,0.007817,0.004914,0.004126,0.500548,1.547167,352.187212,2024-07-05 09:00:08,3120,0.0071,1818.0000,0.0088,254722,1818,0,419,2237,569813114
Iran : que restait-il du nucléaire ? | Documentaire | ARTE,https://www.youtube.com/watch?v=fpGWIbkLis0,0.005258,0.006386,0.010543,0.499793,5.255970,1195.402443,2026-04-22 09:00:54,3156,0.0075,607.0000,0.0088,80399,607,0,99,706,56761694
L’univers est-il mathématique ? | 42 - La réponse à presque tout | ARTE,https://www.youtube.com/watch?v=maeQcumgPlk,0.020352,0.005398,0.001047,0.500194,13.305237,3035.741289,2025-07-18 13:01:37,1800,0.0083,8655.0000,0.0088,1047603,8655,0,527,9182,9619090746
Une histoire de la nudité (2/2) | Documentaire | ARTE,https://www.youtube.com/watch?v=H7soO6b14-Q,0.006524,0.007373,0.005764,0.499941,15.635847,3572.015761,2026-05-16 18:00:21,2637,0.0081,1234.0000,0.0087,153176,1234,0,106,1340,205255840
💥​ Gaza : la thérapie face à la guerre #anxiété #depression #artereportage,https://www.youtube.com/watch?v=u8Nwx3RUfxo,0.004573,0.005598,0.033949,0.496686,0.310873,70.771191,2025-10-30 09:01:36,101,0.0086,146.0000,0.0087,17074,146,0,3,149,2544026
La cocaïne dans le viseur de l’Europe | ARTE Regards,https://www.youtube.com/watch?v=14tGc2syuXI,0.005644,0.007087,0.008383,0.499889,9.780209,2239.970712,2026-05-13 10:00:02,1836,0.0077,796.0000,0.0087,103522,796,0,107,903,93480366
Lesotho : Ancestral Visions of the Future | La Lucarne | Documentaire | ARTE,https://www.youtube.com/watch?v=Y0nivvXPiRg,0.004137,0.005519,0.070931,0.491772,0.203381,46.039143,2026-01-19 20:00:29,5050,0.0076,56.0000,0.0087,7357,56,0,8,64,470848
Canada - La voie des ancêtres | Gardiens de la forêt | ARTE,https://www.youtube.com/watch?v=Laol6rKaL8Y,0.008064,0.005202,0.003692,0.499965,1.166150,268.029783,2023-12-10 19:00:19,3153,0.0083,2067.0000,0.0087,249493,2067,0,103,2170,541399810
Chine : ils ont tué les immortels | ARTE Reportage,https://www.youtube.com/watch?v=pRaheiPucXo,0.009761,0.005039,0.002776,0.500301,1.800797,414.442759,2024-01-16 14:00:40,1460,0.0077,2867.0000,0.0087,370532,2867,0,352,3219,1192742508
"La météo spatiale est-elle dangereuse ? | 42, la réponse à presque tout | ARTE",https://www.youtube.com/watch?v=hUFYfwWpDQQ,0.005043,0.005390,0.013601,0.499116,0.752413,172.912204,2025-08-17 15:30:17,1807,0.0082,448.0000,0.0087,54465,448,0,25,473,25761945
Irak : la frontière interdite (2021) | ARTE Reportage,https://www.youtube.com/watch?v=79q1C2jwvN4,0.006002,0.005215,0.007140,0.499703,0.713198,164.162173,2024-07-17 18:00:06,1440,0.0082,961.0000,0.0087,116700,961,0,52,1013,118217100
Fusion nucléaire : l'énergie du futur ? | Les questions qui fâchent | ARTE,https://www.youtube.com/watch?v=jRYJ5mgxkiY,0.015225,0.005141,0.001520,0.500318,5.634311,1298.855858,2024-12-18 16:30:16,1641,0.0079,5688.0000,0.0087,723391,5688,0,587,6275,4539278525
"Sardaigne, la mystérieuse civilisation des nuraghes | Documentaire | ARTE",https://www.youtube.com/watch?v=NWjU9-IPW50,0.008770,0.005713,0.003192,0.500012,8.356889,1930.080863,2026-01-25 16:30:11,5412,0.0082,2443.0000,0.0087,297126,2443,0,129,2572,764208072
Haïti : plongée dans l'abîme | ARTE Reportage,https://www.youtube.com/watch?v=iWCz7IHYNG4,0.018515,0.005568,0.001224,0.500391,26.761685,6192.766492,2026-01-27 19:00:51,2306,0.0077,7261.0000,0.0086,940311,7261,0,865,8126,7640967186
Hong Kong : l'agonie d'une démocratie | ARTE Reportage,https://www.youtube.com/watch?v=V70C2IYfuzw,0.023357,0.005094,0.000937,0.500351,8.333904,1929.924571,2024-09-17 10:00:24,1504,0.0078,9812.0000,0.0086,1252937,9812,0,1008,10820,13556778340
Italie : de l’usine à la coopérative | Reportage 2025 | ARTE Regards,https://www.youtube.com/watch?v=cZPgxRFJySk,0.004552,0.005460,0.026279,0.497728,0.452656,104.875355,2025-11-06 11:01:19,1826,0.0082,201.0000,0.0086,24559,201,0,10,211,5181949
Vivre avec les robots ? 🤖 | Scope | ARTE,https://www.youtube.com/watch?v=ZQ302QsfTaI,0.004276,0.005021,0.039896,0.496256,0.081198,18.769541,2024-03-31 15:30:14,8842,0.0077,119.0000,0.0086,15372,119,0,13,132,2029104
« Julie (en 12 chapitres) » ou la crise de la trentaine 🧡 #cinema,https://www.youtube.com/watch?v=RTXMszJ_PwA,0.004564,0.005238,0.029650,0.497200,0.116137,26.905829,2024-05-27 14:30:10,36,0.0084,173.0000,0.0086,20503,173,0,3,176,3608528
"Notre évolution s’accélère-t-elle ? | 42, la réponse à presque tout | ARTE",https://www.youtube.com/watch?v=VgttVqonvEs,0.007174,0.005183,0.004641,0.500005,1.940780,452.061565,2025-04-12 13:00:50,1498,0.0079,1587.0000,0.0086,199852,1587,0,128,1715,342746180
Retour chez mes potes trumpistes #étatsunis,https://www.youtube.com/watch?v=w2riuWek1oM,0.005461,0.005540,0.009712,0.499342,1.525323,355.145976,2025-11-16 10:01:23,57,0.0084,669.0000,0.0086,79629,669,0,14,683,54386607
"Le crack, une drogue qui gagne du terrain | ARTE Regards",https://www.youtube.com/watch?v=so_HWQ_Oe_o,0.017863,0.004818,0.001375,0.500712,6.371337,1490.287857,2024-10-23 10:01:02,1840,0.0070,6368.0000,0.0085,913867,6368,0,1445,7813,7140042871
"Une balle, des vies perdues (2/2) | Justice à Vegas | ARTE",https://www.youtube.com/watch?v=XMR-pWinOAM,0.004343,0.004916,0.030068,0.497526,0.058764,13.689786,2022-01-15 11:30:07,3185,0.0076,170.0000,0.0085,22248,170,0,20,190,4227120
USA : que sont devenus les hippies ? (2018) | ARTE Reportage,https://www.youtube.com/watch?v=hpWdRP1tUnM,0.004929,0.005110,0.013551,0.499279,0.544947,127.383557,2025-03-30 13:00:58,1440,0.0078,450.0000,0.0085,57971,450,0,45,495,28695645
"Vivons-nous dans un trou noir ? | 42, la réponse à presque tout | ARTE",https://www.youtube.com/watch?v=SDR_Di6ac9I,0.011878,0.005253,0.002071,0.500195,6.960112,1629.968586,2025-08-21 15:30:24,1642,0.0079,4004.0000,0.0085,506898,4004,0,324,4328,2193854544
Et l’Homme créa la monnaie | La fabuleuse histoire de l'argent (1/4) | ARTE,https://www.youtube.com/watch?v=eE2VSOUdhE8,0.011292,0.005389,0.002222,0.500196,9.327859,2184.501613,2025-11-25 19:00:43,3106,0.0079,3696.0000,0.0085,469319,3696,0,311,4007,1880561233
La mauvaise musique amène à de très mauvaises choses ! Jehnny Beth | SHOT,https://www.youtube.com/watch?v=keOHTG5KpZA,0.004647,0.005454,0.022086,0.498133,0.539170,125.981911,2025-11-01 09:01:18,179,0.0083,249.0000,0.0085,30142,249,0,8,257,7746494
Histoire du trafic de drogue (3/3) | Les territoires perdus | ARTE,https://www.youtube.com/watch?v=IIIHhttVTaQ,0.006910,0.005712,0.004982,0.499845,5.427656,1272.604498,2026-02-07 16:30:14,3203,0.0082,1462.0000,0.0085,179367,1462,0,67,1529,274252143
"EUROGUESSR 🇪🇺 présenté par  @JeanMassiet  ft. Niemesia, Ken Bogard et Flonflon | ARTE",https://www.youtube.com/watch?v=VLiGR0an_WA,0.004523,0.005257,0.028218,0.497432,0.215201,50.251236,2025-04-10 20:41:42,7303,0.0083,184.0000,0.0085,22300,184,0,6,190,4237000
"Après la drogue, offrir une seconde chance | Reportage 2025 | ARTE Regards",https://www.youtube.com/watch?v=f_LAa2ApkSg,0.005317,0.005134,0.009615,0.499885,1.580320,370.698429,2025-10-20 10:01:11,1852,0.0073,677.0000,0.0085,93125,677,0,116,793,73848125
Anatolie : quand la terre s’effondre | ARTE Regards,https://www.youtube.com/watch?v=Jo1H7eh1JCQ,0.009868,0.006294,0.002762,0.500332,24.347061,5717.029123,2026-04-22 10:00:26,1839,0.0075,2884.0000,0.0085,384273,2884,0,388,3272,1257341256
La guerre de l'ombre de Poutine (1/3) | ARTE,https://www.youtube.com/watch?v=KkK7bzlArAc,0.007152,0.004755,0.004798,0.500410,0.853114,200.410742,2023-07-11 13:00:14,3191,0.0070,1527.0000,0.0085,217063,1527,0,320,1847,400915361
Elle se déguise en homme pour pouvoir regarder du foot #Iran #Documentaire,https://www.youtube.com/watch?v=Ze9wN6wPonw,0.004649,0.005256,0.021942,0.498131,0.290381,68.045660,2025-04-08 16:00:48,176,0.0083,251.0000,0.0085,30346,251,0,7,258,7829268
Enfances massacrées (1/2) | Justice à Vegas | ARTE,https://www.youtube.com/watch?v=EpXx-LikJ7s,0.005522,0.004737,0.008510,0.500056,0.287442,67.658867,2022-01-12 11:30:10,3163,0.0071,782.0000,0.0085,110159,782,0,153,935,102998665
L'aérospatial aux confins de l'Écosse | Reportage | ARTE Regards,https://www.youtube.com/watch?v=_m_TI7OJ-Cc,0.004405,0.005248,0.025170,0.498083,0.503884,118.495650,2025-11-05 11:01:22,1837,0.0076,212.0000,0.0085,27867,212,0,24,236,6576612
Le chant c'est la voix des anges ? #jeuvideo #zerator,https://www.youtube.com/watch?v=_qyU7D1iMiU,0.004604,0.005601,0.022993,0.498021,0.727873,171.231376,2026-01-11 08:00:47,152,0.0082,237.0000,0.0085,28818,237,0,7,244,7031592
Les crises climatiques ont-elles du bon ? | 42 - La réponse à presque tout | ARTE,https://www.youtube.com/watch?v=cp38ilGox54,0.006181,0.004964,0.006411,0.499936,0.726297,171.431430,2024-03-22 11:00:39,1645,0.0077,1090.0000,0.0085,141975,1090,0,112,1202,170653950
"1957-1963, la course est lancée | La conquête de la Lune : toute l'histoire (1/3) | ARTE",https://www.youtube.com/watch?v=wm0VQS0OCzs,0.005918,0.005385,0.007103,0.500077,3.782581,894.563684,2026-01-30 19:00:56,6503,0.0073,967.0000,0.0084,133147,967,0,158,1125,149790375
"Russie, Chine, Iran : la revanche des empires | Documentaire | ARTE",https://www.youtube.com/watch?v=WLx6C3FrGJU,0.007220,0.005265,0.004695,0.500373,5.754098,1362.099971,2026-01-16 19:00:29,5623,0.0071,1566.0000,0.0084,221805,1566,0,307,1873,415440765
L'Amérique de Donald Trump | ARTE,https://www.youtube.com/watch?v=M7-kKUKV4Ug,0.013640,0.005303,0.001831,0.500485,16.046226,3804.455024,2026-01-12 14:00:44,5439,0.0072,4605.0000,0.0084,635529,4605,0,755,5360,3406435440
🇪🇺  Crise du Groenland : on fait le point  I EUROGUESSR,https://www.youtube.com/watch?v=w2NFM6zX3Jw,0.004344,0.005637,0.032042,0.497135,0.645297,152.198943,2026-02-16 21:50:36,11292,0.0078,157.0000,0.0084,20048,157,0,12,169,3388112
COUPS DE CŒUR - 21 AU 27 MAI - ARTE,https://www.youtube.com/watch?v=7BPNd8WcSv4,0.004179,0.005005,0.113373,0.483474,0.005972,1.373269,2019-05-21 08:46:21,132,0.0081,29.0000,0.0084,3564,29,0,1,30,106920
Cameroun : la terreur verte | ARTE Reportage (2018),https://www.youtube.com/watch?v=wpaohkfSwO8,0.005591,0.005985,0.008365,0.499695,4.915541,1168.807682,2026-04-01 15:30:34,1505,0.0078,798.0000,0.0084,102839,798,0,66,864,88852896
"Ukraine : Odessa, une ville en sursis | ARTE Reportage",https://www.youtube.com/watch?v=cdhrqHspQLM,0.006729,0.004615,0.005415,0.500447,0.602971,143.587515,2022-09-27 18:00:12,697,0.0067,1327.0000,0.0084,196698,1327,0,324,1651,324748398
Thaïlande : des insectes contre la faim (2011) | ARTE Reportage,https://www.youtube.com/watch?v=hQrnwNEoZ9A,0.004307,0.005081,0.027154,0.497904,0.366111,86.853497,2025-09-02 13:01:22,1360,0.0074,193.0000,0.0084,25977,193,0,25,218,5662986
COUPS DE COEUR - DU 19 AU 25 JANVIER - ARTE,https://www.youtube.com/watch?v=WlegNe70xMI,0.004192,0.005011,0.095726,0.486952,0.009818,2.283740,2021-01-19 09:59:44,131,0.0082,37.0000,0.0084,4536,37,0,1,38,172368
"Le sol, royaume du vivant | ARTE",https://www.youtube.com/watch?v=4cr2Lbw-2QY,0.011034,0.005048,0.002256,0.500023,2.367517,565.884110,2024-04-21 18:00:02,3176,0.0080,3632.0000,0.0084,451509,3632,0,145,3777,1705349493
Carbon farming : l’agriculture du carbone | Roots (5/5) | ARTE,https://www.youtube.com/watch?v=OhQccUoW9j4,0.006561,0.005012,0.005534,0.499784,0.656052,156.784683,2023-09-03 18:00:07,1952,0.0080,1294.0000,0.0084,161313,1294,0,55,1349,217611237
Zoos : protéger les espèces menacées ? | ARTE Regards,https://www.youtube.com/watch?v=t6mQo1Vasso,0.004628,0.004990,0.018755,0.498594,0.194772,46.512581,2024-03-21 11:00:55,1802,0.0079,304.0000,0.0083,38567,304,0,18,322,12418574
"""Ce livre veut libérer la parole"" | ARTE Book Club | ARTE",https://www.youtube.com/watch?v=zzz-u1Bp6E0,0.005731,0.004982,0.007841,0.499533,0.238433,57.208277,2021-05-27 16:00:34,930,0.0081,861.0000,0.0083,106291,861,0,24,885,94067535
Nigeria : le fléau des enlèvements | ARTE Reportage,https://www.youtube.com/watch?v=P55msPcMEeo,0.024480,0.004962,0.000895,0.500231,7.765926,1867.503832,2024-07-15 15:30:13,1506,0.0078,10329.0000,0.0083,1331505,10329,0,744,11073,14743754865
"La fonte des glaces : quel impact ? | 42, la réponse à presque tout | ARTE",https://www.youtube.com/watch?v=bjbMb698E44,0.004555,0.004920,0.017573,0.498944,0.413864,99.603924,2025-04-06 10:00:46,1464,0.0074,329.0000,0.0083,44644,329,0,41,370,16518280
COUPS DE COEUR - DU 26 JANVIER AU 01 FÉVRIER - ARTE,https://www.youtube.com/watch?v=McduWFZHI94,0.004057,0.004845,0.084592,0.489152,0.012125,2.876744,2021-01-26 07:28:37,131,0.0077,44.0000,0.0083,5694,44,0,3,47,267618
Syrie - Liban : l'exil sans fin | ARTE Reportage,https://www.youtube.com/watch?v=ijpstR7xnOQ,0.005380,0.004945,0.009192,0.499595,0.680278,164.869416,2024-12-09 16:30:09,1472,0.0077,714.0000,0.0082,93307,714,0,55,769,71753083
"Grand Canyon, un voyage au centre de la Terre | Documentaire | ARTE",https://www.youtube.com/watch?v=VvHM53RwmVg,0.006442,0.006292,0.005717,0.499718,9.159630,2224.662906,2026-04-19 13:00:55,5552,0.0080,1246.0000,0.0082,155927,1246,0,37,1283,200054341
Les algues vont-elles sauver la planète ? | 42 - La réponse à presque tout | ARTE,https://www.youtube.com/watch?v=8L-AEXsHn5A,0.005092,0.005106,0.011300,0.499303,0.851539,206.770423,2025-07-18 09:00:14,1588,0.0078,559.0000,0.0082,71389,559,0,28,587,41905343
Indonésie : adieu Jakarta | ARTE Reportage,https://www.youtube.com/watch?v=OToM4KAxsQw,0.012025,0.004841,0.002097,0.500237,3.264374,797.844576,2024-09-02 15:30:15,1492,0.0075,3949.0000,0.0082,529758,3949,0,385,4334,2295971172
COUPS DE COEUR - DU 22 DÉCEMBRE AU 04 JANVIER - ARTE,https://www.youtube.com/watch?v=UhziD9uheos,0.004133,0.004935,0.103716,0.485294,0.008440,2.012306,2020-12-22 12:36:29,131,0.0081,33.0000,0.0081,4053,33,0,0,33,133749
Danse avec les aurores boréales | Le grand show de la nature | ARTE,https://www.youtube.com/watch?v=gqUX7hq7JmA,0.004520,0.005373,0.020065,0.498374,0.864188,212.075246,2026-01-10 16:30:19,3137,0.0078,280.0000,0.0081,35829,280,0,11,291,10426239
Le bétail : un bien ou un mal pour le climat ? | Roots (3/5) | ARTE,https://www.youtube.com/watch?v=F6MrLkr1YAo,0.005388,0.004852,0.009063,0.499504,0.370071,91.059858,2023-09-01 18:00:11,1950,0.0077,726.0000,0.0081,93872,726,0,36,762,71530464
COUPS DE COEUR - DU 23 FÉVRIER AU 01 MARS - ARTE,https://www.youtube.com/watch?v=KB1AdlzyaOA,0.004043,0.004839,0.103716,0.485413,0.008968,2.151341,2021-02-23 07:00:02,131,0.0079,33.0000,0.0081,4198,33,0,1,34,142732
Les flambeurs d'actions | Planète finance | ARTE,https://www.youtube.com/watch?v=7if-c0bv55M,0.020432,0.004838,0.001085,0.500098,3.718592,920.591270,2023-04-21 18:01:38,3125,0.0078,8317.0000,0.0081,1071459,8317,0,338,8655,9273477645
Venezuela : les bastions de Maduro face à Trump | ARTE Reportage,https://www.youtube.com/watch?v=_uCD48DacR0,0.010918,0.005062,0.002504,0.500460,11.138847,2758.031115,2026-01-08 20:00:42,1502,0.0068,3225.0000,0.0081,471068,3225,0,579,3804,1791942672
À qui appartient le döner kebab ? | ARTE Regards,https://www.youtube.com/watch?v=Li47k1yee4k,0.005460,0.004612,0.008329,0.500172,1.278068,316.996732,2025-06-02 10:00:36,1832,0.0065,802.0000,0.0081,124014,802,0,197,999,123889986
Divas : Divinement capricieuses | Gymnastique | ARTE,https://www.youtube.com/watch?v=pvavUEK4_HQ,0.004814,0.004846,0.013576,0.499060,0.294038,72.996600,2024-04-20 10:00:43,308,0.0077,449.0000,0.0080,58340,449,0,20,469,27361460
"Pouvons-nous ""sentir"" le temps ? | 42 - La réponse à presque tout | ARTE",https://www.youtube.com/watch?v=vGlx2pbRWoc,0.016475,0.004980,0.001375,0.500024,7.153508,1779.800344,2025-03-28 14:00:59,1565,0.0078,6371.0000,0.0080,813455,6371,0,167,6538,5318368790
Démanteler et recycler  | ARTE Regards,https://www.youtube.com/watch?v=P_0AaZwqd9c,0.006417,0.004763,0.005697,0.499819,0.557607,139.005077,2023-03-29 10:00:15,1921,0.0076,1251.0000,0.0080,165029,1251,0,72,1323,218333367
Sénégal : chronique d’un basculement | ARTE Reportage,https://www.youtube.com/watch?v=LX9DQEtc3os,0.010174,0.004672,0.002673,0.500246,2.025972,506.502725,2024-03-26 14:00:23,1457,0.0072,2993.0000,0.0080,417383,2993,0,345,3338,1393224454
Suède : rock’n’roll et voitures américaines | Reportage | ARTE Regards,https://www.youtube.com/watch?v=h-jhcVUxg2U,0.004629,0.005185,0.016388,0.498726,0.867839,216.969169,2025-11-27 11:01:26,1846,0.0077,358.0000,0.0080,46252,358,0,11,369,17066988
Suisse : des citadins bénévoles dans les alpages | ARTE Regards,https://www.youtube.com/watch?v=K_2-CBU7U6M,0.004883,0.004931,0.012599,0.499109,0.591720,148.458825,2025-04-25 09:00:35,1823,0.0077,491.0000,0.0080,63727,491,0,16,507,32309589
"Biodiversité, saveur et résilience | Roots (4/5) | ARTE",https://www.youtube.com/watch?v=HIwuiE5gEfk,0.005008,0.004791,0.011368,0.499212,0.277702,69.873032,2023-09-02 18:00:13,1957,0.0077,555.0000,0.0079,71961,555,0,16,571,41089731
"Mongolie, la vallée des ours | Gardiens de la forêt | ARTE",https://www.youtube.com/watch?v=b4iGwOnDiRQ,0.006452,0.004711,0.005601,0.499842,0.729695,184.446661,2023-12-11 19:00:15,5253,0.0074,1276.0000,0.0079,171506,1276,0,80,1356,232562136
"USA : SDF, l’autre solution (2016) | ARTE Reportage",https://www.youtube.com/watch?v=mu_SPB_II2U,0.007491,0.004676,0.004225,0.499998,0.994079,251.576539,2023-11-13 11:00:46,1471,0.0073,1769.0000,0.0079,241054,1769,0,135,1904,458966816
Les inspirations culturelles de Gaël Faye ✍🏻 #rap #culture,https://www.youtube.com/watch?v=9Rt2eYrGbZg,0.004313,0.005067,0.027154,0.497443,0.333896,84.155474,2025-09-09 15:00:28,173,0.0079,193.0000,0.0079,24574,193,0,1,194,4767356
Les chasseurs d’ovnis | ARTE Regards,https://www.youtube.com/watch?v=NH09264tsD0,0.010796,0.004718,0.002494,0.500288,4.526117,1146.655176,2025-05-21 10:00:37,1830,0.0070,3240.0000,0.0079,462349,3240,0,409,3649,1687111501
Le membre oublié des Rolling Stones | #rollingstones,https://www.youtube.com/watch?v=Rxu4czT5ZiA,0.004232,0.007489,0.028593,0.497379,2.662968,671.747727,2026-05-24 08:00:15,110,0.0076,181.0000,0.0079,23712,181,0,6,187,4434144
"Sébastien Tellier, le ""rétro moderniste"" | #musique",https://www.youtube.com/watch?v=lk7npVnb6n0,0.004167,0.005525,0.025661,0.497926,1.155136,293.292570,2026-03-22 09:00:55,179,0.0072,207.0000,0.0078,28818,207,0,19,226,6512868
Chat GPT : nos nouveaux super pouvoirs ? | Idée 3D | ARTE,https://www.youtube.com/watch?v=4iVcSyejWic,0.006618,0.004654,0.005285,0.499834,0.698968,179.190034,2023-09-02 13:00:03,1615,0.0074,1365.0000,0.0078,184582,1365,0,74,1439,265613498
Glaciers - Enquête sur une disparition | Documentaire | ARTE,https://www.youtube.com/watch?v=98UlKb4f1SU,0.004631,0.005620,0.013781,0.499228,2.861655,735.368944,2026-04-04 13:00:16,5373,0.0070,441.0000,0.0078,62573,441,0,45,486,30410478
Mont-Blanc : la fièvre des cailloux | ARTE Regards,https://www.youtube.com/watch?v=Y4Aqbs4jP7I,0.008764,0.004672,0.003275,0.500046,2.216606,571.676626,2024-12-02 11:00:39,1815,0.0072,2372.0000,0.0078,327670,2372,0,168,2540,832281800
À l'origine de la vie : les impacts d'astéroïdes | Documentaire | ARTE,https://www.youtube.com/watch?v=nmxdZaoU804,0.005833,0.006075,0.006943,0.499721,8.230646,2122.398960,2026-04-25 13:01:32,3148,0.0073,993.0000,0.0077,136024,993,0,61,1054,143369296
Les locations de biens à Paris... #Paris #Location,https://www.youtube.com/watch?v=94plQuTbNxg,0.004221,0.004750,0.023313,0.498097,0.308959,79.552713,2025-05-21 16:00:25,70,0.0073,233.0000,0.0077,32057,233,0,15,248,7950136
Le roi Charles III | ARTE,https://www.youtube.com/watch?v=I0La0GwsB1E,0.010515,0.004279,0.002765,0.500568,1.547383,400.279549,2023-05-03 16:30:03,2599,0.0062,2880.0000,0.0077,461100,2880,0,684,3564,1643360400
Invasion de serpents: Cauchemar aux Canaries | ARTE Regards,https://www.youtube.com/watch?v=jNJA-OZKjeg,0.004933,0.004405,0.010572,0.499741,0.404248,104.614839,2024-02-01 11:00:38,1931,0.0066,605.0000,0.0077,91870,605,0,104,709,65135830
Le pouvoir des récits selon Thomas Jolly I Jour De Play 🎭🎮 #JO #storytelling,https://www.youtube.com/watch?v=zJm8ATonuNg,0.004076,0.004970,0.040161,0.495831,0.215628,55.423703,2025-09-23 09:01:33,156,0.0077,118.0000,0.0077,15422,118,0,1,119,1835218
Ramener de la joie dans un monde qui s'écroule - Jean Michel Othoniel I SHOT #art #sclupture,https://www.youtube.com/watch?v=7lVi5BY-bOc,0.004204,0.004921,0.026600,0.497564,0.357071,92.384592,2025-09-17 09:00:10,180,0.0075,198.0000,0.0077,26261,198,0,4,202,5304722
"L’Allemagne, nouveau pays de la truffe | ARTE Regards",https://www.youtube.com/watch?v=raR_xnCvn0s,0.004082,0.004570,0.028342,0.497499,0.111790,29.106592,2024-02-07 11:00:51,1813,0.0072,183.0000,0.0076,25386,183,0,11,194,4924884
"Narcotrafic, le poison de l’Europe (2/2) | La faiblesse des États | ARTE",https://www.youtube.com/watch?v=kgL_C1CuBQs,0.013777,0.004830,0.001834,0.500211,11.635846,3062.664918,2025-11-24 20:00:41,3653,0.0070,4598.0000,0.0076,660919,4598,0,423,5021,3318474299
COUPS DE COEUR - DU 18 AU 24 MAI - ARTE,https://www.youtube.com/watch?v=24vFUqXdaHQ,0.003484,0.004232,0.122068,0.482092,0.008568,2.191327,2021-05-18 06:30:00,131,0.0064,26.0000,0.0076,4092,26,0,5,31,126852
"💿 Laser Disc avec Nalla, Claude et Joul | Replay LIVE I ARTE",https://www.youtube.com/watch?v=MQ5sAHE8YiE,0.003804,0.004571,0.057567,0.493573,0.067759,17.666359,2024-11-15 07:14:05,6595,0.0071,74.0000,0.0076,10429,74,0,5,79,823891
"Madagascar : les Mikea, derniers gardiens de la forêt | ARTE Reportage",https://www.youtube.com/watch?v=TE8tMv4Fu2k,0.008768,0.004528,0.003257,0.499961,1.241824,328.715426,2023-09-25 15:30:11,1436,0.0072,2387.0000,0.0076,331012,2387,0,113,2500,827530000
Le tunnel du Brenner | ARTE Regards,https://www.youtube.com/watch?v=7xYwe2hohfE,0.006326,0.004503,0.005724,0.499780,0.646107,171.668936,2023-09-20 10:00:05,1932,0.0072,1244.0000,0.0075,173766,1244,0,63,1307,227112162
Colombie : le retour du charbon vers l‘Europe | ARTE Reportage,https://www.youtube.com/watch?v=PTs59nDEsJw,0.004883,0.004352,0.010692,0.499584,0.309779,82.265047,2023-07-08 09:00:23,1486,0.0067,597.0000,0.0075,89361,597,0,75,672,60050592
"En Islande, on sauve les macareux | ARTE Regards",https://www.youtube.com/watch?v=rkni1hBG9MQ,0.004103,0.004377,0.021455,0.498484,0.168174,44.592205,2024-02-14 11:00:43,1808,0.0067,258.0000,0.0075,38580,258,0,32,290,11188200
Les mystères de la physique quantique 🌌 | Scope | ARTE,https://www.youtube.com/watch?v=RRMqvEXE1LI,0.008944,0.004469,0.003202,0.500035,1.535694,409.821460,2024-03-03 11:00:30,7446,0.0070,2434.0000,0.0075,347190,2434,0,167,2601,903041190
L’espion aux mille vies | Documentaire | ARTE,https://www.youtube.com/watch?v=A05nC6-2-yk,0.004733,0.004787,0.012066,0.499278,1.226529,327.182129,2025-11-14 19:00:20,5484,0.0070,517.0000,0.0075,73891,517,0,36,553,40861723
COUPS DE CŒUR – DU 08  au  14 SEPTEMBRE – ARTE,https://www.youtube.com/watch?v=UcsyZo1qHIo,0.003763,0.004523,0.166660,0.470588,0.004015,1.013176,2020-09-10 12:40:59,131,0.0075,16.0000,0.0075,2145,16,0,0,16,34320
COUPS DE COEUR - DU 18 AU 24 AOÛT 2020 - ARTE,https://www.youtube.com/watch?v=uxzRpOVbwDg,0.003762,0.004519,0.160576,0.472222,0.004231,1.072405,2020-08-31 15:17:38,131,0.0075,17.0000,0.0075,2281,17,0,0,17,38777
Corée du Nord : les hommes des Kim (Prix Albert Londres 2018) | ARTE Reportage,https://www.youtube.com/watch?v=5kklmJGNvZQ,0.010785,0.004444,0.002485,0.500087,2.474201,667.613295,2024-07-25 09:00:05,2985,0.0069,3253.0000,0.0074,469504,3253,0,226,3479,1633404416
Histoire du trafic de drogue (2/3) | L'heure des barons | ARTE,https://www.youtube.com/watch?v=t-ICd5VdECY,0.006989,0.005061,0.004713,0.499828,5.724061,1544.171961,2026-02-06 16:30:25,3203,0.0071,1559.0000,0.0074,219187,1559,0,65,1624,355959688
Yémen : la route des migrants éthiopiens | ARTE,https://www.youtube.com/watch?v=ZkUPy2ST9s4,0.010210,0.004510,0.002671,0.500068,3.332996,899.975509,2025-03-05 14:00:45,1496,0.0069,2996.0000,0.0074,432032,2996,0,203,3199,1382070368
Lutte contre les deepfakes porno : l'Europe à la traîne ? | ARTE Europe l'Hebdo | ARTE,https://www.youtube.com/watch?v=hOL00On_M8g,0.007513,0.005395,0.004234,0.500006,11.117551,3024.310244,2026-04-03 10:01:07,605,0.0068,1765.0000,0.0073,260741,1765,0,151,1916,499579756
La quantique change-t-elle notre réalité ? | 42 - La réponse à presque tout | ARTE,https://www.youtube.com/watch?v=cJjmx3MEB3U,0.025041,0.004464,0.000938,0.500106,7.923815,2159.003249,2024-09-20 13:00:46,1774,0.0070,9800.0000,0.0073,1394911,9800,0,438,10238,14281098818
Comment l’eau peut-elle créer la vie ? | 42 - La réponse à presque tout | ARTE,https://www.youtube.com/watch?v=ZE9Eb7kJmI4,0.009117,0.004467,0.003164,0.500089,3.230624,880.594260,2025-05-09 13:00:57,1710,0.0068,2468.0000,0.0073,365526,2468,0,213,2681,979975206
"1964-1968, les missions de tous les dangers | La conquête de la Lune : toute l'histoire (2/3) | ARTE",https://www.youtube.com/watch?v=gUYSDHSgcjY,0.005125,0.004870,0.009138,0.499648,2.685330,731.715138,2026-01-31 19:00:42,6052,0.0066,719.0000,0.0073,108177,719,0,74,793,85784361
Notre avenir est-il sur l'eau ? | ARTE,https://www.youtube.com/watch?v=yiOouuceXTc,0.005453,0.004597,0.007865,0.499562,1.284919,350.357552,2025-07-15 18:01:02,3188,0.0070,858.0000,0.0073,121883,858,0,35,893,108841519
L'Amérique en guerre #Reportage #EtatsUnis  #artereportage,https://www.youtube.com/watch?v=P4ju7qwTHBc,0.004100,0.004566,0.022379,0.498138,0.353458,96.140645,2025-06-28 16:00:43,165,0.0070,245.0000,0.0073,35088,245,0,12,257,9017616
"La fin d'un royaume | Égypte, la chute de l'Ancien Empire (1/2) | ARTE",https://www.youtube.com/watch?v=mop2hbEDeIU,0.009455,0.004692,0.003019,0.500118,6.909621,1887.054952,2025-12-04 16:30:22,2463,0.0067,2604.0000,0.0073,388629,2604,0,241,2845,1105649505
Iran-Israël-USA : La longue guerre (2/2) | ARTE,https://www.youtube.com/watch?v=NgPIdV_x2NI,0.008267,0.004541,0.003597,0.499953,2.956179,807.602901,2025-06-13 18:00:20,3316,0.0069,2130.0000,0.0073,306794,2130,0,115,2245,688752530
"SHOT, votre dose de culture avec Hugo Marchand",https://www.youtube.com/watch?v=gWBm5TqrK8g,0.004154,0.004687,0.022993,0.497899,0.357350,97.352424,2025-07-30 15:01:15,179,0.0073,237.0000,0.0073,32419,237,0,0,237,7683303
Ainur n’oubliera jamais son premier client… #documentaire #mongolie #striptease,https://www.youtube.com/watch?v=e0zj5T4DOZY,0.004170,0.004712,0.021455,0.498125,0.479478,130.826285,2025-09-27 09:00:57,49,0.0072,258.0000,0.0073,35880,258,0,4,262,9400560
30 Birds | Bande-annonce | Jeux vidéo | ARTE,https://www.youtube.com/watch?v=H0ISggIEf3g,0.003768,0.004367,0.037673,0.496413,0.113951,31.015841,2024-10-22 08:00:12,42,0.0067,128.0000,0.0073,19053,128,0,11,139,2648367
🔴En direct | Déambulation nocturne à Montpellier | AUTOUR DE MINUIT | ARTE,https://www.youtube.com/watch?v=JqWh9QVIN3w,0.004495,0.004541,0.013940,0.499051,0.666833,182.680358,2025-07-17 23:14:47,8874,0.0069,435.0000,0.0073,63146,435,0,25,460,29047160
Le biomimétisme pour construire le monde de demain | Documentaire | ARTE,https://www.youtube.com/watch?v=mKqulG3xgNw,0.004869,0.004839,0.010617,0.499349,1.845184,506.604909,2026-01-07 20:00:49,6273,0.0069,602.0000,0.0073,87034,602,0,31,633,55092522
L’huître creuse colonise la mer des Wadden | Reportage | ARTE Regards,https://www.youtube.com/watch?v=ee39-1ms66E,0.004178,0.004500,0.018654,0.498625,0.482153,132.294018,2025-07-21 10:01:08,1838,0.0068,306.0000,0.0073,45273,306,0,23,329,14894817
Restaurer les fonds marins côtiers en Écosse | ARTE Regards,https://www.youtube.com/watch?v=FM6YcCYSumA,0.004135,0.004394,0.020243,0.498400,0.226079,62.016355,2024-09-16 10:00:20,1835,0.0069,277.0000,0.0073,40324,277,0,16,293,11814932
L’ère des empires | La fabuleuse histoire de l'argent (2/4) | ARTE,https://www.youtube.com/watch?v=DDei2-0OMAk,0.007462,0.004681,0.004259,0.499949,4.384106,1207.670521,2025-11-26 19:00:17,3338,0.0068,1753.0000,0.0073,258249,1753,0,121,1874,483958626
Carpates : Plus grand parc national d‘ Europe ? | ARTE Regards,https://www.youtube.com/watch?v=m6JPHVksTtI,0.006181,0.004425,0.005964,0.499842,1.505122,415.079593,2025-04-29 10:01:24,1817,0.0067,1186.0000,0.0072,176498,1186,0,93,1279,225740942
Inde : les ponts vivants du Meghalaya (2019) | ARTE Reportage,https://www.youtube.com/watch?v=lSnqWOZD6WQ,0.005154,0.004575,0.008979,0.499429,1.203625,333.639246,2025-08-17 18:00:39,1503,0.0070,734.0000,0.0072,105057,734,0,23,757,79528149
COUPS DE COEUR - DU 23 AU 29 MARS - ARTE,https://www.youtube.com/watch?v=NWHwNkXdEEY,0.003203,0.003881,0.101581,0.486532,0.011699,3.177838,2021-03-23 07:30:00,131,0.0056,34.0000,0.0072,6112,34,0,10,44,268928
Les gardiens de la gastronomie italienne | ARTE Regards,https://www.youtube.com/watch?v=sctOYU8aW-U,0.006980,0.004389,0.004731,0.499850,1.518132,422.822629,2025-01-07 11:01:18,1838,0.0068,1552.0000,0.0072,227129,1552,0,78,1630,370220270
Gabon : les savants et les éléphants | ARTE Reportage,https://www.youtube.com/watch?v=7luz1iFsVmo,0.004243,0.004356,0.017228,0.498693,0.276100,76.758981,2024-09-23 18:00:04,1488,0.0068,337.0000,0.0072,49347,337,0,17,354,17468838
Afghanistan : Kaboul dans l’enfer de la drogue | ARTE Reportage,https://www.youtube.com/watch?v=Db8GcD7yk98,0.070968,0.004058,0.000379,0.500498,11.428613,3192.709523,2022-09-19 16:30:01,1484,0.0061,26951.0000,0.0072,4399378,26951,0,4544,31495,138558410110
Le crabe bleu : fléau des pêcheurs italiens ? | ARTE Regards,https://www.youtube.com/watch?v=2Qtysi2CvMg,0.004953,0.004221,0.009712,0.499660,0.687055,192.228236,2024-12-25 11:00:02,1812,0.0063,669.0000,0.0071,105759,669,0,86,755,79848045
Les sarcophages de Notre-Dame de Paris | Scope | ARTE,https://www.youtube.com/watch?v=qOhuy9UPTW0,0.005083,0.004179,0.009095,0.499664,0.478449,134.216777,2024-03-10 10:00:37,8125,0.0064,723.0000,0.0071,112771,723,0,80,803,90555113
Nurseries à poissons | ARTE Regards,https://www.youtube.com/watch?v=avgyG0gkmGU,0.004269,0.004158,0.015430,0.499023,0.210481,59.299110,2023-09-25 10:00:02,1906,0.0064,385.0000,0.0071,59727,385,0,38,423,25264521
Résistances | Série documentaire intégrale | ARTE,https://www.youtube.com/watch?v=Uzp-JKQ3UyM,0.008341,0.004901,0.003617,0.500014,9.200416,2600.882569,2026-02-24 20:00:34,13232,0.0066,2116.0000,0.0071,321986,2116,0,161,2277,733162122
"Guerre du Donbass, le drame ukrainien (2/2) | ARTE",https://www.youtube.com/watch?v=lbnQ1Y9a-Mo,0.022768,0.003855,0.001240,0.500657,2.683479,760.777121,2021-11-20 19:00:26,3139,0.0056,7160.0000,0.0071,1278745,7160,0,1860,9020,11534279900
Découverte du jeu vidéo « To Hell With The Ugly » ☕ STARTER PACK I REPLAY LIVE I ARTE,https://www.youtube.com/watch?v=Yx0apWczlb8,0.003579,0.004286,0.056983,0.493599,0.070964,19.949661,2024-12-11 23:07:48,8821,0.0067,75.0000,0.0070,11245,75,0,4,79,888355
"EUROGUESSR 🇪🇺 présenté par @JeanMassiet ft. Laytho, Mila de Blois et Charlotte Lemay | REPLAY | ARTE",https://www.youtube.com/watch?v=ckrk6VFqyyw,0.003568,0.004229,0.043995,0.495558,0.124801,35.543450,2025-03-24 21:36:53,7321,0.0064,105.0000,0.0070,16376,105,0,9,114,1866864
"Le babyfoot, un avantage indispensable ? #SiliconValley #Reportage",https://www.youtube.com/watch?v=coqt-TffgdY,0.003725,0.004351,0.036335,0.496397,0.163929,46.768003,2025-04-30 16:01:03,87,0.0068,134.0000,0.0070,19828,134,0,4,138,2736264
Chine : villages 2.0 | ARTE Reportage,https://www.youtube.com/watch?v=rjFd_pBxHRY,0.012639,0.004198,0.002069,0.500012,2.340392,673.751353,2024-01-18 16:30:17,1427,0.0067,4010.0000,0.0069,600949,4010,0,164,4174,2508361126
🇪🇺 Loup en danger / Roumanie aux urnes / Espagne dans le noir I EUROGUESSR I ARTE,https://www.youtube.com/watch?v=Xgbadmxn-ZQ,0.003601,0.004258,0.040430,0.495984,0.153366,44.028300,2025-05-13 20:25:46,6514,0.0065,117.0000,0.0069,18086,117,0,8,125,2260750
"Groenland, dans le sillage du commandant Charcot | Documentaire | ARTE",https://www.youtube.com/watch?v=tpSS2IyumeY,0.004310,0.004605,0.014325,0.499051,1.399529,405.906644,2026-01-17 19:00:55,3148,0.0064,421.0000,0.0069,65692,421,0,31,452,29692784
Gabon - La forêt qui soigne | Gardiens de la forêt | ARTE,https://www.youtube.com/watch?v=gIW_s8aoubU,0.007688,0.004125,0.004072,0.499908,1.044123,303.590993,2023-12-08 19:00:19,3088,0.0065,1846.0000,0.0069,283202,1846,0,101,1947,551394294
Les derniers pêcheurs à la ligne des Açores | Reportage | ARTE Regards,https://www.youtube.com/watch?v=RN1-JcFDBT0,0.003909,0.004362,0.023477,0.497946,0.356487,103.282880,2025-07-28 10:00:45,1836,0.0067,231.0000,0.0069,34622,231,0,7,238,8240036
"Gymnastique, la pression de l’excellence | ARTE Regards",https://www.youtube.com/watch?v=6-QCRHb6pyI,0.004968,0.004618,0.009427,0.499417,2.099621,610.766057,2026-01-07 11:00:17,1837,0.0066,693.0000,0.0069,105158,693,0,29,722,75924076
Les secrets du Colisée | Monuments éternels | ARTE,https://www.youtube.com/watch?v=A_fjAsAndis,0.004829,0.006114,0.010218,0.499272,6.563031,1912.812245,2026-05-10 15:30:11,5154,0.0067,630.0000,0.0069,93702,630,0,12,642,60156684
Pêcheur un métier menacé 🐟 | #pêcheur #pêche,https://www.youtube.com/watch?v=_VeEPgoqBr0,0.003593,0.005316,0.037906,0.496320,0.920662,267.005511,2026-04-15 05:30:30,114,0.0064,127.0000,0.0068,19866,127,0,9,136,2701776
Les déserts médicaux en Europe #hebdo #santé #arte #info #arteinfo,https://www.youtube.com/watch?v=9FhuUzIiUZ8,0.003611,0.004485,0.047162,0.494881,0.200917,58.265814,2025-10-27 18:00:16,90,0.0068,96.0000,0.0068,14210,96,0,1,97,1378370
COUPS DE COEUR - DU 20 AU 26 AVRIL - ARTE,https://www.youtube.com/watch?v=Dndrc86441U,0.003490,0.004146,0.099542,0.486111,0.009497,2.706608,2021-04-20 06:30:02,131,0.0068,35.0000,0.0068,5130,35,0,0,35,179550
Alpes : une nouvelle vie de gardien de refuge | Reportage | ARTE Regards,https://www.youtube.com/watch?v=QX-Iv2GNer0,0.004956,0.004299,0.009416,0.499449,1.123871,329.102162,2025-08-07 10:00:59,1816,0.0065,694.0000,0.0068,107029,694,0,36,730,78131170
Chasseurs de grosses vagues | Le grand show de la nature | ARTE,https://www.youtube.com/watch?v=poNkh43jbxE,0.006837,0.004604,0.004884,0.499787,4.539478,1330.470789,2026-01-08 16:30:19,2967,0.0066,1496.0000,0.0068,227437,1496,0,55,1551,352754787
Côte d’Ivoire : haro sur le cacao | ARTE Reportage,https://www.youtube.com/watch?v=rQBEbsmBUpM,0.007978,0.004059,0.003916,0.500008,1.353848,397.024842,2024-05-15 13:01:01,840,0.0063,1931.0000,0.0068,307333,1931,0,164,2095,643862635
Afrique : safaris et bonnes bonnes affaires | ARTE Reportage,https://www.youtube.com/watch?v=Xtc51FM9wbk,0.004974,0.004247,0.009302,0.499482,1.049198,308.084877,2025-07-07 15:30:28,2274,0.0064,704.0000,0.0068,109674,704,0,42,746,81816804
Bhoutan : le royaume vert himalayen | ARTE Reportage,https://www.youtube.com/watch?v=SHOE5UUjbo8,0.005269,0.004136,0.008106,0.499605,0.820716,241.407627,2025-01-06 16:30:07,1511,0.0064,828.0000,0.0068,129864,828,0,54,882,114540048
RDC : les gangs de Kinshasa | ARTE Reportage,https://www.youtube.com/watch?v=qnw91_B6EeQ,0.303277,0.004028,0.000094,0.500194,47.796847,14076.663838,2022-09-12 16:30:05,1467,0.0064,124664.0000,0.0068,19495404,124664,0,7727,132391,2581016030964
Les refs d'Alexande Kantorow,https://www.youtube.com/watch?v=sA7DUZbRZd4,0.003652,0.005140,0.033052,0.496839,0.926159,273.017466,2026-04-04 08:00:49,177,0.0065,151.0000,0.0067,23288,151,0,6,157,3656216
Sénégal : l’exode des pêcheurs (2023) | ARTE,https://www.youtube.com/watch?v=fNd6PAyv8c8,0.007313,0.003983,0.004535,0.500042,1.379671,409.547499,2024-09-07 10:00:39,1510,0.0060,1630.0000,0.0067,269980,1630,0,188,1818,490823640
Percer les mystères de l’antimatière ? I Scope | ARTE,https://www.youtube.com/watch?v=9M_GpOp0FIs,0.004476,0.003959,0.012066,0.499369,0.357047,106.000167,2024-04-14 10:00:08,8238,0.0061,517.0000,0.0067,85353,517,0,57,574,48992622
La voie chinoise | La fabuleuse histoire de l'argent (3/4) | ARTE,https://www.youtube.com/watch?v=2Oz1PWecx78,0.006095,0.004421,0.005990,0.499713,2.890418,859.353558,2025-11-27 16:30:02,3460,0.0064,1180.0000,0.0067,182995,1180,0,50,1230,225083850
"💿 Laser Disc à la Philharmonie de Paris avec Julien Menielle, Lila Ehjä et Vazektomi | ARTE",https://www.youtube.com/watch?v=qzx5iNrKlb8,0.003584,0.004154,0.046052,0.495000,0.062786,18.514329,2024-04-23 06:37:55,7151,0.0067,99.0000,0.0067,14744,99,0,0,99,1459656
🇪🇺  Camping sous les étoiles... et les lois européennes I REPLAY EUROGUESSR,https://www.youtube.com/watch?v=hOnc1uQ55YI,0.003525,0.006106,0.043995,0.495406,1.188583,351.733981,2026-05-13 08:36:46,10821,0.0065,105.0000,0.0067,16276,105,0,4,109,1774084
Sénégal : des murs contre l’océan (2022) | ARTE Reportage,https://www.youtube.com/watch?v=aTx6EfZIeFw,0.004074,0.004015,0.016580,0.498842,0.286682,85.399913,2024-08-29 15:30:01,771,0.0062,353.0000,0.0067,57046,353,0,29,382,21791572
"Le retour de l’élan, ce géant des forêts | Reportage | ARTE Regards",https://www.youtube.com/watch?v=XLmUkLLGXzk,0.005107,0.004443,0.008632,0.499536,2.188821,653.106439,2025-12-24 11:01:10,1824,0.0063,769.0000,0.0067,121591,769,0,45,814,98975074
Panama-Colombie : dans l’enfer du Darien | ARTE Reportage,https://www.youtube.com/watch?v=iE_VBlqfVXs,0.011222,0.004034,0.002447,0.499995,1.834853,548.224807,2023-11-27 16:30:08,1466,0.0064,3312.0000,0.0067,517494,3312,0,151,3463,1792081722
À la poursuite du coup de foudre | Le grand show de la nature | ARTE,https://www.youtube.com/watch?v=RGYcGWE-APY,0.005930,0.004531,0.006288,0.499657,3.349912,1000.972208,2026-01-07 16:30:12,3127,0.0065,1115.0000,0.0067,172112,1115,0,36,1151,198100912
💿 Las'Hair Disc avec @Natooyt  et Poppy Fusée1261 | Replay Live | ARTE,https://www.youtube.com/watch?v=eErhAlM7qS8,0.003502,0.004117,0.054775,0.493792,0.052981,15.654768,2024-05-25 04:49:11,5154,0.0066,79.0000,0.0067,11967,79,0,1,80,957360
Les incroyables images du télescope Vera Rubin ! | Scope | ARTE,https://www.youtube.com/watch?v=WtQuCc9lQF8,0.005492,0.004218,0.007329,0.499568,1.331240,398.578462,2025-07-01 22:32:59,9612,0.0065,932.0000,0.0067,144163,932,0,30,962,138684806
Les ancêtres des Windsor (4/4) | Georges IV - Le roi dilettante | ARTE,https://www.youtube.com/watch?v=R0gL08--ASQ,0.005739,0.004139,0.006685,0.499585,0.934458,279.935349,2024-12-08 11:00:28,2738,0.0065,1038.0000,0.0067,158772,1038,0,21,1059,168139548
"Antonov, le légendaire géant des airs | Documentaire | ARTE",https://www.youtube.com/watch?v=l6lOlFUeLZ0,0.019850,0.004144,0.001310,0.500144,10.192306,3063.667524,2025-07-10 09:01:09,4272,0.0062,6728.0000,0.0067,1082261,6728,0,472,7200,7792279200
Désertification : extension du domaine de la lutte | Roots (1/5) | ARTE,https://www.youtube.com/watch?v=Sabih757vIw,0.005953,0.004035,0.006226,0.499643,0.561538,168.756072,2023-08-31 15:30:06,1968,0.0065,1128.0000,0.0066,174154,1128,0,30,1158,201670332
Emirats : la fin de l'Eldorado ? (2020) | ARTE Reportage,https://www.youtube.com/watch?v=V1TAzm7wP-M,0.015600,0.003941,0.001732,0.500166,3.898617,1182.513755,2024-08-12 15:30:09,1491,0.0061,4906.0000,0.0066,810006,4906,0,434,5340,4325432040
"L'Ukraine, bientôt dans l'UE ? #ukraine #politique #arte #info #arteinfo",https://www.youtube.com/watch?v=JHEnlOxNzUg,0.003543,0.004332,0.038873,0.496046,0.269155,81.021918,2025-11-04 17:00:28,133,0.0064,123.0000,0.0066,19115,123,0,3,126,2408490
Comment le Covid fait chuter les marchés | Planète finance | ARTE,https://www.youtube.com/watch?v=FyGeiTsxQ0M,0.007093,0.003843,0.004761,0.500001,0.738716,224.166398,2023-04-27 13:00:17,3128,0.0059,1541.0000,0.0066,259605,1541,0,169,1710,443924550
"Un joyau à la française, la cathédrale de Cologne | ARTE",https://www.youtube.com/watch?v=XeSHKClqvkw,0.006261,0.003938,0.005744,0.499811,1.008220,308.817717,2024-09-08 13:00:28,5355,0.0061,1239.0000,0.0065,203230,1239,0,87,1326,269482980
"Les éoliennes en mer, quelle cohabitation avec la nature ? | ARTE",https://www.youtube.com/watch?v=frm7rnlAa2U,0.004930,0.003729,0.009302,0.499854,0.667835,204.735318,2024-09-28 18:00:30,3144,0.0054,704.0000,0.0065,130597,704,0,147,851,111138047
Sommes-nous prêts pour les aliens ? | 42 - La réponse à presque tout | ARTE,https://www.youtube.com/watch?v=TaHD1dvxlRw,0.011717,0.003807,0.002564,0.500340,3.664667,1124.785001,2025-02-07 14:00:37,1677,0.0055,3140.0000,0.0065,569196,3140,0,568,3708,2110578768
"Brésil, replanter l'Amazonie | Gardiens de la forêt | ARTE",https://www.youtube.com/watch?v=poJ9G63r0N8,0.006016,0.003888,0.006156,0.499771,0.647970,198.860004,2023-11-28 16:30:18,3152,0.0061,1143.0000,0.0065,187514,1143,0,78,1221,228954594
Être asexuel 👫 #shorts,https://www.youtube.com/watch?v=1ed48xGZFfo,0.004038,0.002016,0.000000,0.003242,0.405559,124.973926,2022-08-03 10:32:26,60,0.0000,0.0000,0.0065,178112,0,0,1155,1155,205719360
Triades - La mafia chinoise à la conquête du monde | Intégrale | ARTE,https://www.youtube.com/watch?v=0EKqbvK7D8E,0.017948,0.004654,0.001462,0.500055,26.816978,8304.414734,2026-03-04 19:00:01,10768,0.0062,5944.0000,0.0065,961990,5944,0,268,6212,5975881880
Gloomy Eyes l Annonce date de sortie l Jeux Vidéo l ARTE,https://www.youtube.com/watch?v=rUYXQhoZMoU,0.003510,0.004105,0.033949,0.496705,0.238957,73.900587,2025-08-14 14:00:21,118,0.0062,146.0000,0.0064,23504,146,0,5,151,3549104
💿🎳 Laser Disc avec @BanditBanditband @Flonflon et @mamapaprika | Replay Live | ARTE,https://www.youtube.com/watch?v=9hHQY1GmPe0,0.003265,0.003881,0.062052,0.492783,0.053274,16.529854,2024-08-31 06:17:52,6464,0.0061,67.0000,0.0064,11015,67,0,3,70,771050
Guatemala : les gardiens de la forêt maya | ARTE Reportage,https://www.youtube.com/watch?v=eU8k94QhPpk,0.004737,0.003878,0.009926,0.499333,0.512948,162.412803,2024-09-09 15:30:22,1490,0.0061,652.0000,0.0063,106703,652,0,21,673,71811119
"Qatar, une dynastie à la conquête du monde | Documentaire | ARTE",https://www.youtube.com/watch?v=cp8PTm8II84,0.007358,0.004468,0.004418,0.499837,6.809118,2164.601459,2026-02-19 16:30:19,5616,0.0060,1680.0000,0.0063,279114,1680,0,75,1755,489845070
USA : le mur des coyotes | ARTE Reportage,https://www.youtube.com/watch?v=OGo8ehj6pps,0.011005,0.003727,0.002692,0.500134,2.242516,713.212716,2024-06-25 18:00:12,2269,0.0057,2970.0000,0.0063,522701,2970,0,316,3286,1717595486
"Leïla Ka ""J'ai choisi la danse parce que ça m'arrangeait de ne pas parler !""",https://www.youtube.com/watch?v=HYLKmAMO0JM,0.003413,0.006492,0.039377,0.495953,1.706077,538.514813,2026-05-23 07:00:10,180,0.0062,121.0000,0.0063,19570,121,0,2,123,2407110
Deux touristes dévorés sur l'île aux cannibales ? Desintox | ARTE #désintox #arte,https://www.youtube.com/watch?v=-2nLgImQjvw,0.005509,0.003745,0.007147,0.499607,0.470051,151.174546,2023-07-28 19:00:00,60,0.0060,960.0000,0.0062,161128,960,0,41,1001,161289128
Naachtun - La cité maya oubliée | Documentaire | ARTE,https://www.youtube.com/watch?v=tT24vMbTfyA,0.008448,0.004835,0.003637,0.499878,12.870816,4143.283612,2026-04-04 18:00:45,5610,0.0060,2103.0000,0.0062,351690,2103,0,81,2184,768090960
COUPS  DE COEUR - DU 09 AU 15 FÉVRIER - ARTE,https://www.youtube.com/watch?v=tqeFuB3kejU,0.002897,0.003497,0.128755,0.480442,0.007378,2.303511,2021-02-09 08:54:32,131,0.0053,24.0000,0.0062,4527,24,0,4,28,126756
Les ancêtres des Windsor (3/4) |  Georges III - Le roi fou | ARTE,https://www.youtube.com/watch?v=CAilJn5KQ4U,0.007288,0.003767,0.004526,0.499848,1.496069,486.805712,2024-11-30 11:00:10,2710,0.0058,1634.0000,0.0061,279998,1634,0,86,1720,481596560
La fin de la Nintendo Switch 1,https://www.youtube.com/watch?v=9xM2ZZFSSvI,0.003399,0.003806,0.029111,0.497415,0.267435,87.183865,2025-07-04 16:00:26,167,0.0057,177.0000,0.0061,31296,177,0,14,191,5977536
Superstratégies | Le génie caché des plantes (2/2) | ARTE,https://www.youtube.com/watch?v=F89nartfUtI,0.012963,0.003871,0.002178,0.499961,6.485340,2164.037005,2025-08-31 15:30:09,3171,0.0058,3781.0000,0.0060,651346,3781,0,122,3903,2542203438
Artem & Eva | L’intimité d'un couple de hardeurs romantiques | ARTE,https://www.youtube.com/watch?v=x01aH5jOB0k,0.039732,0.003608,0.000689,0.500051,6.111470,2051.578108,2023-04-19 19:00:20,5769,0.0058,13834.0000,0.0060,2391813,13834,0,415,14249,34080943437
Les animaux : moins bêtes que nous ? | 42 - La réponse à presque tout | ARTE,https://www.youtube.com/watch?v=pXxWISptDpE,0.009113,0.003773,0.003326,0.499853,3.073562,1036.776258,2025-06-05 15:30:28,1783,0.0058,2330.0000,0.0059,402255,2330,0,54,2384,958975920
Les champions de la boulangerie-pâtisserie | ARTE Regards,https://www.youtube.com/watch?v=fgkZx39Ln4U,0.004252,0.003579,0.012305,0.499151,0.307230,103.754601,2024-02-15 11:00:36,1796,0.0056,505.0000,0.0059,89662,505,0,25,530,47520860
"Et si on ressuscitait les mammouths ? | 42, la réponse à presque tout | ARTE",https://www.youtube.com/watch?v=16U6E4Z394k,0.007663,0.003399,0.004457,0.500043,0.742922,252.722908,2023-01-07 16:00:02,1447,0.0052,1663.0000,0.0059,320444,1663,0,220,1883,603396052
Laser Disc 2023 : ARTE Concert Festival | ARTE,https://www.youtube.com/watch?v=VyGHir-2FwY,0.002975,0.003622,0.160576,0.472222,0.009572,3.085463,2023-12-01 10:00:23,3460,0.0059,17.0000,0.0059,2901,17,0,0,17,49317
Chasseurs de vestiges dans les glaciers | ARTE Regards,https://www.youtube.com/watch?v=DlqEcLzwqlA,0.013561,0.003610,0.002139,0.500030,3.927339,1340.878552,2025-01-24 16:30:04,1830,0.0055,3860.0000,0.0059,697183,3860,0,223,4083,2846598189
D’où vient la cohésion de l’univers ? | 42 - La réponse à presque tout | ARTE,https://www.youtube.com/watch?v=ULl9wYuEf3I,0.024910,0.003530,0.001160,0.500162,7.354378,2528.092323,2024-12-06 14:00:26,1803,0.0054,7717.0000,0.0058,1438608,7717,0,652,8369,12039710352
🇪🇺 Jeu de rôle : EUROPARTIE Round 2 : L'union fait la force | Replay Live | ARTE,https://www.youtube.com/watch?v=6h6fz2VilWs,0.003532,0.003453,0.020610,0.498415,0.196994,67.833431,2024-06-02 06:21:37,14111,0.0053,271.0000,0.0058,51307,271,0,26,297,15238179
"Le pénis, une question de taille ! | Gymnastique, la culture en s'amusant | ARTE",https://www.youtube.com/watch?v=RVN3_iazvTo,0.012119,0.003302,0.002561,0.500144,0.793384,276.783769,2020-06-04 10:30:04,276,0.0051,3143.0000,0.0057,613130,3143,0,371,3514,2154538820
"Sonneur de cloches, une passion anglaise | Reportage | ARTE Regards",https://www.youtube.com/watch?v=ATRlmcVmUGc,0.002975,0.003840,0.061364,0.492874,0.174610,60.288940,2025-12-04 11:00:29,1833,0.0055,68.0000,0.0057,12430,68,0,3,71,882530
"Les ancêtres des Windsor (1/4) | Georges Ier, L’héritier | ARTE",https://www.youtube.com/watch?v=vsna5ohbVuk,0.007922,0.003537,0.004091,0.499827,1.634393,572.343224,2024-11-23 11:01:04,2664,0.0055,1836.0000,0.0057,333203,1836,0,66,1902,633752106
Gardiens de la révolution : Les maîtres de l’Iran #iran,https://www.youtube.com/watch?v=AKVX0xCQIW0,0.003273,0.003617,0.028467,0.497358,0.279563,98.879334,2025-07-25 14:30:12,161,0.0054,182.0000,0.0056,33424,182,0,6,188,6283712
USA : les premiers pas des indésirables | ARTE Reportage,https://www.youtube.com/watch?v=jcGhbmcCSJI,0.015197,0.003310,0.002000,0.500130,2.133682,760.203551,2023-07-22 13:00:27,1487,0.0051,4166.0000,0.0056,815007,4166,0,408,4574,3727842018
Pourrons-nous voler jusqu’aux étoiles ? | 42 - La réponse à presque tout | ARTE,https://www.youtube.com/watch?v=_yaZg0Hlu7g,0.005797,0.003375,0.006680,0.499787,1.035945,370.169336,2024-12-20 14:00:40,1683,0.0051,1039.0000,0.0056,205462,1039,0,110,1149,236075838
Laos - Le trésor oublié de la civilisation khmère | ARTE,https://www.youtube.com/watch?v=y0Yb8a28Giw,0.013827,0.003422,0.002138,0.499964,3.168579,1145.031564,2024-10-05 18:00:26,5424,0.0053,3862.0000,0.0055,722380,3862,0,135,3997,2887352860
Épaves de guerre en mer du Nord | ARTE,https://www.youtube.com/watch?v=XZoJ1h5pbWM,0.009709,0.003385,0.003285,0.499946,2.582598,946.130007,2025-02-27 16:30:11,3168,0.0051,2364.0000,0.0055,459767,2364,0,145,2509,1153555403
Chine : les derniers gitans des mers | ARTE Reportage,https://www.youtube.com/watch?v=3IBNgVr-jQ0,0.004855,0.003241,0.008877,0.499483,0.389896,144.466818,2023-09-19 13:00:03,1472,0.0051,744.0000,0.0054,146358,744,0,45,789,115476462
"Robots tueurs, des armes aux mains de l'IA | ARTE",https://www.youtube.com/watch?v=ZTSvQ_ibrGc,0.027928,0.003163,0.001131,0.500225,4.665553,1732.489263,2023-11-18 14:00:20,5405,0.0048,7941.0000,0.0054,1651147,7941,0,951,8892,14681999124
"Manche, les nouveaux artisans de la pêche | ARTE Regards",https://www.youtube.com/watch?v=G8VLBLci-I4,0.006169,0.003285,0.006003,0.499724,0.994076,370.843830,2024-10-09 10:00:26,1811,0.0051,1177.0000,0.0054,232599,1177,0,69,1246,289818354
"Les ancêtres des Windsor (2/4) | Georges II, Le roi guerrier  | ARTE",https://www.youtube.com/watch?v=qCMcyBpbf2U,0.005813,0.003325,0.006488,0.499610,0.952384,357.122312,2024-11-24 11:01:01,2700,0.0052,1075.0000,0.0053,207550,1075,0,31,1106,229550300
L'Incroyable périple de Magellan | Intégrale | ARTE,https://www.youtube.com/watch?v=QDu0C8HFn9k,0.032398,0.003555,0.000947,0.500111,23.689346,8899.803507,2025-11-22 19:00:23,12746,0.0050,9689.0000,0.0053,1938738,9689,0,631,10320,20007776160
Biodiversité et protection des espèces | Reportage | ARTE Regards,https://www.youtube.com/watch?v=JDphZ0t5zXI,0.003526,0.003434,0.018505,0.498478,0.490503,184.315897,2025-08-05 10:00:35,1837,0.0051,309.0000,0.0053,60311,309,0,11,320,19299520
Argentine : mission condors | ARTE Reportage,https://www.youtube.com/watch?v=-XqUm9PZ1sk,0.003399,0.003291,0.020364,0.498325,0.308953,116.920242,2025-03-14 16:30:00,1511,0.0050,275.0000,0.0053,55063,275,0,15,290,15968270
"Aux Baléares, sauver les herbiers marins | Reportage | ARTE Regards",https://www.youtube.com/watch?v=qbClfyR6Xic,0.002930,0.003519,0.038143,0.496220,0.306577,115.595503,2025-11-20 11:01:45,1841,0.0050,126.0000,0.0053,25451,126,0,8,134,3410434
Conserver les cellules souches pour la rechercher ? #CryoSave #cellulesouche #arteinfo,https://www.youtube.com/watch?v=AjSoy3w47no,0.002939,0.003497,0.043671,0.495327,0.183267,69.059108,2025-09-09 17:00:26,143,0.0053,106.0000,0.0053,20160,106,0,0,106,2136960
COUPS DE COEUR - DU 16 AU 22 MARS - ARTE,https://www.youtube.com/watch?v=fDey_bA_VY8,0.002673,0.003188,0.144977,0.476190,0.005440,1.982055,2021-03-16 07:30:03,37,0.0052,20.0000,0.0052,3826,20,0,0,20,76520
COUPS DE CŒUR - DU 25 AU 31 AOÛT - ARTE,https://www.youtube.com/watch?v=1PK3fQ3K-jE,0.002606,0.003156,0.298627,0.416667,0.001412,0.454337,2020-09-03 15:46:51,131,0.0052,5.0000,0.0052,965,5,0,0,5,4825
"Un jeu vidéo sur l'inceste, Découverte de « Wednesdays »  I ☕ STARTER PACK I ARTE",https://www.youtube.com/watch?v=BcxWzYCkyqs,0.002632,0.003227,0.067391,0.492037,0.092880,35.524330,2025-07-02 22:48:08,9429,0.0047,60.0000,0.0052,12813,60,0,6,66,845658
Les jeux en ligne hors de contrôle | ARTE,https://www.youtube.com/watch?v=488_pTijdqU,0.012650,0.003203,0.002537,0.500017,3.695919,1434.652137,2025-03-24 14:00:08,5429,0.0048,3177.0000,0.0052,661445,3177,0,230,3407,2253543115
Quand ton micro ne marche pas... 🎧 #arma3rp,https://www.youtube.com/watch?v=SmnGo3Y3Gtk,0.002698,0.003425,0.060693,0.492963,0.159239,61.736721,2025-11-11 10:00:45,54,0.0049,69.0000,0.0051,14151,69,0,3,72,1018872
Le crabe royal en Norvège | ARTE Regards,https://www.youtube.com/watch?v=8s4iod6B1FA,0.019449,0.002989,0.001681,0.500145,2.715101,1072.143810,2023-08-29 10:00:06,1925,0.0046,5075.0000,0.0051,1108828,5075,0,540,5615,6226069220
L’expérience Zola | Documentaire | La Lucarne | ARTE,https://www.youtube.com/watch?v=aD3HtReIEJQ,0.002583,0.003242,0.070931,0.491435,0.105769,41.290959,2025-09-08 13:00:01,6224,0.0046,56.0000,0.0050,12102,56,0,5,61,738222
"Taïwan, la peur de l’invasion | ARTE",https://www.youtube.com/watch?v=J9KN4q-weRU,0.011050,0.002906,0.003248,0.500191,2.164688,867.337904,2024-09-07 15:30:09,3168,0.0042,2395.0000,0.0050,571564,2395,0,457,2852,1630100528
"Le cabrales, un fromage espagnol en danger | ARTE Regards",https://www.youtube.com/watch?v=qnft1lDSRYI,0.003189,0.003161,0.023072,0.497982,0.285904,114.549771,2025-04-24 10:01:32,1822,0.0048,236.0000,0.0050,49281,236,0,9,245,12073845
💿 Laser Chic à la Fashion Week avec @Melococo_ et @thisisluckylove | Replay Live | ARTE,https://www.youtube.com/watch?v=tJ3q5Lhfl4Q,0.002415,0.002922,0.101581,0.485972,0.026402,10.495699,2024-06-20 01:03:42,7004,0.0044,34.0000,0.0049,7752,34,0,4,38,294576
Philippines : les petits forçats de l’or | ARTE Reportage,https://www.youtube.com/watch?v=wMGzsvO6lWY,0.011810,0.002960,0.002798,0.499940,1.707774,702.694221,2024-02-05 16:30:10,2170,0.0046,2841.0000,0.0049,614116,2841,0,143,2984,1832522144
"🔴 Replay Live | America First, le bilan | ARTE",https://www.youtube.com/watch?v=1dnAn8ZRPVo,0.035576,0.002449,0.001226,0.500609,2.678305,1146.109587,2021-04-07 21:30:19,11265,0.0033,7252.0000,0.0047,2186475,7252,0,2966,10218,22341401550
"Le retour des musiques classées X | Gymnastique, la culture en s'amusant | ARTE",https://www.youtube.com/watch?v=qVqG-oxUyEY,0.007727,0.002775,0.004700,0.499800,0.582693,251.773397,2022-08-12 19:00:17,362,0.0044,1564.0000,0.0046,356471,1564,0,85,1649,587820679
LOS AÑOS NUEVOS | Épisode 1/10 | ARTE Séries,https://www.youtube.com/watch?v=QiRZrwBm7rE,0.002940,0.003096,0.025863,0.497689,0.463827,202.360936,2025-11-06 17:00:46,3231,0.0043,205.0000,0.0046,47337,205,0,11,216,10224792
Sous le volcan - Le Gran Mate de Patagonie | ARTE,https://www.youtube.com/watch?v=_XdtL88pkBI,0.008793,0.002832,0.004036,0.499761,1.982410,900.672387,2025-03-08 16:30:16,3128,0.0043,1865.0000,0.0044,429571,1865,0,25,1890,811889190
Les sauveteurs de baleines | ARTE Regards,https://www.youtube.com/watch?v=TGsmph8KsCU,0.003363,0.002711,0.017313,0.498569,0.206050,93.901642,2024-03-13 11:00:24,1808,0.0043,335.0000,0.0044,78612,335,0,9,344,27042528
COUPS DE CŒUR  - DU 15 AU 21 SEPTEMBRE - ARTE,https://www.youtube.com/watch?v=vDekrUN6C-U,0.002215,0.002667,0.230259,0.450000,0.002366,0.975304,2020-09-14 10:40:39,132,0.0044,9.0000,0.0044,2061,9,0,0,9,18549
Julian Assange : chronique d’une extradition annoncée (2021) | ARTE Reportage,https://www.youtube.com/watch?v=QSrJQ_53Zww,0.013307,0.002441,0.002923,0.500031,1.832341,897.435217,2024-03-25 11:00:32,2158,0.0037,2703.0000,0.0041,740540,2703,0,320,3023,2238652420
Découverte du jeu vidéo « 30 Birds » ☕ STARTER PACK I ARTE,https://www.youtube.com/watch?v=_Mlfz5Q8sfQ,0.002265,0.002600,0.056983,0.493524,0.091805,44.725297,2025-04-18 22:16:42,6885,0.0038,75.0000,0.0041,19487,75,0,4,79,1539473
"Les épaves, des oasis pour la nature | Documentaire | ARTE",https://www.youtube.com/watch?v=UKDJ3QaVRvM,0.011746,0.002694,0.003122,0.499835,3.842024,1909.617137,2025-07-31 15:30:17,2619,0.0040,2506.0000,0.0040,633967,2506,0,44,2550,1616615850
"Heureux, sans honte ? | Twist | ARTE",https://www.youtube.com/watch?v=TZVc8FkS4K4,0.004385,0.002641,0.010737,0.499305,1.146911,579.533162,2025-09-21 18:00:26,1810,0.0037,594.0000,0.0040,162201,594,0,47,641,103970841
"Pourquoi les vulves font-elles peur ? | Gymnastique, la culture en s'amusant | ARTE",https://www.youtube.com/watch?v=hcxIWvYODKs,0.087417,0.002406,0.000468,0.500028,7.997765,4059.921845,2022-09-29 10:30:14,328,0.0038,21313.0000,0.0039,5554764,21313,0,571,21884,121560455376
Laser Disc 2023 : Route du Rock | ARTE,https://www.youtube.com/watch?v=pV-NKaIplTE,0.002043,0.002416,0.116114,0.482759,0.014246,7.120959,2023-09-14 19:00:30,3086,0.0039,28.0000,0.0039,7248,28,0,0,28,202944
"Explorez le portail ""Savoirs & Cultures"" avec Arte, le CNC et YouTube",https://www.youtube.com/watch?v=98sYPw7HvRA,0.004042,0.002277,0.012085,0.499127,0.139119,72.992051,2021-02-19 11:23:05,38,0.0036,516.0000,0.0038,142711,516,0,27,543,77492073
"🔴 Replay Live | Mission Alpha, Blob & Sortie Extravéhiculaire Thomas Pesquet | ARTE",https://www.youtube.com/watch?v=JBCrb6FNUT8,0.008173,0.002242,0.004958,0.499748,0.420067,224.879835,2021-06-16 19:53:23,11053,0.0036,1470.0000,0.0037,413285,1470,0,73,1543,637698755
COUPS DE COEUR - DU 13 AU 19 OCTOBRE - ARTE,https://www.youtube.com/watch?v=Gm8ux8WFkhM,0.001536,0.001856,0.180537,0.467269,0.005278,2.786190,2020-10-13 10:10:27,131,0.0024,14.0000,0.0036,5807,14,0,7,21,121947
30 Birds | Jeux vidéo | Bande Annonce | ARTE,https://www.youtube.com/watch?v=zfa0gMgN-w4,0.002726,0.002103,0.024159,0.497891,0.113634,65.216373,2023-08-03 05:00:22,62,0.0032,223.0000,0.0035,69157,223,0,17,240,16597680
Faire revivre un dinosaure ?! 🦖 | Scope | ARTE,https://www.youtube.com/watch?v=DDcfEuYE_EQ,0.004042,0.002072,0.012492,0.499105,0.302696,179.068363,2024-01-31 20:41:12,9502,0.0032,496.0000,0.0034,157360,496,0,35,531,83558160
Portugal : le miracle du Sado | Reportage 2025 | ARTE Regards,https://www.youtube.com/watch?v=LhF4pVm1Rg0,0.004466,0.002372,0.010677,0.499192,1.226757,740.405548,2025-10-23 10:00:42,1815,0.0033,598.0000,0.0033,183780,598,0,10,608,111738240
"""WEDNESDAYS"" débarque sur mobile | Jeux Vidéo | ARTE games",https://www.youtube.com/watch?v=w9jCbsrxDf8,0.002026,0.002871,0.051795,0.494242,0.412109,247.154480,2026-03-12 15:38:03,64,0.0032,85.0000,0.0033,26688,85,0,3,88,2348544
Mer du Nord : les derniers cavaliers pêcheurs | Reportage 2025 | ARTE Regards,https://www.youtube.com/watch?v=DLT6h_OqZuo,0.006081,0.002122,0.007896,0.499460,1.762481,1207.599304,2025-10-21 10:00:31,1810,0.0028,854.0000,0.0029,302160,854,0,27,881,266202960
Le plaisir féminin dans la pop 🫦 #shorts,https://www.youtube.com/watch?v=frNLz4LRZZw,0.001711,0.000930,0.000000,0.001434,0.074421,51.664837,2022-07-28 13:57:48,53,0.0000,0.0000,0.0029,73935,0,0,212,212,15674220
Le traumatisme de l’excision … #shorts,https://www.youtube.com/watch?v=wSpChJ6QBco,0.001054,0.000908,0.000000,0.001396,0.031969,22.642654,2022-08-05 09:20:45,61,0.0000,0.0000,0.0028,32226,0,0,90,90,2900340
Les métamorphoses des glaces polaires | Un défi pour les écosystèmes | ARTE,https://www.youtube.com/watch?v=lxX46QSEPzo,0.003570,0.001782,0.015463,0.498729,0.357959,265.075839,2024-12-26 16:30:16,3152,0.0026,384.0000,0.0027,145512,384,0,8,392,57040704
Les secrets de la sonde JUICE 🚀 | Scope | ARTE,https://www.youtube.com/watch?v=qpF0gv9aCIk,0.002960,0.001641,0.020735,0.498252,0.175834,132.821064,2024-03-17 11:00:49,8747,0.0024,269.0000,0.0026,110663,269,0,23,292,32313596
Le nudisme à la britannique | Gymnastique | ARTE,https://www.youtube.com/watch?v=nONkuWPl-go,0.012690,0.001613,0.004154,0.499792,1.114978,870.094614,2024-02-24 11:00:41,322,0.0024,1804.0000,0.0026,744082,1804,0,102,1906,1418220292
"Explorez le portail ""Savoirs & Cultures"" avec Arte, le CNC et YouTube",https://www.youtube.com/watch?v=y2lBJYVoRgg,0.007218,0.001298,0.008174,0.499425,0.226977,215.134796,2021-05-17 14:22:34,36,0.0020,820.0000,0.0021,401879,820,0,27,847,340391513
"Le lycée américain, 10 ans après #étatsunis #lycée",https://www.youtube.com/watch?v=sm1UsDd9mh0,0.018397,0.001694,0.003322,0.499790,5.280597,5083.259464,2025-11-18 16:30:32,39,0.0021,2334.0000,0.0021,1128202,2334,0,9,2343,2643377286
Survivante de l’affaire Dutroux  #shorts,https://www.youtube.com/watch?v=8UYzw0Q5mzs,0.003675,0.000593,0.000000,0.000872,0.132441,151.472164,2022-08-01 14:02:06,61,0.0000,0.0000,0.0017,216158,0,0,377,377,81491566
Un corps sexualisé dès la puberté #shorts #préliminaires,https://www.youtube.com/watch?v=lTTN0mOwnHE,0.016626,0.000423,0.000000,0.000590,0.434692,736.052179,2022-07-12 15:07:50,30,0.0000,0.0000,0.0012,1065069,0,0,1257,1257,1338791733
Addict au chemsex #shorts #arte,https://www.youtube.com/watch?v=zaFdKDIUFZA,0.001906,0.000390,0.000000,0.000532,0.042201,78.714194,2022-08-30 13:47:24,58,0.0000,0.0000,0.0011,110047,0,0,117,117,12875499
A Better World I Disponible dès maintenant ! I ARTE,https://www.youtube.com/watch?v=LaBGiTUrk4A,0.001730,0.001013,0.060693,0.492960,0.195719,371.673317,2025-11-18 09:00:40,62,0.0008,69.0000,0.0010,82607,69,0,17,86,7104202
A Better World I Bande annonce I Jeux vidéo | ARTE games,https://www.youtube.com/watch?v=aMsEJjc-jAY,0.001753,0.000962,0.055855,0.493620,0.160822,321.512422,2025-10-13 14:00:01,34,0.0009,77.0000,0.0010,82966,77,0,5,82,6803212
"Découvrez le portail ""Savoirs & Cultures"" avec Arte, le CNC et YouTube",https://www.youtube.com/watch?v=xZDwm-u0n7E,0.052571,0.000458,0.003368,0.499788,0.571743,1661.481080,2020-11-23 18:11:46,34,0.0007,2297.0000,0.0007,3394197,2297,0,38,2335,7925449995
