Title,URL,Score:viral,Score:educational,Score:controversial,Score:community,Score:evergreen,Score:hype,Published at,Duration,Positive interestingness,Positive negative coefficient,Total interestingness,Views,Likes,Dislikes,Comments,Total reaction,Global buzz index
Logements : les propriétaires racistes ne se cachent plus,https://www.youtube.com/watch?v=CWDFAJlz01s,0.027819,0.014881,0.003299,0.511898,4.372388,238.230368,2024-04-28 15:00:09,859,0.0125,2352.0000,0.0367,188437,2352,0,4564,6916,1303230292
Gaza : ils se battent pour manger chaque jour,https://www.youtube.com/watch?v=2Dcylm5Fd88,0.016338,0.016932,0.007803,0.505243,7.630372,474.083196,2026-03-31 15:00:08,2216,0.0205,866.0000,0.0322,42187,866,0,491,1357,57247759
K-Pop : comment ce phénomène a envahi la France,https://www.youtube.com/watch?v=1-o2ZUe6Dvc,0.022369,0.017638,0.003199,0.501846,1.548659,99.034721,2024-01-04 16:00:02,1036,0.0272,2437.0000,0.0313,89720,2437,0,368,2805,251664600
Le phénomène choc des enfants prédicateurs au Brésil,https://www.youtube.com/watch?v=4Y0ta-b_2w8,0.013655,0.018233,0.016055,0.502695,8.229470,565.187057,2026-05-28 15:00:33,2868,0.0210,367.0000,0.0291,17513,367,0,142,509,8914117
"Au Laos, un enfant voit son frère mourir devant ses yeux",https://www.youtube.com/watch?v=4YgsFvT5wuw,0.016498,0.017224,0.009192,0.499519,0.307533,21.339224,2023-04-05 06:00:01,39,0.0283,714.0000,0.0288,25188,714,0,11,725,18261300
"""Je n’ai jamais entendu ma voix"" : le combat d’une avocate sourde",https://www.youtube.com/watch?v=eFZrShxmte0,0.013418,0.016492,0.034513,0.498397,0.659021,46.734940,2026-02-22 16:00:52,2947,0.0243,143.0000,0.0280,5886,143,0,22,165,971190
Ces élèves sont formés selon les règles de l’Islam,https://www.youtube.com/watch?v=AzEfZ8Hkltw,0.015842,0.013665,0.006914,0.504607,1.151185,83.245822,2024-08-09 15:00:09,944,0.0174,998.0000,0.0276,57272,998,0,585,1583,90661576
"""Les services sociaux n'ont rien fait"", une jeune femme raconte l'enfer qu'elle a vécu enfant",https://www.youtube.com/watch?v=6wRfICpd-DQ,0.013222,0.014945,0.020862,0.500177,0.134814,10.025712,2023-04-13 15:00:02,571,0.0227,267.0000,0.0268,11750,267,0,48,315,3701250
"""Je ne suis pas une fille !"" 😥 #shorts",https://www.youtube.com/watch?v=bMoZbTW4yxU,0.030190,0.014949,0.001819,0.501763,2.201302,165.166552,2023-02-18 07:00:17,37,0.0229,4640.0000,0.0267,202547,4640,0,758,5398,1093348706
"En Syrie, cet hôpital tente de les sauver à tout prix",https://www.youtube.com/watch?v=CJuJI1cA8FE,0.012686,0.015044,0.047936,0.495629,0.067462,5.189246,2024-06-02 15:00:09,827,0.0240,94.0000,0.0257,3923,94,0,7,101,396223
Enfants transgenres : ces familles confrontées à la transition,https://www.youtube.com/watch?v=RcH-0pgpAcI,0.019734,0.016638,0.004074,0.503687,56.573647,4571.917811,2026-06-04 15:00:13,3631,0.0168,1845.0000,0.0247,109664,1845,0,868,2713,297518432
Mort de Nahel : les peines choquantes des émeutiers,https://www.youtube.com/watch?v=wX5hDrjFxoc,0.019031,0.011165,0.004935,0.505464,1.590906,131.303018,2024-01-18 16:00:39,922,0.0126,1478.0000,0.0242,117115,1478,0,1359,2837,332255255
Sahel : ces soldats qui combattent pour la France,https://www.youtube.com/watch?v=K4CxDShcNgI,0.010175,0.012257,0.055309,0.497382,0.059689,4.937458,2023-11-16 16:00:11,1107,0.0165,78.0000,0.0240,4715,78,0,35,113,532795
Paraguay : il crée un orchestre avec des instruments recyclés,https://www.youtube.com/watch?v=EriumUoZN2s,0.011731,0.013844,0.049150,0.495530,0.046041,3.816806,2023-07-08 15:00:10,1493,0.0220,91.0000,0.0239,4145,91,0,8,99,410355
"À 34 ans, elle sauve le dernier commerce de son village",https://www.youtube.com/watch?v=e7sCXNIAYAA,0.011701,0.013930,0.025661,0.498699,0.943054,81.816079,2026-02-26 16:00:58,3004,0.0207,207.0000,0.0230,9977,207,0,22,229,2284733
Malaisie : au cœur d’un pays sous tension religieuse,https://www.youtube.com/watch?v=RBqHjmL9Dic,0.010609,0.012481,0.020862,0.502218,2.476601,215.773837,2026-04-05 15:00:43,3190,0.0147,267.0000,0.0229,18122,267,0,148,415,7520630
Il a fait vivre un enfer à ces adolescents pendant deux ans,https://www.youtube.com/watch?v=hvsGfQ-tRBk,0.011502,0.012834,0.022993,0.499157,0.202727,18.036689,2024-09-05 15:00:46,821,0.0199,237.0000,0.0224,11922,237,0,30,267,3183174
"Blocages, vandalisme : les méthodes chocs des éco-activistes",https://www.youtube.com/watch?v=kLi-Op_epUs,0.009243,0.010723,0.038383,0.500361,0.113369,10.248157,2023-12-28 16:00:26,1123,0.0134,125.0000,0.0220,9356,125,0,81,206,1927336
"Précarité, épuisement... l'enfer des livreurs Uber Eats et Deliveroo",https://www.youtube.com/watch?v=zpDd0rABCJQ,0.010991,0.046007,0.033404,0.497793,27.961403,2527.576862,2026-06-25 15:00:28,3049,0.0197,149.0000,0.0220,7548,149,0,17,166,1252968
Enquête au cœur des charlatans qui pensent soigner le cancer,https://www.youtube.com/watch?v=Jgn6OIW5oMQ,0.010032,0.010848,0.023232,0.501780,0.232533,21.298970,2024-05-02 15:00:14,1202,0.0140,234.0000,0.0218,16762,234,0,131,365,6118130
L'insécurité en Guadeloupe 😨 #shorts,https://www.youtube.com/watch?v=X8_YtPToPFo,0.012005,0.012628,0.015982,0.499466,0.162164,14.889082,2023-02-11 07:00:11,47,0.0201,369.0000,0.0217,18363,369,0,30,399,7326837
"Insultes, menaces : quand l'anonymat sur Internet va trop loin",https://www.youtube.com/watch?v=wlqACnjb_Rg,0.010784,0.012046,0.024886,0.499486,0.209213,19.289616,2024-10-17 15:01:00,1093,0.0180,215.0000,0.0216,11940,215,0,43,258,3080520
L’impuissance des habitants face à la délinquance à Nantes,https://www.youtube.com/watch?v=2XNCVidE1_Y,0.056858,0.009842,0.001439,0.505267,5.341419,494.441751,2023-06-02 15:00:02,1302,0.0109,6049.0000,0.0216,554757,6049,0,5936,11985,6648762645
Une femme dans le corps d'un homme : le combat d'une vie,https://www.youtube.com/watch?v=HrTqdU4X-i4,0.025028,0.009956,0.003526,0.504994,2.880682,266.805820,2024-06-25 15:00:28,1342,0.0111,2179.0000,0.0216,195565,2179,0,2043,4222,825675430
Japon : leurs ex-femmes leur ont enlevé leurs enfants,https://www.youtube.com/watch?v=ReJ2FslB02A,0.013133,0.021687,0.009236,0.501234,43.458659,4058.377840,2026-06-18 15:00:07,1895,0.0175,710.0000,0.0214,40529,710,0,157,867,35138643
"Enfants transgenres : ""Je ne pouvais plus rester un garçon""",https://www.youtube.com/watch?v=eYsg9WGl1eg,0.041685,0.010913,0.001567,0.503169,3.234215,303.470422,2023-02-20 16:00:23,2127,0.0148,5494.0000,0.0213,371431,5494,0,2422,7916,2940247796
Malaise en Corée du Nord #shorts,https://www.youtube.com/watch?v=N5encRJ_TM8,0.015484,0.012662,0.006029,0.499873,0.512162,48.136448,2023-04-08 06:00:08,29,0.0207,1171.0000,0.0213,56674,1171,0,34,1205,68292170
"""Je veux un homme assez macho""",https://www.youtube.com/watch?v=bvncj_-AY_k,0.014013,0.012135,0.007719,0.500369,0.432583,41.130411,2023-06-10 09:00:18,44,0.0191,877.0000,0.0210,45829,877,0,86,963,44133327
Saint-Denis : elles se rebellent contre les vendeurs !,https://www.youtube.com/watch?v=MyyomurGAqU,0.013137,0.010882,0.008827,0.502430,0.701200,66.677992,2024-05-31 15:00:30,1140,0.0148,749.0000,0.0210,50541,749,0,313,1062,53674542
Téléphone au volant : le fléau des automobilistes,https://www.youtube.com/watch?v=G81KgJELvOk,0.010942,0.011530,0.018214,0.500365,0.263950,25.147402,2024-06-23 15:00:11,806,0.0170,315.0000,0.0209,18483,315,0,72,387,7152921
"A Kaboul, les femmes sont exclues de l'espace public",https://www.youtube.com/watch?v=A_zNFGdtxb0,0.010099,0.010639,0.021056,0.501190,0.172148,16.623950,2023-06-29 15:00:13,1416,0.0145,264.0000,0.0207,18203,264,0,112,376,6844328
"Persécutions, camps et villages brûlés en Birmanie : le dur quotidien des Rohingyas",https://www.youtube.com/watch?v=HU82of4mmrs,0.010026,0.010430,0.020486,0.501590,0.195884,18.936072,2023-08-19 15:00:22,1022,0.0138,273.0000,0.0206,19769,273,0,135,408,8065752
Chaque nuit il risque sa vie en escaladant les toits,https://www.youtube.com/watch?v=76UuihghvYw,0.009987,0.011754,0.050879,0.495469,0.069720,6.731114,2024-07-18 15:00:06,662,0.0182,87.0000,0.0205,4779,87,0,11,98,468342
Filmées à leur insu : le fléau des caméras cachées en Corée du Sud,https://www.youtube.com/watch?v=3_mdGxAE3Co,0.015839,0.013894,0.005519,0.500234,14.116123,1384.686569,2026-05-10 15:00:04,1481,0.0191,1298.0000,0.0204,67831,1298,0,84,1382,93742442
Les ravages de la voyance 2.0,https://www.youtube.com/watch?v=oeW-GUepAZc,0.011978,0.010353,0.010860,0.502501,0.674129,66.170918,2024-09-17 15:00:50,1659,0.0136,586.0000,0.0204,42944,586,0,288,874,37533056
Calais : il risque tout pour aider les migrants de la jungle,https://www.youtube.com/watch?v=z9e2xlmBFEo,0.009969,0.011490,0.022605,0.500623,1.542868,151.762126,2026-03-13 16:01:47,2539,0.0149,242.0000,0.0203,16230,242,0,87,329,5339670
Des ENFANTS vident des CERCUEILS ! 😥 #shorts,https://www.youtube.com/watch?v=0g1of-19ACo,0.022336,0.011895,0.002914,0.500297,1.188748,117.849999,2023-03-18 07:00:01,57,0.0192,2712.0000,0.0202,141222,2712,0,136,2848,402200256
Pickpockets en flagrant délit 👮‍♀️ #shorts,https://www.youtube.com/watch?v=mwqSsf1jx9g,0.014906,0.011752,0.006312,0.500210,0.479457,47.636002,2023-02-04 16:00:33,58,0.0188,1110.0000,0.0201,59066,1110,0,78,1188,70170408
USA : ces religieux américains sont ultra-réactionnaires,https://www.youtube.com/watch?v=UmJD8e-Xnio,0.012714,0.010136,0.009416,0.503230,3.372443,339.198131,2026-01-08 16:00:50,2838,0.0120,694.0000,0.0199,57984,694,0,458,1152,66797568
Attaque contre des policiers : Une avocate raconte son plus gros dossier,https://www.youtube.com/watch?v=lAp65wvKpZs,0.008543,0.010401,0.108304,0.486763,0.017964,1.791296,2023-04-16 15:00:29,532,0.0148,31.0000,0.0196,2094,31,0,10,41,85854
Affaire Jonathan : sa mère découvre la vérité sur la mort de son fils 17 ans après,https://www.youtube.com/watch?v=tXBY7m1bWNw,0.009649,0.010901,0.033765,0.498085,0.080706,8.239438,2023-07-16 15:00:41,978,0.0166,147.0000,0.0195,8882,147,0,26,173,1536586
Quand la nourriture devient l'ennemi des ados !,https://www.youtube.com/watch?v=yKY0Bh07B6w,0.015111,0.011143,0.006012,0.500649,0.797400,81.952421,2024-03-21 16:00:45,1192,0.0173,1175.0000,0.0194,67934,1175,0,146,1321,89740814
Illettrisme : leur handicap les force à tout réapprendre,https://www.youtube.com/watch?v=-zylBoy51uI,0.016964,0.011466,0.004690,0.500215,1.900607,197.219124,2025-04-17 15:30:01,1591,0.0182,1568.0000,0.0193,86178,1568,0,92,1660,143055480
"Ils cherchaient l'amour, ils ont perdu toutes leurs économies",https://www.youtube.com/watch?v=MImjUTnywB0,0.012050,0.021699,0.010399,0.500609,40.395266,4238.275777,2026-06-19 15:00:33,3388,0.0162,617.0000,0.0190,38086,617,0,108,725,27612350
Afghanistan : vivre femme sous la loi des talibans,https://www.youtube.com/watch?v=Su4JtL3GOyk,0.024000,0.014566,0.002954,0.501713,72.695823,7679.959177,2026-06-05 15:00:34,3964,0.0151,2670.0000,0.0189,176533,2670,0,671,3341,589796753
Pensions alimentaires : Ils ne veulent pas payer !,https://www.youtube.com/watch?v=caUtZNErLhg,0.009677,0.009797,0.020007,0.500958,0.160852,16.956897,2023-02-13 16:00:31,1109,0.0135,281.0000,0.0189,20873,281,0,114,395,8244835
Parler sans bégayer : le combat de ces Français,https://www.youtube.com/watch?v=wXzrSMDzNgw,0.015543,0.010956,0.005627,0.500753,2.476151,262.735727,2025-09-09 15:01:41,2548,0.0165,1269.0000,0.0188,76715,1269,0,176,1445,110853175
Ils sèment la panique partout dans le monde,https://www.youtube.com/watch?v=d6MJvfYOHq4,0.009456,0.010684,0.034134,0.497815,0.112754,11.908947,2024-06-13 15:00:41,542,0.0163,145.0000,0.0188,8872,145,0,22,167,1481624
Trisomie 21 : elle est mannequin pour Barbie ET conseillère municipale,https://www.youtube.com/watch?v=xSnGjGe_P4M,0.014295,0.010785,0.006674,0.500569,0.905739,96.437970,2024-09-19 15:01:05,1088,0.0167,1040.0000,0.0188,62394,1040,0,131,1171,73063374
Comédie musicale : Ils craquent face à la difficulté du métier,https://www.youtube.com/watch?v=sevi_IIV02w,0.009573,0.010708,0.031097,0.498017,0.132145,14.075995,2024-07-28 15:00:47,2902,0.0165,163.0000,0.0187,9853,163,0,21,184,1812952
K-Pop : Ils traversent l'enfer pour atteindre la gloire,https://www.youtube.com/watch?v=Zib50vfo960,0.047952,0.011015,0.001167,0.500513,7.743239,831.589378,2025-01-16 16:00:40,1234,0.0175,7667.0000,0.0186,439033,7667,0,508,8175,3589094775
Ils grandissent sans leurs parents : immersion dans un village d'enfants placés,https://www.youtube.com/watch?v=587MdbCZxEg,0.010916,0.014129,0.015331,0.499298,6.919764,743.332720,2026-05-29 15:00:01,2731,0.0174,388.0000,0.0186,22290,388,0,26,414,9228060
Ces jeunes lycéens tentés de rejoindre Daesh,https://www.youtube.com/watch?v=iUE1txD3Sn8,0.017182,0.010220,0.004915,0.501733,3.074096,330.957311,2025-08-21 15:01:14,1938,0.0144,1485.0000,0.0186,102923,1485,0,426,1911,196685853
Ils sont diplômés mais sans emploi...,https://www.youtube.com/watch?v=xGcjgffgNg8,0.048190,0.009602,0.001455,0.502626,5.473545,591.716757,2024-05-17 15:00:58,839,0.0131,5974.0000,0.0185,456797,5974,0,2476,8450,3859934650
Comment les islamistes sont enrôlés dans nos prisons,https://www.youtube.com/watch?v=GHjm39Wo1p0,0.008906,0.009776,0.030211,0.499276,0.134786,14.658013,2024-03-19 16:00:10,731,0.0139,169.0000,0.0183,12180,169,0,54,223,2716140
Internat pour enfants handicapés : leur dernière chance de vie normale,https://www.youtube.com/watch?v=MPEpYzxgrTI,0.016629,0.010985,0.004826,0.500168,3.238352,356.964804,2025-10-23 15:30:11,2721,0.0171,1517.0000,0.0181,88515,1517,0,88,1605,142066575
Trouver l'homme parfait pour sa fille en Inde #shorts,https://www.youtube.com/watch?v=AVHKOFoHkc8,0.010713,0.010735,0.016018,0.498906,0.173796,19.260242,2023-07-01 09:00:07,51,0.0175,368.0000,0.0180,21056,368,0,11,379,7980224
"Vitaa, Reichmann... Ils sont cambriolés alors qu'ils sont à la maison",https://www.youtube.com/watch?v=L9RGTJ3Pbjc,0.009043,0.010097,0.032538,0.498200,0.145343,16.069860,2024-10-03 15:00:30,950,0.0151,154.0000,0.0180,10172,154,0,29,183,1861476
Ces Français qui survivent dans la rue,https://www.youtube.com/watch?v=wjmqPE7Kcd0,0.009577,0.016156,0.026173,0.498344,6.564093,729.232507,2026-06-11 15:00:20,1873,0.0163,202.0000,0.0179,12387,202,0,20,222,2749914
Obligée de travailler à 80 ans 😲 #shorts,https://www.youtube.com/watch?v=RhGTRPWRYk0,0.009769,0.010401,0.023560,0.498518,0.100245,11.165691,2023-01-28 16:00:14,30,0.0165,230.0000,0.0179,13923,230,0,19,249,3466827
Ces Français qui votent extrême droite,https://www.youtube.com/watch?v=Hnm6nHezwwg,0.013733,0.008737,0.007984,0.502919,0.955375,107.002011,2024-06-30 15:00:23,1138,0.0108,843.0000,0.0178,77896,843,0,547,1390,108275440
Conduite sans permis : un accident le laisse handicapé à vie !,https://www.youtube.com/watch?v=F_IsLO2g_OQ,0.008888,0.009974,0.036770,0.497563,0.059411,6.625875,2022-11-23 17:28:56,201,0.0152,132.0000,0.0178,8699,132,0,23,155,1348345
La peine de cet homme est abominable ! 😨 #shorts,https://www.youtube.com/watch?v=zk0WhK-uyEk,0.009906,0.010345,0.021121,0.498763,0.118226,13.267019,2023-03-11 07:00:16,57,0.0164,263.0000,0.0178,15991,263,0,21,284,4541444
Paris : le fléau des vendeurs à la sauvette,https://www.youtube.com/watch?v=kc1NvJi5kn4,0.010151,0.009910,0.016388,0.500023,0.254790,28.668963,2024-03-12 16:00:35,790,0.0149,358.0000,0.0177,24023,358,0,68,426,10233798
Il se déguise en facteur pour voler des mamies,https://www.youtube.com/watch?v=jJ58y3HP9q4,0.008425,0.009500,0.039123,0.497800,0.084880,9.629525,2023-12-22 16:00:25,570,0.0138,122.0000,0.0175,8849,122,0,33,155,1371595
Ouganda : ces orphelins dansent pour survivre,https://www.youtube.com/watch?v=ssaioJPwEa4,0.013158,0.010301,0.007719,0.499989,0.779142,89.205929,2024-11-03 16:00:54,1267,0.0163,877.0000,0.0174,53697,877,0,60,937,50314089
"Au Ghana, ces enfants sont vendus pour travailler",https://www.youtube.com/watch?v=KN7iM9hBEzE,0.014104,0.013988,0.006943,0.501555,30.996592,3554.053476,2026-06-07 15:00:35,2093,0.0133,993.0000,0.0174,74586,993,0,307,1300,96961800
Ils se ruinent à cause de leur passion insolite !,https://www.youtube.com/watch?v=tlBECixIIzE,0.009791,0.009989,0.019607,0.499214,0.164636,18.840715,2023-10-18 15:00:50,930,0.0155,288.0000,0.0174,18539,288,0,35,323,5988097
Ces pensionnaires apprennent à vivre avec leur handicap,https://www.youtube.com/watch?v=GI97C35VxWA,0.011016,0.010188,0.012556,0.499466,0.370929,42.993734,2024-07-23 15:00:12,1115,0.0163,493.0000,0.0172,30310,493,0,29,522,15821820
Précarité : ces Français endettés pour se soigner,https://www.youtube.com/watch?v=mfcRxNhElIU,0.012019,0.008831,0.009774,0.502115,1.361089,158.752803,2025-06-26 15:01:21,2371,0.0114,664.0000,0.0171,58260,664,0,334,998,58143480
Canicule : ces Français n'en peuvent plus de la chaleur,https://www.youtube.com/watch?v=Op22S8CzzdM,0.010875,0.059363,0.012007,0.501121,173.172717,20203.819308,2026-06-26 15:00:11,3985,0.0130,520.0000,0.0171,40134,520,0,167,687,27572058
Il emploie illégalement 26 sans papiers dans des conditions extrêmes,https://www.youtube.com/watch?v=e1kqBIqnBYA,0.012884,0.009155,0.008216,0.501420,0.575922,67.251584,2023-12-12 16:00:22,1695,0.0130,815.0000,0.0171,62473,815,0,254,1069,66783637
Elle est payée pour draguer sur des applis de rencontre,https://www.youtube.com/watch?v=lpfLkV_BJ10,0.008991,0.009114,0.022379,0.500033,0.144258,16.814097,2023-06-01 15:00:27,726,0.0130,245.0000,0.0171,18882,245,0,78,323,6098886
Leur maison est saccagée ! 😬🏠 #shorts,https://www.youtube.com/watch?v=r_7jH0LUdO4,0.009608,0.010177,0.023813,0.497917,0.095272,11.202492,2023-03-04 07:00:30,35,0.0167,227.0000,0.0169,13581,227,0,3,230,3123630
Ces retraités qui travaillent pour survivre,https://www.youtube.com/watch?v=S7_ydrmshlQ,0.016011,0.008708,0.005887,0.502176,0.901402,106.415247,2023-11-08 16:00:17,850,0.0117,1204.0000,0.0169,102472,1204,0,531,1735,177788920
Gourou : ils doivent couper les ponts avec leurs proches,https://www.youtube.com/watch?v=jPWGjQuVO20,0.009886,0.009438,0.016238,0.500041,0.320124,37.787853,2024-08-16 15:00:48,839,0.0141,362.0000,0.0169,25733,362,0,73,435,11193855
"Sans argent pour vivre, ces étudiants vivent l'enfer",https://www.youtube.com/watch?v=2lmgX_pe92E,0.026506,0.009434,0.002737,0.501451,5.770217,686.214946,2025-08-19 15:00:09,2876,0.0136,2914.0000,0.0168,214776,2914,0,697,3611,775556136
Cette coiffeuse fait concurrence à Tinder !,https://www.youtube.com/watch?v=QCdW053FJgc,0.009354,0.009457,0.020425,0.499435,0.198163,23.504688,2024-04-04 15:00:19,1536,0.0143,274.0000,0.0168,19156,274,0,48,322,6168232
"Le combat des enfants dys, exclus du système scolaire",https://www.youtube.com/watch?v=TwN0iMhk1F0,0.011156,0.009756,0.011300,0.500065,0.820809,97.650294,2025-06-08 15:00:47,2530,0.0149,559.0000,0.0168,37594,559,0,72,631,23721814
Bonne résolution : accueillir un SDF chez soi,https://www.youtube.com/watch?v=0cogeQdeWXI,0.009884,0.009202,0.015564,0.500448,0.468073,55.703622,2025-01-28 16:00:01,3469,0.0133,381.0000,0.0168,28740,381,0,101,482,13852680
Body positive : une solution pour l’estime de soi ?,https://www.youtube.com/watch?v=wfeNAyBEy0w,0.009325,0.009317,0.019441,0.499894,0.401124,47.721534,2025-04-04 15:01:31,3115,0.0136,291.0000,0.0168,21474,291,0,69,360,7730640
"Ces chômeurs multiplient les candidatures, sans jamais être retenus",https://www.youtube.com/watch?v=PGea23E5Owk,0.031353,0.008806,0.002530,0.502441,7.557534,903.328726,2025-08-26 15:00:45,2495,0.0115,3188.0000,0.0167,276406,3188,0,1436,4624,1278101344
Armes au Brésil : 600.000 citoyens sont prêts à faire leur propre loi,https://www.youtube.com/watch?v=8dz3JfTMXR4,0.010201,0.008987,0.013966,0.500742,0.276851,33.085171,2023-09-17 15:00:13,1033,0.0129,434.0000,0.0167,33581,434,0,127,561,18838941
Ces Américains prêts à tout pour Trump,https://www.youtube.com/watch?v=uk_UuWOuIgk,0.019803,0.010204,0.004594,0.502646,24.399135,2921.855234,2026-05-08 15:01:41,4223,0.0108,1606.0000,0.0167,148972,1606,0,881,2487,370493364
Ces Français qui n'arrivent plus à joindre les 2 bouts,https://www.youtube.com/watch?v=3qcJj9TynQM,0.024258,0.008246,0.003646,0.502860,1.715925,205.808164,2023-10-29 16:00:03,1273,0.0105,2097.0000,0.0167,200240,2097,0,1241,3338,668401120
Employer des travailleurs handicapés : un business ?,https://www.youtube.com/watch?v=WLUIW8ioIZA,0.010918,0.008868,0.011633,0.501115,0.337104,40.408246,2023-08-01 15:00:32,1071,0.0126,540.0000,0.0167,42913,540,0,175,715,30682795
"Services saturés, pénurie de personnel... Les urgences sous haute tension",https://www.youtube.com/watch?v=WPct0U7JpMs,0.010473,0.008233,0.013021,0.502027,0.366346,43.965470,2023-09-07 15:00:33,965,0.0105,472.0000,0.0166,45064,472,0,278,750,33798000
USA : le visage du Ku Klux Klan,https://www.youtube.com/watch?v=XDTOEVCN424,0.051471,0.008321,0.001610,0.502959,7.429298,893.554763,2024-12-08 16:00:32,1392,0.0105,5330.0000,0.0166,506596,5330,0,3093,8423,4267058108
Ils se battent pour vaincre leur handicap,https://www.youtube.com/watch?v=axlq3qcyFaQ,0.015645,0.009667,0.005419,0.500361,1.425790,172.466755,2025-02-02 16:00:06,2530,0.0150,1326.0000,0.0165,88121,1326,0,130,1456,128304176
Ces travailleurs qui dopent leur cerveau pour tenir le rythme,https://www.youtube.com/watch?v=_kbSHvHtL2w,0.008909,0.012197,0.026279,0.498470,3.258434,392.984283,2026-05-24 15:00:39,3121,0.0146,201.0000,0.0165,13749,201,0,26,227,3121023
"Abus de faiblesse, dérives sectaires... Cet ostéopathe a ruiné la vie de ses patients 😨",https://www.youtube.com/watch?v=FcBe9c1P1XE,0.008506,0.008770,0.025661,0.499636,0.130436,15.754455,2023-08-05 15:00:11,915,0.0124,207.0000,0.0165,16668,207,0,68,275,4583700
Ils quittent la France pour rentrer en Afrique,https://www.youtube.com/watch?v=mr-Hrf5_wS8,0.032070,0.010126,0.002349,0.501934,35.197049,4283.810458,2026-04-23 15:01:21,1714,0.0123,3469.0000,0.0164,282670,3469,0,1175,4644,1312719480
Précarité : ils vivent sous le seuil de pauvreté,https://www.youtube.com/watch?v=mROoorQnJ5I,0.024537,0.009086,0.003007,0.501246,2.001296,244.443143,2024-04-26 15:00:47,1160,0.0135,2616.0000,0.0164,193840,2616,0,557,3173,615054320
Au coeur d'une clinique pour ados en souffrance,https://www.youtube.com/watch?v=ZERCzyG6MHI,0.077888,0.009602,0.000792,0.500629,13.350395,1635.088504,2025-03-02 16:00:36,2976,0.0150,11834.0000,0.0163,789657,11834,0,1060,12894,10181837358
Gilets jaunes : plongée au cœur d’une France en colère,https://www.youtube.com/watch?v=o1T47NsvRaU,0.007978,0.008734,0.031562,0.499225,0.386617,47.184482,2025-09-10 15:01:34,4429,0.0117,160.0000,0.0163,13730,160,0,64,224,3075520
Ces jeunes filles n'ont qu'un choix pour survivre : devenir nonnes,https://www.youtube.com/watch?v=tQS_RD7fBQU,0.015305,0.009623,0.005571,0.500120,1.368416,168.667496,2025-02-12 16:01:04,2944,0.0152,1284.0000,0.0162,84493,1284,0,86,1370,115755410
Pensions alimentaires : leurs pères refusent de payer,https://www.youtube.com/watch?v=B1rYVOxKqPM,0.009969,0.008890,0.014468,0.500483,0.471373,58.084595,2024-12-17 16:00:07,2314,0.0128,416.0000,0.0162,32408,416,0,109,525,17014200
"Interpellations, emprisonnements massifs… Que se passe-t-il en Turquie ?",https://www.youtube.com/watch?v=ELR694QgHGE,0.007283,0.008458,0.060038,0.495142,0.043972,5.396258,2023-06-21 15:00:10,1004,0.0118,70.0000,0.0161,5952,70,0,26,96,571392
Handicap : ces enfants luttent pour retrouver une vie ordinaire,https://www.youtube.com/watch?v=B79-pxINaRQ,0.027819,0.009719,0.002329,0.500103,3.456388,428.580597,2025-01-21 16:00:09,1711,0.0156,3504.0000,0.0161,224124,3504,0,110,3614,809984136
La dure réalité pour ces danseurs en devenir,https://www.youtube.com/watch?v=dkdClg4HpGE,0.012131,0.009516,0.008857,0.499768,0.550917,68.499233,2024-07-11 15:00:39,1342,0.0152,746.0000,0.0161,49113,746,0,43,789,38750157
Obligée de sécher les cours pour rester étudiante ?!,https://www.youtube.com/watch?v=_cKnb4KyZ3M,0.018963,0.009097,0.004134,0.500790,1.170654,145.890458,2024-01-16 16:00:20,977,0.0139,1814.0000,0.0160,130418,1814,0,278,2092,272834456
Chine : le quotidien invisible des enfants de condamnés à mort,https://www.youtube.com/watch?v=-9DO907qY20,0.055879,0.009543,0.001163,0.500882,22.607489,2827.786340,2025-12-17 16:00:00,2419,0.0141,7690.0000,0.0160,545607,7690,0,1033,8723,4759329861
"Au Laos, les enfants victimes de bombes vieilles de 40 ans",https://www.youtube.com/watch?v=oiwJLQq5zJo,0.009690,0.009254,0.016777,0.499259,0.162004,20.230093,2023-04-06 15:00:37,820,0.0146,348.0000,0.0160,23851,348,0,33,381,9087231
"À Kiev, ils vivent au rythme des bombardements",https://www.youtube.com/watch?v=X9YLiZKAWdI,0.011850,0.009008,0.009439,0.500956,1.898726,237.524790,2025-11-09 16:00:52,3540,0.0126,692.0000,0.0160,54855,692,0,184,876,48052980
"Crise : étudiantes, il leurs restent 100 € pour finir le mois !",https://www.youtube.com/watch?v=UQkcepSxk5g,0.038326,0.008732,0.001853,0.501411,2.153173,270.005165,2022-12-02 17:19:16,1067,0.0129,4543.0000,0.0159,352057,4543,0,1071,5614,1976447998
Corée du Sud : ils révisent le BAC à tout prix !,https://www.youtube.com/watch?v=ESDPzZhX6LE,0.073097,0.009424,0.000838,0.500339,7.780434,980.515837,2024-06-07 15:00:21,1528,0.0151,11120.0000,0.0159,736354,11120,0,565,11685,8604296490
"Au cœur de la prison de Mauzac, réservée aux agresseurs",https://www.youtube.com/watch?v=T4RKX_9u7ME,0.032022,0.007266,0.003263,0.503720,2.590069,326.618490,2023-12-29 16:00:19,1660,0.0080,2382.0000,0.0159,297858,2382,0,2341,4723,1406783334
Au cœur d'un lycée pour décrocheurs scolaires,https://www.youtube.com/watch?v=wxgPAMwK8jA,0.023110,0.009368,0.003024,0.500270,1.843159,232.447594,2024-06-09 15:00:48,1481,0.0149,2599.0000,0.0159,174100,2599,0,161,2760,480516000
Plongée dans l'orchestre des bidonvilles du Congo,https://www.youtube.com/watch?v=PVRqr53Ju1I,0.016989,0.012781,0.004837,0.500619,33.094207,4177.104590,2026-06-02 15:00:14,2558,0.0139,1513.0000,0.0158,108548,1513,0,206,1719,186594012
Cet hôpital aide les femmes à aimer leur bébé,https://www.youtube.com/watch?v=FMqvLUNaYRc,0.023290,0.008541,0.003394,0.501519,1.768883,224.236535,2024-03-24 16:00:10,1756,0.0123,2277.0000,0.0158,185207,2277,0,644,2921,540989647
Saint-Pétersbourg : ces habitants vivent dans des appartements communautaires de l'union soviétique,https://www.youtube.com/watch?v=y5w5C_3Uqgs,0.013877,0.008652,0.006955,0.500996,0.582232,73.818477,2023-08-11 15:00:56,1216,0.0128,991.0000,0.0158,77656,991,0,233,1224,95050944
"OnlyFans, MYM : ces mères de famille mènent une double vie",https://www.youtube.com/watch?v=gD5pu2ttbEc,0.036013,0.009026,0.002013,0.501420,13.407548,1705.939224,2025-12-18 16:01:09,2664,0.0126,4137.0000,0.0157,327445,4137,0,1009,5146,1685031970
Népal : A 3 ans elle devient déesse et vit cloitrée,https://www.youtube.com/watch?v=UwqUn517IxY,0.066845,0.008877,0.001000,0.501004,4.867560,620.007880,2023-07-11 15:00:30,1062,0.0136,9120.0000,0.0157,671460,9120,0,1422,10542,7078531320
Retraités éprouvés : ils travailleront toute leur vie,https://www.youtube.com/watch?v=9BktfvHvqR4,0.029315,0.008370,0.002680,0.501828,3.133869,399.507664,2024-09-27 15:00:08,3701,0.0117,2985.0000,0.0157,255280,2985,0,1019,4004,1022141120
Main d'œuvre clandestine : une vie de sacrifices,https://www.youtube.com/watch?v=_vEbcSqjYZY,0.010520,0.007978,0.012326,0.501514,0.513822,65.908718,2024-07-04 15:00:36,996,0.0106,504.0000,0.0156,47717,504,0,239,743,35453731
Enfants soldats : quand Daesh recrute en France,https://www.youtube.com/watch?v=9_mNHrnIFLU,0.014488,0.008949,0.006462,0.500980,3.423657,441.481601,2025-12-16 16:00:22,2127,0.0126,1080.0000,0.0155,85623,1080,0,247,1327,113621721
Étudiants ET parents : Les journées folles de ces élèves,https://www.youtube.com/watch?v=kqMfVRBLqkY,0.015017,0.008856,0.005892,0.500499,0.767764,99.082659,2024-01-21 16:00:23,895,0.0137,1203.0000,0.0155,88079,1203,0,161,1364,120139756
Sécheresse : quand l'eau devient une denrée rare,https://www.youtube.com/watch?v=4iK4blFaG-M,0.010099,0.008264,0.013280,0.500833,0.441735,57.096071,2024-08-02 15:00:05,2748,0.0116,461.0000,0.0154,39681,461,0,152,613,24324453
Village laissé à l'abandon : le combat du maire,https://www.youtube.com/watch?v=TBDACxLUW_o,0.029666,0.008736,0.002410,0.500917,3.212936,418.450246,2024-10-27 16:00:31,1306,0.0132,3369.0000,0.0154,254813,3369,0,543,3912,996828456
Elles travaillent avec leur mère : rêve ou enfer au quotidien ?,https://www.youtube.com/watch?v=IwGXPqiABpI,0.008063,0.016209,0.049570,0.494753,3.360469,433.285985,2026-06-14 15:00:38,3261,0.0149,90.0000,0.0153,6060,90,0,3,93,563580
JETS PRIVÉS : Le scandale qui pollue 10 fois plus qu'un avion classique,https://www.youtube.com/watch?v=LJu1ikO2aLo,0.007950,0.008646,0.035098,0.497534,0.091320,11.861531,2024-01-12 16:00:12,1198,0.0131,140.0000,0.0153,10651,140,0,23,163,1736113
Ces ados se mettent en danger pour un corps parfait,https://www.youtube.com/watch?v=cs2bjs_Oua4,0.023815,0.009115,0.003198,0.501028,10.175300,1333.296605,2026-02-05 16:01:03,2788,0.0128,2438.0000,0.0153,190587,2438,0,470,2908,554226996
"En Chine, la police rentre chez vous sans raison !",https://www.youtube.com/watch?v=3jPrGgXhqGY,0.034816,0.008269,0.002166,0.501494,2.258577,296.121981,2023-07-23 14:00:02,1648,0.0120,3806.0000,0.0153,317155,3806,0,1031,4837,1534078735
Urgences saturées : quand les patients sont soignés dans le garage,https://www.youtube.com/watch?v=BLssDYJv-jA,0.012220,0.009044,0.008622,0.500524,2.744892,359.794791,2026-01-13 16:00:28,2821,0.0129,770.0000,0.0152,59706,770,0,140,910,54332460
Salariés en galère : au cœur de la France qui souffre,https://www.youtube.com/watch?v=p3SjzX4ZhFU,0.020857,0.008075,0.004273,0.502016,4.262113,560.809760,2025-09-07 15:01:24,3172,0.0106,1746.0000,0.0152,164870,1746,0,759,2505,412999350
Beautés précoces : quand les jeunes se maquillent de plus en plus tôt,https://www.youtube.com/watch?v=75kBPzAQsqQ,0.013761,0.008698,0.006809,0.500327,0.500885,65.979693,2023-05-17 15:00:07,800,0.0135,1016.0000,0.0152,75084,1016,0,123,1139,85520676
Ils ont endoctriné plus de 150 personnes,https://www.youtube.com/watch?v=LFDYC82tCRU,0.014370,0.008318,0.006609,0.501037,0.838663,110.536368,2024-05-05 15:00:23,886,0.0121,1052.0000,0.0152,86659,1052,0,262,1314,113869926
"Diplômés, étudiants, mères célibataires : Leur quotidien de privation",https://www.youtube.com/watch?v=qhDZ_s22cvw,0.023436,0.008083,0.003535,0.501674,1.863320,245.695039,2024-05-10 15:00:49,1199,0.0114,2173.0000,0.0152,191393,2173,0,729,2902,555422486
"Les tagueurs de l'extrême de São Paulo, le mouvement d'une jeunesse défavorisée",https://www.youtube.com/watch?v=7b2T7Lzqmds,0.007963,0.008896,0.043353,0.495835,0.049914,6.533062,2023-05-03 15:00:04,1100,0.0142,107.0000,0.0151,7526,107,0,7,114,857964
Précarité : ils glanent pour se nourrir chaque mois,https://www.youtube.com/watch?v=e2Sl2YXwYJg,0.016012,0.008573,0.005398,0.500672,0.969315,128.082421,2024-04-21 15:00:36,1012,0.0130,1332.0000,0.0151,102208,1332,0,214,1546,158013568
"Ascenseurs en panne, rats et dealers : le cauchemar des habitants",https://www.youtube.com/watch?v=Ya7HDFod3JU,0.008618,0.009007,0.021387,0.499273,1.088456,144.345443,2026-02-06 16:01:01,4965,0.0126,259.0000,0.0150,20489,259,0,49,308,6310612
Maman solo : leur quotidien entre débrouille et entraide,https://www.youtube.com/watch?v=H_PaQ5OBjs8,0.033793,0.007810,0.002456,0.502060,2.771831,368.757283,2024-03-07 16:00:18,888,0.0106,3297.0000,0.0150,310842,3297,0,1375,4672,1452253824
La vie impossible des Roms en France,https://www.youtube.com/watch?v=csPJ7nJKSKo,0.013738,0.010743,0.007179,0.501099,16.479201,2192.315046,2026-05-22 15:00:49,3295,0.0118,955.0000,0.0150,81085,955,0,263,1218,98761530
Ces autistes se battent chaque jour pour mieux s'intégrer,https://www.youtube.com/watch?v=BSoAZ5uM9KM,0.020868,0.008634,0.003721,0.500749,2.566612,341.608392,2025-03-25 16:00:11,2599,0.0130,2048.0000,0.0150,157121,2048,0,312,2360,370805560
"A Saint-Denis, des femmes SDF accouchent gratuitement à la maternité",https://www.youtube.com/watch?v=_oJWE5xJ23k,0.017645,0.007442,0.005666,0.502373,0.944194,125.699827,2023-08-06 15:00:21,988,0.0095,1259.0000,0.0150,132863,1259,0,736,1995,265061685
"Paulette, 75 ans et Marine, 19 ans, en coloc !",https://www.youtube.com/watch?v=pxviSidXi_A,0.008004,0.008561,0.032538,0.497635,0.079474,10.551450,2023-06-23 15:00:40,751,0.0133,154.0000,0.0150,11617,154,0,20,174,2021358
Bagdad : vivre chaque jour sous la menace des bombes,https://www.youtube.com/watch?v=sphNiEEKMKk,0.008220,0.010510,0.024700,0.499106,3.191559,425.453873,2026-05-17 15:01:12,3044,0.0121,217.0000,0.0149,17863,217,0,50,267,4769421
Australie : les dégâts écologiques causés par les incendies !,https://www.youtube.com/watch?v=pwwelQSjQ5A,0.007343,0.008740,0.116114,0.483256,0.012842,1.665362,2023-03-09 16:00:27,1816,0.0139,28.0000,0.0149,2010,28,0,2,30,60300
Afghanistan : ces résistantes traquées pour avoir étudié,https://www.youtube.com/watch?v=gNMNNx_s1SU,0.009023,0.008107,0.017442,0.500062,0.192064,25.680981,2023-06-28 15:00:34,1656,0.0118,332.0000,0.0149,28146,332,0,88,420,11821320
Menton : plongée au cœur d'une frontière sous surveillance,https://www.youtube.com/watch?v=8gH-UppAZHQ,0.007997,0.028683,0.036335,0.496814,14.539721,1938.495833,2026-06-23 15:00:21,3603,0.0139,134.0000,0.0149,9666,134,0,10,144,1391904
Les secrets derrière ces illusions plus vraies que nature,https://www.youtube.com/watch?v=vRDirA6fXKM,0.007841,0.008924,0.049998,0.494687,0.067490,8.976962,2024-08-08 15:01:02,1019,0.0144,89.0000,0.0149,6185,89,0,3,92,569020
Ils se battent pour retrouver leur sens perdu,https://www.youtube.com/watch?v=p4nk3inmBcQ,0.009187,0.008877,0.018262,0.498773,0.288355,38.681447,2024-12-01 16:00:45,3420,0.0141,314.0000,0.0149,22201,314,0,16,330,7326330
Tourisme de l'extrême : ces locaux voient leur enfer transformé en attraction,https://www.youtube.com/watch?v=I3Z4nuWvcqk,0.007534,0.022701,0.048333,0.495528,7.585968,1013.657118,2026-06-21 15:00:00,3579,0.0131,93.0000,0.0148,7082,93,0,12,105,743610
Malvoyants : leurs chiens guides leur sauvent la vie,https://www.youtube.com/watch?v=cLniXB_nx3A,0.028224,0.008814,0.002438,0.500231,2.968130,401.255955,2024-11-14 16:00:36,1417,0.0140,3326.0000,0.0148,237120,3326,0,181,3507,831579840
Ces familles relogées gratuitement subissent les nouvelles lois,https://www.youtube.com/watch?v=QkKSsbDrras,0.008960,0.008761,0.019776,0.498644,0.202961,27.390292,2024-06-14 15:00:31,1591,0.0140,285.0000,0.0148,20378,285,0,16,301,6133778
Cette école aide les jeunes aveugles à vivre comme tout le monde,https://www.youtube.com/watch?v=eTl7Dl-Qa2Q,0.016043,0.008770,0.005203,0.500132,1.511327,204.524072,2025-02-20 16:00:43,1440,0.0138,1390.0000,0.0148,100819,1390,0,99,1489,150119491
"Détresse médicale : ""mon père ne serait pas mort si on avait eu accès aux urgences""",https://www.youtube.com/watch?v=2eE0oD8hgig,0.010906,0.007889,0.010923,0.500856,0.381915,51.916279,2023-10-07 15:00:02,3362,0.0113,582.0000,0.0147,51656,582,0,177,759,39206904
"Trafics, violences : au cœur des réseaux mafieux des ""drops""",https://www.youtube.com/watch?v=2-scvj9WCD8,0.009330,0.008475,0.016164,0.499421,0.303419,41.266401,2024-08-23 15:00:02,1426,0.0131,364.0000,0.0147,27813,364,0,44,408,11347704
"Chômage, précarité... Les Restos du Coeur, le dernier recours ?",https://www.youtube.com/watch?v=8fc_3AsVgtU,0.032368,0.007117,0.002977,0.502747,2.133232,291.419813,2023-08-27 15:00:05,952,0.0088,2646.0000,0.0146,301907,2646,0,1773,4419,1334127033
Le retour clandestin des concubines en Chine,https://www.youtube.com/watch?v=Of0KkyITr14,0.033791,0.009249,0.002026,0.500389,17.115879,2338.671159,2026-02-19 16:00:28,1995,0.0136,4105.0000,0.0146,301559,4105,0,308,4413,1330779867
Isolement : l'enfer des enfants atteints d'autisme sévère,https://www.youtube.com/watch?v=azinGcJXmds,0.022881,0.008402,0.003340,0.500695,2.614683,358.378228,2025-02-06 16:00:05,2718,0.0128,2319.0000,0.0146,181678,2319,0,331,2650,481446700
Ces français en détresse face à la flambée des prix énergétiques,https://www.youtube.com/watch?v=PixFMJV_PnE,0.016969,0.007755,0.005436,0.501468,1.150020,157.932665,2024-05-19 15:00:18,1276,0.0109,1321.0000,0.0146,121606,1321,0,449,1770,215242620
Lagos : la ville où riches et pauvres se côtoient sans se voir,https://www.youtube.com/watch?v=W9Yh7GaXJeY,0.009389,0.009805,0.015770,0.499372,3.105131,425.671594,2026-04-22 15:00:58,2458,0.0132,375.0000,0.0146,28514,375,0,40,415,11833310
"Pakistan : Sans nom, sans droits, l'enfer des enfants abandonnés",https://www.youtube.com/watch?v=HWyENtwbtXs,0.060288,0.008081,0.001289,0.501545,15.474428,2133.990345,2025-09-16 15:00:25,2546,0.0113,6851.0000,0.0145,608158,6851,0,1968,8819,5363345402
L'enfer de l'attente d'une greffe de cœur,https://www.youtube.com/watch?v=_J8lh4df6NA,0.022780,0.008189,0.003402,0.500774,1.210034,166.957058,2023-07-06 15:00:20,1719,0.0125,2271.0000,0.0145,181647,2271,0,361,2632,478094904
Troubles psychiatriques : ce village accueille les malades mentaux,https://www.youtube.com/watch?v=_m0PpyvgZ84,0.014395,0.008581,0.006288,0.500261,1.963580,270.961275,2025-08-17 15:00:53,2661,0.0131,1115.0000,0.0145,85349,1115,0,121,1236,105491364
Ces schizophrènes font revivre la vie du village,https://www.youtube.com/watch?v=dFUlWh1T7R0,0.015856,0.008463,0.005408,0.500335,1.586212,219.267129,2025-03-20 16:00:54,1750,0.0130,1329.0000,0.0145,101947,1329,0,145,1474,150269878
"""Je pensais que ça ne faisait pas de mal à mon bébé"" #shorts",https://www.youtube.com/watch?v=xvEPPJVjVXY,0.008784,0.008678,0.021187,0.498207,0.119921,16.567015,2023-06-11 09:00:37,29,0.0142,262.0000,0.0144,18443,262,0,4,266,4905838
"Restos du Cœur : moins de dons, plus de pauvreté en France (Compilation)",https://www.youtube.com/watch?v=rly-fXAtStA,0.021905,0.007357,0.004205,0.501982,1.403972,195.676962,2023-12-15 16:00:39,3596,0.0098,1779.0000,0.0143,181186,1779,0,820,2599,470902414
Village anti-inflation : on donne pour ne pas dépenser,https://www.youtube.com/watch?v=L0BRgW4abWE,0.013323,0.008409,0.007121,0.500075,0.853915,118.999390,2024-10-20 15:00:20,2233,0.0132,964.0000,0.0143,73302,964,0,87,1051,77040402
Ces Français de retour sur les bancs de l'école,https://www.youtube.com/watch?v=YI3FtMPA358,0.011413,0.008517,0.009532,0.499647,0.521655,72.695532,2024-08-04 15:00:34,819,0.0136,684.0000,0.0143,50377,684,0,38,722,36372194
Au cœur des soutiens extrêmes de Trump,https://www.youtube.com/watch?v=18ruOTZ9ePQ,0.009044,0.007864,0.016464,0.500025,0.371701,52.034778,2024-11-05 16:00:01,1708,0.0114,356.0000,0.0143,31218,356,0,89,445,13892010
"Permis, cartes grises : ils roulent en votre nom",https://www.youtube.com/watch?v=JXfDukaEouU,0.008614,0.007726,0.018755,0.499887,0.202306,28.362429,2023-11-12 16:00:22,1322,0.0112,304.0000,0.0142,27198,304,0,83,387,10525626
Pensions alimentaires impayées : ces mères seules plongent dans la précarité,https://www.youtube.com/watch?v=9maAvCSNf3Q,0.007868,0.008106,0.023313,0.500194,1.723717,242.251653,2026-03-19 16:00:26,3530,0.0095,233.0000,0.0142,24454,233,0,114,347,8485538
Ce médecin mexicain se retrouve au milieu des tirs,https://www.youtube.com/watch?v=9PrD9vhOgmA,0.007233,0.008146,0.051795,0.494932,0.043716,6.105722,2023-06-26 15:00:08,1261,0.0127,85.0000,0.0142,6704,85,0,10,95,636880
Usurpation d’identité : comment ils prennent votre vie en ligne,https://www.youtube.com/watch?v=294remw9BiQ,0.010420,0.008996,0.011633,0.499979,3.231024,455.657722,2026-03-24 16:00:08,2258,0.0124,540.0000,0.0142,43718,540,0,79,619,27061442
Violences au Népal : elles deviennent nonnes pour survivre,https://www.youtube.com/watch?v=YHRLujzl0bs,0.010700,0.008232,0.010939,0.499722,0.275416,38.850155,2023-05-04 15:00:17,1579,0.0130,581.0000,0.0142,44716,581,0,52,633,28305228
"Okinawa, la ville des centenaires et les clés de la longévité Japonaise",https://www.youtube.com/watch?v=7ZjbYtaL9E4,0.014461,0.008354,0.006133,0.499944,0.576456,81.442638,2023-08-10 15:00:06,1256,0.0134,1148.0000,0.0141,85758,1148,0,65,1213,104024454
USA : ces familles vivent dans des Motels de misère,https://www.youtube.com/watch?v=-8CN8J8cXeQ,0.024892,0.008002,0.003109,0.500797,1.816635,257.114560,2024-04-12 15:00:00,1169,0.0121,2518.0000,0.0141,207488,2518,0,413,2931,608147328
"Dépression, alcool, phobies : les dégâts invisibles de la crise sanitaire",https://www.youtube.com/watch?v=fv9kOarkp70,0.013438,0.008156,0.007530,0.501040,3.717882,525.995944,2026-01-22 16:01:04,3109,0.0109,903.0000,0.0141,82552,903,0,263,1166,96255632
Ascenseurs en panne : ces habitants d'une tour vivent un enfer !,https://www.youtube.com/watch?v=GF1_PLur22U,0.011259,0.007475,0.010300,0.501027,0.434113,61.440160,2023-10-31 16:00:16,746,0.0105,624.0000,0.0141,59655,624,0,218,842,50229510
Paris : une centaine d’enfants errent dans la rue,https://www.youtube.com/watch?v=hNZtUuWjq3g,0.017998,0.007864,0.004955,0.501212,3.155669,447.379233,2025-09-02 15:01:15,1911,0.0110,1471.0000,0.0141,133760,1471,0,415,1886,252271360
Misogynie en Arabie Saoudite : quand les femmes risquent l'EMPRISONNEMENT...,https://www.youtube.com/watch?v=0_DNsDf91pc,0.017238,0.007045,0.005917,0.502086,0.805300,114.169585,2023-05-02 15:00:00,1185,0.0091,1197.0000,0.0141,131636,1197,0,659,1856,244316416
Ils sacrifient leur vie pour espérer réussir leurs études,https://www.youtube.com/watch?v=iDaY8so9-38,0.012805,0.008753,0.007580,0.499885,2.689046,381.170104,2026-01-01 16:01:04,3270,0.0132,896.0000,0.0141,67827,896,0,60,956,64842612
Ils sont obligés de négocier avec les impôts pour survivre,https://www.youtube.com/watch?v=c53_pqvVQ7o,0.011344,0.007177,0.010647,0.501571,0.784929,111.394444,2024-11-24 16:00:28,1967,0.0093,600.0000,0.0141,64714,600,0,311,911,58954454
J'ai 80 ans et je dois travailler de nuit !,https://www.youtube.com/watch?v=vjHbqruqok4,0.018560,0.007509,0.004845,0.501355,0.795472,113.039441,2023-01-26 16:00:27,1321,0.0107,1510.0000,0.0141,141180,1510,0,476,1986,280383480
Marseille : le calvaire de ces familles infestées qui doivent payer,https://www.youtube.com/watch?v=N51D4dRMkT4,0.009041,0.007523,0.016164,0.500449,0.430865,61.140773,2024-12-04 16:00:19,1899,0.0104,364.0000,0.0141,34908,364,0,127,491,17139828
Tattoo Girls : voilà comment elles gagnent leur vie,https://www.youtube.com/watch?v=cFoHEmq0cFk,0.009873,0.007923,0.013114,0.499937,0.265538,37.741279,2023-09-02 15:00:25,892,0.0120,468.0000,0.0140,38873,468,0,78,546,21224658
Pénurie de médecins : ces Français qui renoncent à se soigner,https://www.youtube.com/watch?v=w6F9SHwxWP8,0.011028,0.007800,0.010528,0.500739,1.262963,179.895568,2025-08-22 15:01:42,4219,0.0109,608.0000,0.0140,55765,608,0,174,782,43608230
"Au Brésil, ils vivent dans la peur au quotidien",https://www.youtube.com/watch?v=cmepKZWCVj4,0.012465,0.009044,0.008294,0.500610,6.799956,971.289299,2026-04-17 15:01:11,3791,0.0115,806.0000,0.0140,69919,806,0,172,978,68380782
Action : pourquoi les Français en raffolent-ils ?,https://www.youtube.com/watch?v=Pk8kP53i334,0.007259,0.008022,0.045343,0.495840,0.047781,6.779861,2023-03-23 16:00:13,1382,0.0125,101.0000,0.0140,8088,101,0,12,113,913944
"Par manque de dons, ces nonnes sont obligées de mener une entreprise !",https://www.youtube.com/watch?v=ymBtCPtlJPo,0.026043,0.007855,0.003005,0.500895,1.965181,281.325690,2024-04-30 15:01:00,3547,0.0118,2618.0000,0.0140,221962,2618,0,482,3100,688082200
"Au chômage, ils doivent passer le permis pour s'en sortir",https://www.youtube.com/watch?v=ZRLptEU7yMg,0.015945,0.007745,0.005748,0.500912,1.834684,265.244947,2025-05-07 15:30:19,2624,0.0112,1238.0000,0.0138,110598,1238,0,291,1529,169104342
Il est SDF à l'aéroport de Roissy ! 😢,https://www.youtube.com/watch?v=7M8qBLCJa88,0.014606,0.007809,0.006298,0.500460,0.526113,76.263826,2023-02-25 07:00:02,59,0.0120,1113.0000,0.0138,92990,1113,0,169,1282,119213180
"À Bordeaux, le casse-tête des mineurs délinquants",https://www.youtube.com/watch?v=WTk6yhQZfw0,0.047210,0.006731,0.002110,0.502615,3.536043,513.114403,2023-12-20 16:00:17,1615,0.0083,3920.0000,0.0138,472550,3920,0,2592,6512,3077245600
Syndrome d'Asperger : ils ont une obsession du détail,https://www.youtube.com/watch?v=5SstvwPXvpU,0.035398,0.007764,0.002168,0.500952,3.865947,562.664406,2024-11-21 16:00:03,1253,0.0116,3802.0000,0.0137,328565,3802,0,712,4514,1483142410
Arnaques : quand les banques vous laissent tomber,https://www.youtube.com/watch?v=18B5H-i-OX0,0.036330,0.007034,0.002494,0.502033,2.634712,383.840695,2024-01-07 16:00:01,1284,0.0094,3241.0000,0.0137,346587,3241,0,1516,4757,1648714359
"Sans les restos du cœur, cette famille ne peut plus manger",https://www.youtube.com/watch?v=ue7tnhjkYjo,0.036403,0.007599,0.002170,0.501169,3.425509,499.207684,2024-08-13 15:01:02,891,0.0111,3797.0000,0.0137,341451,3797,0,888,4685,1599697935
"A Osaka, le business des beaux garçons dans les boîtes de nuit",https://www.youtube.com/watch?v=mN8zK8c3ZRM,0.030846,0.007905,0.002415,0.500591,2.496735,364.557734,2024-06-03 15:00:47,1348,0.0122,3362.0000,0.0137,275236,3362,0,407,3769,1037364484
"Les geishas de Kyoto, un art traditionnel menacé ?",https://www.youtube.com/watch?v=hGi553LQCsw,0.032681,0.008067,0.002171,0.500240,1.698412,248.325217,2023-04-03 15:00:26,1630,0.0129,3796.0000,0.0137,293517,3796,0,218,4014,1178177238
"Face à l'inflation, ils ne se sont rien acheté depuis un an et demi",https://www.youtube.com/watch?v=ZaircVEmGGI,0.009855,0.007481,0.013044,0.500445,0.561282,82.026985,2025-01-05 16:00:28,1321,0.0107,471.0000,0.0137,44208,471,0,133,604,26701632
"Face à la hausse des prix, ces familles font la chasse aux bons plans",https://www.youtube.com/watch?v=h1QNep67-X8,0.008386,0.007599,0.019607,0.499395,0.172657,25.271806,2023-09-30 15:00:36,1035,0.0114,288.0000,0.0136,25322,288,0,57,345,8736090
Mamans en fauteuil roulant : leur quotidien difficile,https://www.youtube.com/watch?v=zoN6K0yjo8U,0.008746,0.008536,0.018456,0.498687,0.878645,128.622878,2025-12-25 16:01:39,2816,0.0130,310.0000,0.0136,23788,310,0,14,324,7707312
"Au Togo, ces malades mentaux vivent un calvaire",https://www.youtube.com/watch?v=FWD1MQz8Orc,0.021136,0.007874,0.003995,0.500987,5.258141,771.957811,2025-11-20 16:00:22,2606,0.0111,1887.0000,0.0136,169788,1887,0,425,2312,392549856
À l’école des sourds : ils tentent de réussir malgré le silence,https://www.youtube.com/watch?v=guE2feNK_0c,0.013685,0.008290,0.006669,0.499723,1.332621,195.711602,2025-05-21 15:30:32,2330,0.0132,1041.0000,0.0136,78865,1041,0,32,1073,84622145
Village abandonné : ce maire se bat seul pour survivre,https://www.youtube.com/watch?v=mXmpNq1lqmI,0.014082,0.008125,0.006713,0.500476,3.345485,492.519889,2025-12-30 16:01:19,2966,0.0117,1033.0000,0.0136,88626,1033,0,170,1203,106617078
Naples : ces centenaires sont mystérieusement résistants,https://www.youtube.com/watch?v=HG315ODVqGw,0.008082,0.008015,0.024072,0.498230,0.178522,26.215347,2024-08-22 15:00:24,1087,0.0127,224.0000,0.0136,17695,224,0,16,240,4246800
Ces familles recueillent des patients psychiatriques abandonnés,https://www.youtube.com/watch?v=QY-EGOvwrcs,0.014663,0.007781,0.006202,0.500295,0.569899,84.020738,2023-06-08 15:00:17,1614,0.0121,1133.0000,0.0136,93766,1133,0,138,1271,119176586
"Misère sociale, problèmes de discipline, absentéisme... un fléau scolaire en France",https://www.youtube.com/watch?v=hLbugx1IgGc,0.064204,0.007659,0.001170,0.500855,3.788819,559.509620,2023-04-18 15:00:34,2086,0.0117,7640.0000,0.0135,652940,7640,0,1202,8842,5773295480
Chine : les secrets bien gardés du plus gros pollueur au monde,https://www.youtube.com/watch?v=YOKnjfkuC0E,0.013694,0.007438,0.007237,0.500799,0.697087,102.985437,2024-03-05 16:00:18,1242,0.0109,946.0000,0.0135,87017,946,0,231,1177,102419009
Le calvaire de ces habitants qui ont tout perdu à cause de la Tempête Alex,https://www.youtube.com/watch?v=jP6nIZw-ZqA,0.007227,0.007895,0.042732,0.495970,0.054240,7.954521,2023-06-27 15:00:27,1111,0.0125,109.0000,0.0135,8726,109,0,9,118,1029668
Plongée dans la face cachée du Maroc,https://www.youtube.com/watch?v=Cv_n3FVLWs0,0.049720,0.007740,0.001878,0.502156,33.718636,4994.510388,2026-03-20 16:00:16,3800,0.0090,4475.0000,0.0135,499175,4475,0,2264,6739,3363940325
Enfants jockeys : chutes violentes et travail jusqu'à épuisement,https://www.youtube.com/watch?v=AujElt1CE50,0.007285,0.007733,0.036335,0.497056,0.070306,10.352581,2023-07-13 15:00:07,955,0.0120,134.0000,0.0135,11191,134,0,17,151,1689841
Toulouse-Lautrec : au cœur d'un lycée pas comme les autres,https://www.youtube.com/watch?v=H3P1jcnuOtY,0.041542,0.008074,0.001682,0.500212,4.379311,649.004727,2024-10-29 16:00:16,1660,0.0129,5070.0000,0.0135,393910,5070,0,245,5315,2093631650
Précarité : ces Français tombent dans la misère,https://www.youtube.com/watch?v=XIBLELUtFIc,0.038573,0.007385,0.002155,0.501413,5.817523,864.178488,2025-04-27 15:01:02,1933,0.0104,3828.0000,0.0135,368992,3828,0,1139,4967,1832783264
Ces super nannies sont les anges gardiens de ces familles en détresse,https://www.youtube.com/watch?v=sEbIFYIs-Gk,0.008296,0.007535,0.019891,0.499333,0.218714,32.458652,2024-05-14 15:00:52,928,0.0113,283.0000,0.0134,25155,283,0,55,338,8502390
"Au Brésil, ces familles économisent toute l'année pour passer l'hiver",https://www.youtube.com/watch?v=tayIUT26sbk,0.008152,0.007895,0.022682,0.498326,0.135556,20.191056,2023-11-23 16:00:38,1274,0.0126,241.0000,0.0134,19140,241,0,15,256,4899840
"Le fléau des ""rasso"" : Courses interdites, voitures trafiquées...",https://www.youtube.com/watch?v=_RRhNfaggHM,0.016426,0.007412,0.005530,0.500795,0.801437,119.861143,2023-10-20 15:00:25,861,0.0110,1295.0000,0.0134,117702,1295,0,278,1573,185145246
Syrie : quand la charia remplace la dictature,https://www.youtube.com/watch?v=gS9FehBxcsA,0.009552,0.007338,0.013966,0.500666,1.228780,183.646026,2025-10-28 16:30:20,1808,0.0097,434.0000,0.0134,44612,434,0,162,596,26588752
Burn out parental : quand ça va trop loin,https://www.youtube.com/watch?v=J1OMrty0TQ8,0.061599,0.006911,0.001494,0.501988,7.079649,1063.439937,2024-11-10 16:00:15,4705,0.0092,5798.0000,0.0133,632688,5798,0,2625,8423,5329131024
Ces étudiants sont prêts à se ruiner la santé pour réussir,https://www.youtube.com/watch?v=O-Yr_XM_WgU,0.027595,0.007999,0.002718,0.500342,5.235438,787.312442,2025-08-28 15:00:46,2627,0.0123,2937.0000,0.0133,239332,2937,0,245,3182,761554424
Ces familles tentent par tous les moyens de ne pas se ruiner,https://www.youtube.com/watch?v=Z5lm3nl3DMs,0.013348,0.007572,0.007303,0.500378,0.810464,121.917428,2024-08-27 15:00:29,819,0.0115,936.0000,0.0133,81683,936,0,149,1085,88626055
Adolescents en détresse : leur quotidien difficile,https://www.youtube.com/watch?v=BG-Nc5Lhq2s,0.089539,0.007756,0.000826,0.500560,10.126445,1527.188439,2024-10-22 15:00:12,2071,0.0121,11300.0000,0.0133,937673,11300,0,1134,12434,11659026082
Hors-la-loi : ils conduisent sans permis chaque jour,https://www.youtube.com/watch?v=vVPDdaAViFk,0.029218,0.007303,0.002863,0.501182,3.353244,507.402503,2025-01-24 16:01:00,1566,0.0105,2767.0000,0.0132,263821,2767,0,719,3486,919680006
"Bipolarité, paranoïa : ces malades qui veulent s'en sortir",https://www.youtube.com/watch?v=IHjUXSsEuG0,0.019700,0.007525,0.004434,0.500923,3.630920,550.928035,2025-09-18 15:00:38,2828,0.0107,1673.0000,0.0132,155905,1673,0,381,2054,320228870
Crise aux urgences : patients et soignants à bout,https://www.youtube.com/watch?v=kdsl6nIr9hM,0.009180,0.007773,0.015136,0.499067,0.161872,24.545442,2022-12-21 15:33:03,857,0.0125,394.0000,0.0132,31540,394,0,21,415,13089100
Ce village accueille les enfants qui ne peuvent plus vivre avec leurs parents,https://www.youtube.com/watch?v=6GQHi0a4kuQ,0.057712,0.007683,0.001266,0.500463,4.676367,711.951589,2024-04-05 15:00:05,2731,0.0121,6992.0000,0.0131,579519,6992,0,620,7612,4411298628
"Loyers impayés, squats : le cauchemar des propriétaires",https://www.youtube.com/watch?v=5jaYaMzXr2k,0.013927,0.007216,0.007363,0.501091,1.946455,296.233477,2025-08-15 15:00:11,3764,0.0099,927.0000,0.0131,93902,927,0,306,1233,115781166
Speed dating XXL : ils viennent chercher l’âme sœur,https://www.youtube.com/watch?v=5n4BTqqyiC4,0.046069,0.007150,0.002133,0.502233,20.873477,3179.115713,2026-02-03 16:00:18,2655,0.0084,3873.0000,0.0131,460796,3873,0,2177,6050,2787815800
Protoxyde d’azote : leur descente aux enfers,https://www.youtube.com/watch?v=6HmYtfJodno,0.035162,0.009864,0.002506,0.501580,66.405879,10118.521955,2026-05-26 15:00:04,2656,0.0097,3222.0000,0.0131,333775,3222,0,1158,4380,1461934500
"En Sibérie, boire et conduire peut mener à la prison ferme",https://www.youtube.com/watch?v=JmrKDegv66c,0.009157,0.007602,0.015010,0.499426,0.308605,46.945415,2024-07-07 15:00:26,1410,0.0118,398.0000,0.0131,33847,398,0,46,444,15028068
Mères célibataires : la spirale infernale de la précarité,https://www.youtube.com/watch?v=nLnzcOLMCBU,0.025030,0.007045,0.003560,0.501407,2.299252,350.556721,2024-10-11 15:01:01,3916,0.0098,2155.0000,0.0131,219093,2155,0,718,2873,629454189
Étudiants en détresse : la vie au centime près,https://www.youtube.com/watch?v=1AM5E8aQfLQ,0.013698,0.007470,0.007016,0.500351,0.875405,134.021364,2024-09-20 15:00:02,5903,0.0113,981.0000,0.0131,86576,981,0,149,1130,97830880
Les gendarmes de la Drôme à la poursuite des cambrioleurs,https://www.youtube.com/watch?v=Ca91VXAGrBk,0.006862,0.007589,0.049998,0.494983,0.040364,6.123013,2023-03-02 16:00:05,1367,0.0120,89.0000,0.0130,7433,89,0,8,97,721001
Guerre en Ukraine : quand les habitants prennent les armes,https://www.youtube.com/watch?v=scweT0VJj6I,0.008630,0.007303,0.017228,0.499548,0.179823,27.491824,2023-06-09 15:00:47,2027,0.0110,337.0000,0.0130,30653,337,0,63,400,12261200
Plongée dans le quotidien choc des sans-abris,https://www.youtube.com/watch?v=iqmAbyrMVBs,0.013556,0.008339,0.007172,0.500407,6.003596,920.346999,2026-03-27 16:00:54,5512,0.0112,956.0000,0.0130,85541,956,0,159,1115,95378215
"Arnaques, harcèlement, addiction : les dangers cachés de TikTok",https://www.youtube.com/watch?v=jrJ5CNeoTXU,0.021942,0.007603,0.003693,0.500483,2.704869,415.682305,2025-04-24 15:30:32,1434,0.0116,2066.0000,0.0130,178729,2066,0,259,2325,415544925
"Entre terreur et bombardements, ces habitants vivent en enfer",https://www.youtube.com/watch?v=aCCNMJf9Zs8,0.010074,0.007101,0.012224,0.500350,0.319546,49.086400,2023-09-29 15:00:01,728,0.0103,509.0000,0.0130,49233,509,0,131,640,31509120
Test ADN : A 47 ans il parle à sa mère biologique pour la première fois,https://www.youtube.com/watch?v=gxzhC1PlcIU,0.081093,0.007454,0.000941,0.500655,5.244089,808.508328,2023-08-18 15:00:38,1816,0.0116,9765.0000,0.0130,844880,9765,0,1194,10959,9259039920
L'addiction chez les jeunes : un sevrage possible ?,https://www.youtube.com/watch?v=0ZFqCuakO0I,0.025085,0.007227,0.003309,0.500859,1.326740,204.673037,2023-08-04 15:00:00,1138,0.0108,2344.0000,0.0130,216746,2344,0,465,2809,608839514
"À Marseille, les malades psychiatriques tentent de s'en sortir",https://www.youtube.com/watch?v=SwfQ36sVn6s,0.023185,0.007034,0.003786,0.501124,1.485544,230.177815,2024-02-20 16:00:24,1754,0.0102,2008.0000,0.0129,197710,2008,0,543,2551,504358210
Calais : ils sont prêts à tout pour quitter la France,https://www.youtube.com/watch?v=FrNuR1jHUO4,0.010891,0.006808,0.010876,0.500830,0.360459,55.912505,2023-06-24 15:00:09,834,0.0095,585.0000,0.0129,61503,585,0,207,792,48710376
Permis volé : il a tout perdu et se retrouve endetté à vie,https://www.youtube.com/watch?v=zLZ3WKyBXxU,0.009216,0.008695,0.014674,0.500295,5.058011,785.105253,2026-05-06 15:01:55,2255,0.0098,409.0000,0.0129,41599,409,0,126,535,22255465
Chirurgie low-cost : elles risquent leur vie pour un corps parfait,https://www.youtube.com/watch?v=IAhPBFExKk0,0.015432,0.008008,0.005784,0.500176,4.603778,719.108008,2026-02-01 16:00:32,3396,0.0116,1229.0000,0.0128,105669,1229,0,123,1352,142864488
Brésil : leur vie devient une guerre quotidienne,https://www.youtube.com/watch?v=V-kYmPydrqs,0.007685,0.007552,0.024159,0.498477,0.439046,68.783853,2025-09-14 15:00:54,2444,0.0113,223.0000,0.0127,19740,223,0,28,251,4954740
Survivre avec le SMIC : les visages invisibles de la précarité en France,https://www.youtube.com/watch?v=vEvv9p2sqn0,0.029706,0.007044,0.002904,0.501165,3.965728,624.057491,2025-04-18 15:01:36,4685,0.0100,2723.0000,0.0127,272080,2723,0,734,3457,940580560
"Installation de radios, GPS : l'angoisse des utilisateurs face aux voleurs",https://www.youtube.com/watch?v=-na3DfOY93k,0.008329,0.007305,0.018705,0.499053,0.169636,26.641303,2023-09-21 15:00:00,873,0.0113,305.0000,0.0127,26934,305,0,37,342,9211428
Précarité : ils cumulent deux emplois pour joindre les deux bouts,https://www.youtube.com/watch?v=jRVztqhhXGo,0.007136,0.007610,0.031405,0.497735,0.469830,73.803693,2025-12-12 16:01:17,3680,0.0110,161.0000,0.0127,14609,161,0,24,185,2702665
Les secrets derrière ceux qui cultivent vos fruits et légumes,https://www.youtube.com/watch?v=WZ5I_QNTXxs,0.015890,0.007075,0.005854,0.500633,0.808170,127.660819,2024-01-11 16:00:30,1320,0.0106,1212.0000,0.0127,114760,1212,0,240,1452,166631520
Marseille : ces concierges font face au mépris des résidents au quotidien,https://www.youtube.com/watch?v=Cjz7nC8fXa4,0.020054,0.007225,0.004323,0.500683,2.358871,373.356683,2025-04-22 15:00:18,3641,0.0107,1723.0000,0.0126,161285,1723,0,314,2037,328537545
Harcèlement et phobie scolaire : le quotidien des enfants HPI,https://www.youtube.com/watch?v=XJTdEcK5tCE,0.016060,0.007574,0.005380,0.499979,1.473143,233.132940,2025-03-04 16:00:38,1926,0.0119,1337.0000,0.0126,112124,1337,0,79,1416,158767584
Logements insalubres : ces familles se retrouvent entassés dans des taudis,https://www.youtube.com/watch?v=Gf_BsPtJi4U,0.013593,0.006492,0.008106,0.501365,0.578298,91.516079,2023-08-22 15:00:10,693,0.0087,828.0000,0.0126,95267,828,0,375,1203,114606201
Crise : ces familles vivent dans des conditions très critiques,https://www.youtube.com/watch?v=L3VgXVXlSIw,0.048573,0.006853,0.001786,0.501324,4.261555,675.345215,2024-07-09 15:00:19,915,0.0098,4739.0000,0.0126,485564,4739,0,1388,6127,2975050628
Ils volent l’électricité : immersion chez les fraudeurs du Linky,https://www.youtube.com/watch?v=UvmGn5qRZKo,0.032208,0.006774,0.003120,0.502020,10.350678,1640.226803,2025-12-23 16:00:56,2377,0.0082,2508.0000,0.0126,306631,2508,0,1361,3869,1186355339
USA : ces chasseurs de prime accusent pour de l’argent,https://www.youtube.com/watch?v=AWJZV4fWETg,0.007500,0.008632,0.026385,0.498111,1.586025,250.520439,2026-04-19 15:00:24,4731,0.0114,200.0000,0.0126,17533,200,0,21,221,3874793
Précarité : ces salariés qui cumulent 2 emplois pour combler les fins de mois,https://www.youtube.com/watch?v=Pe3oFuzoPdo,0.021129,0.006742,0.004389,0.501231,1.077642,170.955953,2023-08-26 15:00:15,855,0.0095,1693.0000,0.0126,177279,1693,0,541,2234,396041286
Ukraine : Ces familles fuient pour échapper à l’enfer,https://www.youtube.com/watch?v=nLf3z3ezPqE,0.019268,0.006910,0.004892,0.501188,2.626768,416.938755,2025-06-18 15:01:31,3578,0.0095,1493.0000,0.0126,156346,1493,0,476,1969,307845274
"Autisme à l'école : entre crises et isolement, un combat quotidien",https://www.youtube.com/watch?v=ualrdwHs2eY,0.033506,0.007251,0.002396,0.500717,4.211425,668.670987,2025-03-18 16:01:07,2025,0.0109,3392.0000,0.0126,312232,3392,0,540,3932,1227696224
"Vendeurs à la sauvette : pour survivre, ils doivent tout vendre",https://www.youtube.com/watch?v=drg1MbgjLRQ,0.008425,0.007010,0.017662,0.499597,0.279417,44.339789,2024-07-14 15:00:28,895,0.0103,327.0000,0.0126,31658,327,0,71,398,12599884
"À Paris, l'invasion de rats inquiète les habitants des quartiers infestés",https://www.youtube.com/watch?v=2kjhk2t8XVA,0.022302,0.006093,0.004964,0.502231,1.197511,190.510172,2023-08-25 15:00:01,858,0.0074,1468.0000,0.0126,197747,1468,0,1017,2485,491401295
Fukushima : ils vivent sur une terre radioactive,https://www.youtube.com/watch?v=inQ7hxpiq_s,0.007693,0.007260,0.023813,0.498407,0.110528,17.537932,2023-05-15 15:00:33,1487,0.0114,227.0000,0.0126,19993,227,0,24,251,5018243
"Ecole 42 : pas de diplôme, 50h par semaine... qu'en pensent les élèves ?",https://www.youtube.com/watch?v=IRTcZ7M3VR8,0.034794,0.006960,0.002390,0.500944,1.927059,307.381851,2023-07-25 15:00:21,905,0.0104,3402.0000,0.0125,328587,3402,0,717,4119,1353449853
Chine : ces enfants sont le business de leurs parents,https://www.youtube.com/watch?v=G4KZysmKUFU,0.102349,0.007324,0.000759,0.500505,9.033363,1441.770975,2024-06-05 15:00:12,1469,0.0114,12419.0000,0.0125,1085634,12419,0,1184,13603,14767879302
Ces enfants HPI vivent un véritable calvaire au quotidien,https://www.youtube.com/watch?v=fCefHjcmG7Y,0.042980,0.007335,0.001833,0.500657,7.384805,1179.346162,2025-07-08 15:01:18,2779,0.0110,4601.0000,0.0125,418651,4601,0,641,5242,2194568542
"Étudiants, retraités, mères célibataires : tous dans le besoin (Restos du Cœur)",https://www.youtube.com/watch?v=wjaondRFMCo,0.014556,0.006906,0.006849,0.500837,1.267926,202.492677,2025-02-07 16:01:00,7211,0.0098,1009.0000,0.0125,102450,1009,0,273,1282,131340900
"Crues en série, maisons invendables : l’enfer des naufragés",https://www.youtube.com/watch?v=oLBhMAPd-bI,0.010170,0.006928,0.011911,0.500321,0.610044,97.370456,2025-01-03 16:00:47,2407,0.0100,525.0000,0.0125,52672,525,0,134,659,34710848
Accident : quand vivre devient une épreuve,https://www.youtube.com/watch?v=UzNdVXzWfRk,0.010262,0.007356,0.011317,0.499620,0.483344,77.150896,2024-10-06 15:00:33,1547,0.0115,558.0000,0.0125,48604,558,0,50,608,29551232
Colère agricole : la détresse silencieuse des agriculteurs,https://www.youtube.com/watch?v=o3eRGfXk7tk,0.009575,0.007437,0.013209,0.499964,1.641718,263.163228,2026-01-09 16:01:23,4880,0.0104,464.0000,0.0125,44723,464,0,93,557,24910711
Squatteurs : comment ils ruinent des familles entières,https://www.youtube.com/watch?v=Dr8OITCKAus,0.012393,0.006922,0.009011,0.501032,2.428531,389.743092,2025-12-02 16:00:21,3764,0.0090,731.0000,0.0124,81045,731,0,278,1009,81774405
Paris : plongée dans la délinquance du métro,https://www.youtube.com/watch?v=H3gRrUYluP4,0.009493,0.013349,0.013280,0.499491,15.919876,2563.569154,2026-06-12 15:00:24,3581,0.0112,461.0000,0.0124,40982,461,0,47,508,20818856
"Marseille : voisins avec des détenus, ils vivent un enfer",https://www.youtube.com/watch?v=pOpANulCu8s,0.019715,0.006360,0.005190,0.501627,1.232375,198.912418,2024-03-17 16:00:38,698,0.0084,1394.0000,0.0124,165683,1394,0,658,2052,339981516
Ils jouent au loto pour manger : immersion dans une France en crise,https://www.youtube.com/watch?v=UdI_LqKal-U,0.020655,0.008023,0.004724,0.501414,17.725382,2863.460789,2026-04-28 15:00:51,2233,0.0089,1555.0000,0.0124,174631,1555,0,606,2161,377377591
"Bangkok : la vie des frères Pinto entre boxe, business et glamour",https://www.youtube.com/watch?v=W4bjfPCGhJ0,0.007407,0.007168,0.026600,0.498054,0.100093,16.120860,2023-06-30 15:00:24,812,0.0112,198.0000,0.0124,17636,198,0,20,218,3844648
"Ventes illégales, siphonnages : la pénurie d'essence crée un commerce parallèle",https://www.youtube.com/watch?v=dzoj5KLSdpU,0.008357,0.006992,0.017842,0.499327,0.194542,31.415627,2023-11-02 16:00:34,1151,0.0106,323.0000,0.0124,30440,323,0,53,376,11445440
États-Unis : ces délinquants vivent bannis de la société,https://www.youtube.com/watch?v=N5BHGNMoFzg,0.024977,0.006689,0.003687,0.501261,2.643140,428.590264,2025-01-26 16:00:30,1128,0.0093,2070.0000,0.0123,221986,2070,0,667,2737,607575682
Chauffards contre radars : la guerre sans fin sur nos routes,https://www.youtube.com/watch?v=Bg1X3GIUDfA,0.012368,0.006546,0.009325,0.501219,1.573912,255.093817,2025-08-07 15:00:23,1880,0.0085,702.0000,0.0123,82902,702,0,320,1022,84725844
Corée du Sud : quand la beauté devient une obsession collective,https://www.youtube.com/watch?v=g3_RygRTsPE,0.038919,0.007710,0.001949,0.500270,12.580782,2041.736142,2025-12-28 16:01:04,3490,0.0115,4290.0000,0.0123,371482,4290,0,287,4577,1700273114
Parents espions : ils dépassent toutes les limites,https://www.youtube.com/watch?v=0YfyJYE6Gro,0.030705,0.006964,0.002748,0.500867,3.525645,572.726372,2025-02-18 16:00:01,2412,0.0102,2900.0000,0.0123,283468,2900,0,589,3489,989019852
Bolivie : l'enfer des mineurs d'argent,https://www.youtube.com/watch?v=ah338JPH-LI,0.007768,0.007317,0.022993,0.498195,0.146723,23.771490,2024-02-27 16:00:01,1214,0.0117,237.0000,0.0123,20252,237,0,12,249,5042748
Loyers impayés : ces locataires risquent l'expulsion à tout moment !,https://www.youtube.com/watch?v=6Vi-xaBATEE,0.037823,0.005997,0.002868,0.502253,2.219021,361.705324,2023-08-31 15:00:10,937,0.0074,2762.0000,0.0123,373275,2762,0,1817,4579,1709226225
Ces jeunes apprennent à vivre avec leur handicap,https://www.youtube.com/watch?v=1ooXR82crDw,0.020927,0.007058,0.004046,0.500434,1.300764,212.097590,2024-04-11 15:00:03,1586,0.0109,1860.0000,0.0123,171372,1860,0,241,2101,360052572
"L'exploitation des livreurs à domicile : 45 heures par semaine, travail 6 jours sur 7...",https://www.youtube.com/watch?v=8skQq8QZGsw,0.020379,0.006831,0.004351,0.500717,1.001480,163.664920,2023-09-09 15:00:09,983,0.0102,1710.0000,0.0122,167427,1710,0,338,2048,342890496
Lycée du Blanc-Mesnil : du pire au meilleur de France,https://www.youtube.com/watch?v=Eq2OFQVABnA,0.054781,0.007346,0.001371,0.500229,6.458459,1055.908675,2025-01-23 16:00:21,1114,0.0116,6390.0000,0.0122,550070,6390,0,338,6728,3700870960
Précarité : elles luttent pour élever leurs enfants,https://www.youtube.com/watch?v=JfOFDMW_o6Y,0.023503,0.006597,0.004012,0.501294,2.538512,415.319817,2025-02-16 16:00:15,1856,0.0091,1878.0000,0.0122,206391,1878,0,644,2522,520518102
"""J'ai pleuré"" : ces élèves qui quittent leur famille pour des internats prestigieux",https://www.youtube.com/watch?v=FuDeqy356Bo,0.056485,0.007096,0.001376,0.500442,3.261991,535.082758,2023-07-27 15:00:20,1359,0.0112,6366.0000,0.0122,570926,6366,0,594,6960,3973644960
"Maris jaloux, GPS discrets, téléphones piratés : ces femmes espionnées malgré elles",https://www.youtube.com/watch?v=Nop1n72trtA,0.010970,0.006727,0.010342,0.500323,0.362992,59.525991,2023-08-12 15:00:26,799,0.0099,621.0000,0.0122,62561,621,0,141,762,47671482
"Pénurie, hausse des prix et arnaques : le calvaire des jeunes pour se loger",https://www.youtube.com/watch?v=Jbw3eZ0ON9M,0.014771,0.006492,0.006955,0.500983,0.595742,97.937684,2023-06-22 15:00:12,928,0.0092,991.0000,0.0122,107926,991,0,321,1312,141598912
"Expulsions, dettes, insultes : le quotidien sous tension des huissiers",https://www.youtube.com/watch?v=ftJeZ2AE7_o,0.041387,0.007043,0.002122,0.501140,13.040891,2150.550937,2025-12-21 16:01:07,5375,0.0096,3896.0000,0.0121,406334,3896,0,1031,4927,2002007618
Ils jouent leur avenir dans le plus grand concours de coiffure,https://www.youtube.com/watch?v=sogXJRgXFhI,0.010518,0.009424,0.010558,0.499294,6.879976,1133.517708,2026-05-14 15:01:23,1607,0.0119,606.0000,0.0121,50992,606,0,12,618,31513056
Forêt amazonienne : ces îles coupées du monde sans accès aux services publics,https://www.youtube.com/watch?v=JUJGq35YQtI,0.007705,0.007214,0.023152,0.498129,0.115490,18.988233,2023-07-29 14:00:20,1251,0.0116,235.0000,0.0121,20223,235,0,10,245,4954635
"Saccages, pillages : quand la Guadeloupe se révolte",https://www.youtube.com/watch?v=6ZV2okBLmqU,0.007978,0.006562,0.019496,0.499614,0.198839,32.800435,2023-12-03 16:00:03,825,0.0094,290.0000,0.0121,30765,290,0,82,372,11444580
Ramadan : comment le jeûne impacte leur vie quotidienne,https://www.youtube.com/watch?v=7eXYfBR8LyA,0.069862,0.006720,0.001234,0.501016,5.224152,864.280521,2024-03-10 16:00:03,1238,0.0099,7199.0000,0.0121,725948,7199,0,1576,8775,6370193700
Ils glanent pour survivre : la France du système D,https://www.youtube.com/watch?v=k3OvD9QObNE,0.013251,0.007209,0.007452,0.500190,2.109436,349.012447,2025-10-24 15:01:37,3730,0.0106,914.0000,0.0121,86201,914,0,127,1041,89735241
"À Roubaix, cette école remet des élèves en difficulté sur pied",https://www.youtube.com/watch?v=dYH_QD64-U0,0.015583,0.007167,0.005846,0.500176,1.922935,318.772884,2025-07-13 15:01:03,2837,0.0109,1214.0000,0.0121,111566,1214,0,131,1345,150056270
Chirurgie esthétique : Jeunesse en danger !,https://www.youtube.com/watch?v=FgAa3ocbClc,0.044758,0.006513,0.001997,0.501219,2.243833,372.235400,2023-03-20 16:00:08,1617,0.0094,4174.0000,0.0121,445173,4174,0,1192,5366,2388798318
Ils ont l'interdiction de s'approcher de leurs ex-femmes,https://www.youtube.com/watch?v=PpYxCAcUXSA,0.010932,0.006623,0.010543,0.500443,0.666154,110.732077,2024-11-27 16:00:32,1827,0.0095,607.0000,0.0120,63997,607,0,162,769,49213693
Chauffards : au cœur du fléau de la route,https://www.youtube.com/watch?v=snCyyGGs58w,0.009489,0.006900,0.013233,0.499815,0.651936,108.513332,2025-05-06 15:01:33,2172,0.0102,463.0000,0.0120,45357,463,0,81,544,24674208
"Stations à sec, prix qui explosent : plongée dans la pénurie d’essence",https://www.youtube.com/watch?v=AUdONm2Zb8c,0.013300,0.007877,0.007580,0.500379,6.644879,1108.175754,2026-04-09 15:00:15,2976,0.0101,896.0000,0.0120,88639,896,0,166,1062,94134618
Mayotte : Elles traversent la mer pour assurer un avenir à leurs enfants,https://www.youtube.com/watch?v=YbGdZQL0f3E,0.018470,0.006289,0.005476,0.501294,0.984908,164.372417,2023-12-17 16:00:31,1291,0.0086,1310.0000,0.0120,151871,1310,0,509,1819,276253349
Couvent : ces bonnes sœurs ont fait un choix de vie radical,https://www.youtube.com/watch?v=rdaCXJ-UxdY,0.110875,0.006813,0.000783,0.500883,13.785957,2305.938757,2025-01-29 16:00:54,1585,0.0101,12000.0000,0.0120,1187430,12000,0,2197,14197,16857943710
Inondations : ils ont tout perdu en une nuit,https://www.youtube.com/watch?v=JLc7ooLa1gA,0.009010,0.007650,0.014614,0.499364,1.885162,314.830296,2026-02-27 16:00:34,3202,0.0108,411.0000,0.0119,38077,411,0,44,455,17325035
Le quotidien des Saoudiennes dans le pays le plus fermé au monde,https://www.youtube.com/watch?v=XiWN5Yk2Rug,0.109766,0.006199,0.000935,0.501744,8.787292,1474.479832,2024-04-18 15:00:33,1461,0.0083,9837.0000,0.0119,1181038,9837,0,4239,14076,16624290888
Ces femmes dépensent 1500€ pour des bébés reborn,https://www.youtube.com/watch?v=t45zU2Wyc4E,0.018088,0.006389,0.005501,0.501138,1.338714,224.573645,2024-09-12 15:00:58,1010,0.0089,1303.0000,0.0119,146868,1303,0,447,1750,257019000
"Influenceuses accros au sport : ""C'est un peu comme une dr*gue !""",https://www.youtube.com/watch?v=tuTC2rnO9pk,0.014718,0.006761,0.006488,0.500319,0.548237,92.035647,2023-05-25 15:00:43,949,0.0103,1075.0000,0.0119,103999,1075,0,163,1238,128750762
"Uniforme, drapeau, civisme : l’école de la dernière chance pour les enfants des cités",https://www.youtube.com/watch?v=BituhS5-7TQ,0.016156,0.007068,0.005534,0.500071,1.597999,269.370533,2025-04-15 15:00:16,3125,0.0109,1294.0000,0.0119,118250,1294,0,108,1402,165786500
"À Wuhan, la police chinoise fait face aux défis de l'après-confinement",https://www.youtube.com/watch?v=jtDcpSYMnGA,0.006411,0.006628,0.039896,0.496792,0.070306,11.790721,2023-09-15 15:00:40,1237,0.0099,119.0000,0.0118,11991,119,0,23,142,1702722
"À 14 ans, ils conduisent des voitures sans permis",https://www.youtube.com/watch?v=6fZS06TzROo,0.174949,0.006536,0.000541,0.501150,15.651744,2643.598412,2024-07-05 15:00:06,1222,0.0095,18129.0000,0.0118,1911286,18129,0,4502,22631,43254313466
La supercherie qui a coûté leurs dents à des centaines de personnes,https://www.youtube.com/watch?v=sOofJyXlWHE,0.017204,0.006315,0.005809,0.501018,0.850050,144.287379,2023-11-21 16:00:37,946,0.0089,1223.0000,0.0118,137065,1223,0,391,1614,221222910
"Venezuela sous-tension, la révolte gronde contre le régime socialiste",https://www.youtube.com/watch?v=hL1WGSmyXQE,0.047358,0.006070,0.002107,0.501647,2.514329,428.195584,2023-06-05 15:00:23,1168,0.0082,3926.0000,0.0117,479145,3926,0,1700,5626,2695669770
Travailler pour rien : la détresse silencieuse des agriculteurs,https://www.youtube.com/watch?v=NSqqdRaKPvI,0.015830,0.006864,0.006038,0.500505,2.685473,457.615359,2025-10-12 15:00:45,2751,0.0099,1169.0000,0.0117,118516,1169,0,221,1390,164737240
Maison infestée : ces habitants sont à bout,https://www.youtube.com/watch?v=O2W14kwtcpk,0.013467,0.006465,0.007810,0.500690,1.107337,188.968861,2025-02-14 16:00:24,3240,0.0092,865.0000,0.0117,94285,865,0,239,1104,104090640
"Au Japon, une génération qui renonce à l’amour",https://www.youtube.com/watch?v=hh9SUQTfzdQ,0.085949,0.006809,0.000998,0.500762,14.791676,2527.827847,2025-07-04 15:01:18,2573,0.0101,9136.0000,0.0117,907454,9136,0,1483,10619,9636254026
Paris : ils vivent dans des logements illégaux,https://www.youtube.com/watch?v=BZIkhSNOM8g,0.008681,0.007299,0.015666,0.499301,1.423347,243.446006,2026-01-30 16:00:16,2713,0.0104,378.0000,0.0117,36260,378,0,45,423,15337980
Parents trop occupés : leurs enfants sont en internat,https://www.youtube.com/watch?v=HvAH7B-c0nE,0.028466,0.006436,0.003175,0.500935,2.146811,369.022493,2024-07-16 15:00:15,1731,0.0094,2458.0000,0.0116,262739,2458,0,598,3056,802930384
Afrique du Sud : elles jonglent entre études et maternité,https://www.youtube.com/watch?v=QkAt23WwYzo,0.008742,0.007054,0.015396,0.498981,0.496374,85.212544,2025-05-15 15:30:12,1988,0.0111,386.0000,0.0116,34849,386,0,19,405,14113845
Gironde : le quotidien dramatique des roms dans ces bidonvilles,https://www.youtube.com/watch?v=7CHmX37-nlY,0.019211,0.005944,0.005552,0.501477,0.914353,157.411085,2023-08-24 15:00:03,965,0.0079,1289.0000,0.0116,163548,1289,0,610,1899,310577652
Pasteur millionnaire : il s’est enrichi sur le dos des fidèles,https://www.youtube.com/watch?v=Hf1Omkc0o1c,0.023680,0.007082,0.003920,0.500913,10.351060,1791.797963,2026-03-03 16:00:32,2496,0.0092,1929.0000,0.0115,209541,1929,0,491,2420,507089220
Le quotidien difficile des nouveaux pauvres... au centime près !,https://www.youtube.com/watch?v=pMp9qAqoSsw,0.052849,0.006255,0.001762,0.501204,3.547546,614.573849,2024-02-02 16:00:58,3384,0.0089,4811.0000,0.0115,538947,4811,0,1410,6221,3352789287
Endettement : ils n'arrivent plus à s'en sortir,https://www.youtube.com/watch?v=yGjWgK6Gbs8,0.013807,0.007959,0.007494,0.500600,9.786944,1694.684792,2026-05-01 15:01:41,3118,0.0092,908.0000,0.0115,98267,908,0,226,1134,111434778
Ils vivent dans les tunnels de Las Vegas,https://www.youtube.com/watch?v=x9WbGPqp-gI,0.067016,0.006825,0.001199,0.500330,5.721462,991.962731,2024-07-30 15:00:59,981,0.0107,7436.0000,0.0115,692376,7436,0,550,7986,5529314736
Kinshasa : ces enfants sorciers errent dans les rues,https://www.youtube.com/watch?v=36tSicCx8p8,0.096367,0.006660,0.000943,0.500962,21.419523,3721.844590,2025-09-25 15:00:04,1942,0.0095,9741.0000,0.0115,1027179,9741,0,2081,11822,12143310138
Porte de la Chapelle : la déchéance des jeunes,https://www.youtube.com/watch?v=m7hBqeVAvUM,0.055384,0.006043,0.001801,0.501527,4.046366,703.635574,2024-04-09 15:00:46,1127,0.0082,4692.0000,0.0115,569935,4692,0,1862,6554,3735353990
Chirurgie esthétique : au cœur d'une addiction chez les très jeunes,https://www.youtube.com/watch?v=du0IvtSE6Pk,0.065579,0.005965,0.001567,0.501649,4.354963,757.473971,2024-01-05 16:00:25,1617,0.0080,5496.0000,0.0115,685472,5496,0,2385,7881,5402204832
Australie : ces familles ont tout perdu à cause des incendies,https://www.youtube.com/watch?v=fAuQoz0ZN8w,0.006504,0.006879,0.039123,0.496370,0.163799,28.296553,2025-05-18 15:01:04,2017,0.0106,122.0000,0.0115,11488,122,0,10,132,1516416
Exode rural : ils vivent dans la Diagonale du vide,https://www.youtube.com/watch?v=Kw5hbPnYZgs,0.014331,0.006821,0.006838,0.500290,2.392379,416.735219,2025-10-26 16:00:36,3459,0.0099,1011.0000,0.0115,102077,1011,0,160,1171,119532167
"Stress, pression permanente... La Bulgarie est devenue le nouveau ""made in China""",https://www.youtube.com/watch?v=oG_l6vfJ21c,0.008952,0.006281,0.014855,0.499930,0.251242,43.720127,2023-09-23 15:00:43,1403,0.0091,403.0000,0.0115,44113,403,0,103,506,22321178
Restos du Cœur : les nouveaux visages de la pauvreté,https://www.youtube.com/watch?v=NhGcB1VWR-4,0.026515,0.006146,0.003638,0.501181,1.649458,287.624419,2024-03-03 16:00:12,2616,0.0086,2102.0000,0.0115,243602,2102,0,691,2793,680380386
"Sans ascenseurs, ils sont coincés chez eux depuis 2 ans",https://www.youtube.com/watch?v=1mgl9ZT5Cik,0.030581,0.006339,0.003239,0.501387,7.056754,1231.821039,2025-11-04 16:01:04,2800,0.0083,2402.0000,0.0115,290641,2402,0,927,3329,967543889
"Précarité énergétique : Chez eux, il fait plus froid qu’à l’extérieur",https://www.youtube.com/watch?v=1y13_78KYB4,0.036343,0.006451,0.002604,0.501191,8.355567,1463.635818,2025-10-29 16:15:00,2928,0.0087,3084.0000,0.0114,354104,3084,0,958,4042,1431288368
Ces parents dépensent 271€ pour chaque enfant,https://www.youtube.com/watch?v=Ce4K3mf22Dc,0.014560,0.006634,0.006572,0.500130,0.890996,156.078359,2024-09-01 15:00:08,1275,0.0102,1059.0000,0.0114,103790,1059,0,125,1184,122887360
Les filles caoutchouc de Mongolie,https://www.youtube.com/watch?v=vP8kZmowi9c,0.020447,0.006831,0.004055,0.499877,0.769421,134.948685,2023-02-06 16:00:25,1025,0.0111,1855.0000,0.0114,167059,1855,0,49,1904,318080336
"Il a 71 ans, elle 25 : leur mariage pose problème",https://www.youtube.com/watch?v=Q0zuS6FKM1Y,0.036351,0.006545,0.002984,0.501821,18.912509,3324.571707,2026-03-12 16:00:42,2224,0.0074,2639.0000,0.0114,358869,2639,0,1443,4082,1464903258
"Dérives nocturnes, violences, comportements dangereux : Paris sous tension",https://www.youtube.com/watch?v=owW7Pw8RT48,0.007622,0.007002,0.021056,0.498762,0.854560,149.870913,2026-01-04 16:01:29,5329,0.0101,264.0000,0.0114,26219,264,0,34,298,7813262
MIT : ces élèves sont poussés à l'extrême pour réussir,https://www.youtube.com/watch?v=C-4toIouEig,0.061695,0.006800,0.001290,0.500197,5.269167,927.555156,2024-08-15 15:00:16,1520,0.0108,6844.0000,0.0114,632580,6844,0,342,7186,4545719880
"Stress, pression : la face cachée de Miss France",https://www.youtube.com/watch?v=WleFdF6Vjww,0.027966,0.006778,0.002883,0.500061,1.580493,278.223980,2024-01-02 16:00:15,2826,0.0109,2746.0000,0.0114,252612,2746,0,123,2869,724743828
Agriculteurs en colère : la lutte pour survivre,https://www.youtube.com/watch?v=TOWJ_AVAYz0,0.009266,0.006472,0.013601,0.499644,0.292014,51.329022,2024-01-23 16:00:25,1238,0.0098,448.0000,0.0114,45526,448,0,69,517,23536942
UMD : dans l’unité des patients les plus difficiles,https://www.youtube.com/watch?v=Ud23L0Al0ik,0.024367,0.007250,0.003681,0.500641,11.933627,2102.678811,2026-03-17 16:00:45,4214,0.0096,2074.0000,0.0113,216459,2074,0,382,2456,531623304
La Courneuve : les dessous du trafic de cigarettes,https://www.youtube.com/watch?v=Md2SGUZy17Q,0.012357,0.006051,0.009225,0.500812,0.745791,131.366805,2024-09-15 15:00:18,1056,0.0083,711.0000,0.0113,85518,711,0,259,970,82952460
Le mystère de Mojiang : la ville chinoise qui célèbre... LES JUMEAUX !,https://www.youtube.com/watch?v=lPaafLqTrOs,0.011717,0.006632,0.008877,0.499758,0.351356,61.901356,2023-05-08 15:00:35,897,0.0105,744.0000,0.0113,71000,744,0,61,805,57155000
Elle n'a pas le droit de porter ses propres vêtements !,https://www.youtube.com/watch?v=EBUzhytY7Qs,0.025414,0.006277,0.003626,0.500832,1.584759,279.700900,2024-03-29 16:00:10,1877,0.0092,2110.0000,0.0113,229619,2110,0,491,2601,597239019
"Handicap, autisme, troubles : cette école accueille la différence",https://www.youtube.com/watch?v=thvsGDTVP3Y,0.035479,0.006873,0.002259,0.500154,4.818815,850.678212,2025-05-27 15:01:25,2690,0.0107,3628.0000,0.0113,337707,3628,0,197,3825,1291729275
Samu : les héros de l'ombre,https://www.youtube.com/watch?v=NICbpe3uN6c,0.010681,0.006819,0.010150,0.499344,0.337675,59.555280,2023-11-07 16:00:14,1559,0.0111,635.0000,0.0113,57408,635,0,15,650,37315200
Légion d'honneur : au cœur d'un pensionnat d'excellence,https://www.youtube.com/watch?v=SLmNcI2F5rI,0.072980,0.006788,0.001107,0.500247,7.837768,1384.735469,2024-12-26 16:00:31,1394,0.0107,8135.0000,0.0113,760143,8135,0,469,8604,6540270372
Ces étudiants épuisés mènent une double vie pour s'en sortir,https://www.youtube.com/watch?v=sqBiKZJ9L_8,0.046777,0.006740,0.001748,0.500346,5.772041,1019.901544,2025-03-28 16:01:10,4403,0.0104,4856.0000,0.0113,466038,4856,0,418,5274,2457884412
Le quotidien des familles touchées par la précarité,https://www.youtube.com/watch?v=jE0VCGD4xhU,0.046449,0.006150,0.002018,0.501114,3.162486,560.328261,2024-03-15 16:00:36,1000,0.0088,4124.0000,0.0113,467843,4124,0,1156,5280,2470211040
Les ravages des produits illégaux dans les cours de récréation,https://www.youtube.com/watch?v=m2BcizlTxGc,0.022813,0.006147,0.004186,0.500921,1.174138,208.195831,2023-11-03 16:00:40,612,0.0089,1788.0000,0.0113,201522,1788,0,484,2272,457857984
"Jugés pour homicides involontaires, ils vivent l'enfer",https://www.youtube.com/watch?v=vzoKXfm9NUE,0.033400,0.007586,0.002553,0.500502,21.802668,3867.848159,2026-04-07 15:01:44,1951,0.0099,3155.0000,0.0113,317107,3155,0,419,3574,1133340418
Camp d'entraînement : Prêtes à tout pour être superstar,https://www.youtube.com/watch?v=oLYEahsG2bo,0.022060,0.006828,0.003734,0.499906,1.635761,290.131171,2024-09-25 15:00:56,1614,0.0110,2040.0000,0.0113,185970,2040,0,56,2096,389793120
Ces retraités ruinés par des travaux inutiles,https://www.youtube.com/watch?v=i5wedm6K9eI,0.010639,0.008039,0.010602,0.499868,5.840396,1035.013099,2026-04-30 15:01:14,2684,0.0099,603.0000,0.0113,61051,603,0,85,688,42003088
Leurs logements sont devenus inhabitables et dangereux,https://www.youtube.com/watch?v=-y3I2Qbibf4,0.008694,0.006006,0.015911,0.500084,0.261021,46.255291,2023-11-17 16:00:00,1240,0.0084,371.0000,0.0113,44125,371,0,126,497,21930125
Enfants HPI : ces surdoués qui ne trouvent pas leur place,https://www.youtube.com/watch?v=wRM0F9jYG80,0.008952,0.006880,0.014353,0.499187,0.799687,141.844332,2025-09-19 15:02:01,5243,0.0105,420.0000,0.0113,39998,420,0,30,450,17999100
"Régime strict, sorties interdites : la réalité de ces passionnés de danse",https://www.youtube.com/watch?v=BYseu4BiyqY,0.021360,0.006592,0.004047,0.500200,1.300664,231.284778,2024-05-09 15:00:09,1208,0.0103,1859.0000,0.0112,180399,1859,0,169,2028,365849172
Rentrée : ces parents désemparés face aux prix exorbitants,https://www.youtube.com/watch?v=vqKxEQjh2wc,0.010578,0.006556,0.010647,0.499793,0.629488,111.832847,2025-01-07 16:01:01,1979,0.0100,600.0000,0.0112,60048,600,0,75,675,40532400
"Loyers impayés, squats : ils traquent les mauvais payeurs",https://www.youtube.com/watch?v=-h3EmBSh6iU,0.021073,0.005735,0.005159,0.501499,1.122657,199.770882,2023-12-07 16:00:00,1346,0.0075,1404.0000,0.0112,186575,1404,0,692,2096,391061200
Mexique : ces commandos de Dieu font la chasse aux addicts,https://www.youtube.com/watch?v=bvDHBePCkJQ,0.008221,0.006377,0.017356,0.499444,0.420551,74.805775,2025-03-07 16:00:46,2461,0.0093,334.0000,0.0112,35753,334,0,67,401,14336953
"Tsinghua, le MIT chinois : Ils visent l'excellence absolue",https://www.youtube.com/watch?v=ekoCslJXJao,0.085114,0.006693,0.000972,0.500307,9.250944,1650.423999,2024-12-31 16:00:39,1244,0.0105,9416.0000,0.0112,897739,9416,0,647,10063,9033947557
"Dans ce pays, les femmes décident de tout",https://www.youtube.com/watch?v=Qsiql-YH6Eg,0.073846,0.006590,0.001155,0.500510,9.561134,1708.966150,2025-04-02 15:00:39,2950,0.0100,7755.0000,0.0112,772429,7755,0,887,8642,6675331418
Japon : ces Sumos mettent leur vie en danger,https://www.youtube.com/watch?v=FYM_clFPr1Q,0.013887,0.007404,0.006867,0.499838,4.783612,854.555801,2026-03-08 16:00:18,3348,0.0105,1006.0000,0.0112,95663,1006,0,64,1070,102359410
"Pour survivre, ces Français échangent leurs biens contre des prêts",https://www.youtube.com/watch?v=vZmlvywwXkQ,0.026284,0.006253,0.003643,0.501007,3.903345,697.749277,2025-07-17 15:01:50,1988,0.0087,2099.0000,0.0112,241411,2099,0,601,2700,651809700
L'enfer des femmes au Brésil,https://www.youtube.com/watch?v=2Qmf_EUbaUw,0.036191,0.006438,0.002356,0.500486,2.232672,399.674719,2024-02-06 16:00:03,1443,0.0099,3457.0000,0.0112,348894,3457,0,440,3897,1359639918
Il a failli se faire bouffer par un ours,https://www.youtube.com/watch?v=lX9jbolM8xU,0.009929,0.006018,0.012534,0.500297,0.336128,60.124180,2023-11-10 16:00:36,1259,0.0086,494.0000,0.0112,57776,494,0,151,645,37265520
Au cœur de la justice : les coulisses d'un procès aux assises,https://www.youtube.com/watch?v=6sD4FyZew24,0.110335,0.006489,0.000826,0.500737,19.979544,3602.749884,2025-08-03 15:00:09,3425,0.0095,11292.0000,0.0111,1185256,11292,0,1853,13145,15580190120
Liban : la crise qui pousse au désespoir total,https://www.youtube.com/watch?v=32ZqhJciGfw,0.024347,0.005952,0.004051,0.501069,1.248233,225.048963,2023-10-21 15:00:05,902,0.0084,1857.0000,0.0111,220770,1857,0,591,2448,540444960
L'olympiade des métiers : les artisans enfin récompensés,https://www.youtube.com/watch?v=I-Ul_KCpoEk,0.005703,0.006638,0.105955,0.485016,0.015668,2.745657,2023-07-09 15:00:19,1032,0.0107,32.0000,0.0111,2979,32,0,1,33,98307
Main d'œuvre illégale : les dessous de Shein,https://www.youtube.com/watch?v=O27Pzaqxng8,0.039224,0.006386,0.002190,0.500500,2.788487,504.219369,2024-05-28 15:00:30,1304,0.0098,3757.0000,0.0111,383704,3757,0,486,4243,1628056072
"Étudier la journée, bosser la nuit : le quotidien de ceux qui n'ont pas le choix",https://www.youtube.com/watch?v=T2X5xIhX210,0.050359,0.006596,0.001680,0.500435,7.962075,1440.369193,2025-07-10 15:01:00,2694,0.0100,5078.0000,0.0111,508430,5078,0,542,5620,2857376600
La galère des Français face au choc énergétique,https://www.youtube.com/watch?v=eDKZ9YngZDI,0.056187,0.005839,0.001808,0.501390,3.618172,655.396559,2024-01-24 16:00:33,3188,0.0080,4672.0000,0.0110,580645,4672,0,1738,6410,3721934450
"Enfants seuls, parents dépassés : la solution des Apprentis d'Auteuil",https://www.youtube.com/watch?v=c7pyVYlJV8A,0.023540,0.006464,0.003676,0.500242,1.486319,269.174570,2024-05-23 15:00:35,1749,0.0101,2077.0000,0.0110,206184,2077,0,199,2276,469274784
USA : ils risquent leur vie pour vendre leur sang,https://www.youtube.com/watch?v=hsUgm5Qu_W4,0.011105,0.007441,0.010004,0.500003,4.890513,886.916850,2026-04-12 15:01:08,3123,0.0095,646.0000,0.0110,68280,646,0,106,752,51346560
Ils vivent entourés de rats : l’enfer des nuisances au quotidien,https://www.youtube.com/watch?v=ySDtruG6imU,0.015317,0.006016,0.007237,0.501074,2.530636,459.848384,2025-10-07 15:30:42,3016,0.0078,946.0000,0.0110,121384,946,0,389,1335,162047640
"Exigence, phobie de l'école : le dur quotidien des enfants HPI",https://www.youtube.com/watch?v=prPY4G892nc,0.046502,0.006519,0.001780,0.500272,3.760018,683.772539,2024-08-18 15:00:48,1508,0.0102,4755.0000,0.0110,464272,4755,0,350,5105,2370108560
Précarité : ils n’achètent plus que les produits les moins chers,https://www.youtube.com/watch?v=NCl-vcOacAY,0.019798,0.006916,0.004828,0.500640,8.376959,1524.933997,2026-03-10 16:00:42,2628,0.0090,1516.0000,0.0110,167658,1516,0,325,1841,308658378
Précarité : la banque menace de saisir leur maison,https://www.youtube.com/watch?v=Fjdi3wb2Mps,0.024972,0.006254,0.003717,0.500702,2.937299,535.086085,2025-05-02 15:00:24,2130,0.0091,2051.0000,0.0110,225799,2051,0,427,2478,559529922
La police de Saint-Étienne et la détresse des victimes,https://www.youtube.com/watch?v=P3D8Zjvs2NE,0.007785,0.006387,0.019386,0.498725,0.128751,23.460159,2023-02-09 16:00:13,2066,0.0101,292.0000,0.0109,28972,292,0,25,317,9184124
Substances de synthèse : ces ados qui tombent dans l'addiction,https://www.youtube.com/watch?v=_HjFExl5l3o,0.024959,0.006524,0.003959,0.501029,9.183906,1678.532577,2026-02-12 16:00:50,2653,0.0084,1907.0000,0.0109,228187,1907,0,589,2496,569554752
Les pickpockets du métro parisien,https://www.youtube.com/watch?v=jjZ-a0tb908,0.012978,0.006208,0.007936,0.500133,0.394140,72.022534,2023-02-02 16:00:24,1102,0.0095,849.0000,0.0109,89448,849,0,129,978,87480144
Police : La Tour Eiffel sous surveillance !,https://www.youtube.com/watch?v=glzw6JzGKFQ,0.006847,0.006345,0.027734,0.497831,0.084770,15.457705,2023-02-23 16:00:33,1424,0.0100,188.0000,0.0109,18873,188,0,18,206,3887838
Chine : Ils doivent faire partie du même clan,https://www.youtube.com/watch?v=oIzBWvca44w,0.010576,0.006607,0.010300,0.499320,0.427719,78.295971,2024-06-11 15:00:44,982,0.0107,624.0000,0.0109,58486,624,0,14,638,37314068
Afghanistan : les Talibans s'imposent au pouvoir,https://www.youtube.com/watch?v=7DXLjtCjsC4,0.018682,0.005994,0.005262,0.500693,0.744327,136.484124,2023-05-11 15:00:04,892,0.0088,1372.0000,0.0109,156136,1372,0,330,1702,265743472
Chantiers abandonnés : ils sont privés de leur maison,https://www.youtube.com/watch?v=ng55FfZ1Tpw,0.008973,0.006440,0.014185,0.499339,0.490682,89.881265,2025-03-05 16:00:54,2281,0.0099,426.0000,0.0109,43138,426,0,44,470,20274860
Cette fausse riche héritière a arnaqué tous ses proches,https://www.youtube.com/watch?v=8URgwMhfaug,0.067366,0.005898,0.001511,0.501301,7.877942,1448.323900,2025-02-25 16:00:17,1936,0.0081,5725.0000,0.0109,706702,5725,0,1962,7687,5432418274
Urgences psy : le quotidien éprouvant des soignants,https://www.youtube.com/watch?v=S5ek_8I9VUM,0.024685,0.006502,0.003585,0.500346,4.143800,764.223982,2025-09-12 15:00:54,3247,0.0097,2138.0000,0.0108,220850,2138,0,256,2394,528714900
"Japon : malgré les radiations, ils décident de rentrer chez eux",https://www.youtube.com/watch?v=IbZ55M5p_EM,0.032815,0.006538,0.002565,0.500212,4.422732,816.412646,2025-06-12 15:00:28,2766,0.0101,3138.0000,0.0108,311042,3138,0,231,3369,1047900498
"Plus de chauffage, plus de lumière : ils survivent comme ils peuvent",https://www.youtube.com/watch?v=VidUg2yM_Gg,0.015993,0.006343,0.006317,0.500558,3.114947,575.406552,2025-11-21 16:00:51,4972,0.0088,1109.0000,0.0108,125982,1109,0,254,1363,171713466
30 jours en enfer en mer du Nord : le quotidien des marins pêcheurs,https://www.youtube.com/watch?v=r6yXRhgBHCE,0.023543,0.007276,0.003717,0.500217,11.937954,2207.015259,2026-03-26 16:01:13,3304,0.0099,2051.0000,0.0108,207336,2051,0,191,2242,464847312
Ils vivent un calvaire à cause de leur phobie,https://www.youtube.com/watch?v=X6lWXndNijE,0.011815,0.006408,0.008959,0.499881,1.073204,198.425151,2025-06-10 15:30:16,2243,0.0097,736.0000,0.0108,75990,736,0,85,821,62387790
Le trafic illégal des voleuses de sable du Cap-Vert,https://www.youtube.com/watch?v=XzD3GMhq1r4,0.010816,0.006054,0.010543,0.500031,0.313917,58.058084,2023-05-05 15:00:26,870,0.0091,607.0000,0.0108,66766,607,0,114,721,48138286
Noël précaire : ces Français sont au centime près,https://www.youtube.com/watch?v=JbJBJ4P6ak4,0.028954,0.006133,0.003180,0.500669,2.628627,486.856228,2024-12-18 16:00:18,2361,0.0091,2454.0000,0.0108,271152,2454,0,473,2927,793661904
"Associations, système D... Ces Français qui survivent avec le SMIC",https://www.youtube.com/watch?v=0TJQY9rgLas,0.049911,0.005825,0.001971,0.501117,2.627663,487.245261,2023-08-17 15:00:01,1618,0.0083,4237.0000,0.0108,509652,4237,0,1259,5496,2801047392
Ils n'ont plus les moyens de se chauffer,https://www.youtube.com/watch?v=ecyWPqNbYiA,0.107712,0.005670,0.001013,0.501463,7.560289,1404.092887,2024-03-22 16:00:35,724,0.0077,8987.0000,0.0108,1162511,8987,0,3531,12518,14552312698
JAF : Ils prennent des décisions pour le bien-être des enfants,https://www.youtube.com/watch?v=K0EdGKs2h-8,0.013596,0.006093,0.007757,0.500411,1.205455,223.808337,2025-04-11 15:00:35,2727,0.0088,872.0000,0.0108,99144,872,0,195,1067,105786648
Exode rural : ils se battent pour sauver leur village,https://www.youtube.com/watch?v=RBsaDWSWqNo,0.014450,0.006510,0.006663,0.499930,1.753182,326.107295,2025-08-10 15:00:46,3370,0.0099,1042.0000,0.0107,105002,1042,0,86,1128,118442256
"Grigny 2 : insalubrité, marchands de sommeil... 17 000 habitants vivent dans la misère",https://www.youtube.com/watch?v=o9XUQETkUjs,0.037514,0.005312,0.003125,0.501836,1.895627,353.136401,2023-07-30 14:00:26,1463,0.0067,2503.0000,0.0107,375747,2503,0,1530,4033,1515387651
Ces diplômés forcés de retourner vivre chez leurs parents,https://www.youtube.com/watch?v=4XdDa1KujUA,0.038023,0.005994,0.002566,0.501034,5.466324,1018.435595,2025-06-24 15:00:06,3165,0.0083,3136.0000,0.0107,375789,3136,0,897,4033,1515557037
"""Copier, coller, encaisser"" : les fausses promesses d'un couple d'influenceurs",https://www.youtube.com/watch?v=sCy2aV5BylI,0.038177,0.005437,0.002929,0.501646,2.100543,391.683562,2023-10-27 15:00:48,795,0.0071,2696.0000,0.0107,381886,2696,0,1399,4095,1563823170
"Dégradations, insécurité : ces habitants démunis face aux nuisances",https://www.youtube.com/watch?v=YlIP-B1cWJs,0.018728,0.005781,0.005631,0.500993,1.669771,311.983021,2025-01-31 16:00:29,4518,0.0079,1268.0000,0.0107,160030,1268,0,444,1712,273971360
"ADN, vidéosurveillance... Comment la police arrête les cambrioleurs",https://www.youtube.com/watch?v=CICTxD9fmVY,0.005869,0.006308,0.052748,0.494408,0.048547,8.978959,2023-12-14 16:00:05,1017,0.0100,83.0000,0.0107,8323,83,0,6,89,740747
Philippines : ces enfants vivent parmi les déchets,https://www.youtube.com/watch?v=xH1tl_fesco,0.023708,0.006843,0.003814,0.500375,9.100885,1702.543210,2026-02-24 16:01:20,2856,0.0094,1991.0000,0.0107,211020,1991,0,264,2255,475850100
Dépannage à domicile : immersion chez les escrocs du bâtiment,https://www.youtube.com/watch?v=dNuZYT5nVWg,0.006707,0.008612,0.027853,0.498058,2.856317,532.301633,2026-05-21 15:00:52,2624,0.0092,187.0000,0.0107,20220,187,0,29,216,4367520
Suspension de permis : ces chauffards tentent le tout pour le tout,https://www.youtube.com/watch?v=AplxdPdalbo,0.022193,0.006038,0.004443,0.500806,3.152824,590.727895,2025-07-29 15:00:28,3093,0.0085,1669.0000,0.0107,197295,1669,0,436,2105,415305975
Pauvreté : ils ramassent les légumes pour survivre,https://www.youtube.com/watch?v=pqcHFu7_jLI,0.031404,0.005963,0.003010,0.500780,2.545439,478.114211,2024-10-08 15:00:56,2097,0.0087,2613.0000,0.0106,300249,2613,0,583,3196,959595804
"Propagande, dictature... que se passe-t-il réellement en Corée du Nord ?",https://www.youtube.com/watch?v=4te2gn1SLgk,0.042588,0.005914,0.002190,0.500757,1.920175,362.069247,2023-04-09 10:00:02,1196,0.0088,3758.0000,0.0106,425864,3758,0,758,4516,1923201824
"Pour ces couples, ""se nourrir est un défi quotidien""",https://www.youtube.com/watch?v=LackCCrTEsw,0.038889,0.005492,0.002763,0.501416,1.919875,362.572160,2023-07-21 15:00:15,843,0.0074,2882.0000,0.0106,389035,2882,0,1237,4119,1602435165
Logements insalubres : le calvaire des familles,https://www.youtube.com/watch?v=BcXfs2QaYkM,0.019821,0.005808,0.005133,0.500818,1.520241,287.448716,2024-11-08 16:00:15,4867,0.0082,1412.0000,0.0106,171591,1412,0,402,1814,311266074
"À Lille, ces patients psychiatriques vivent hors de l’hôpital",https://www.youtube.com/watch?v=Vv-VR7AScJg,0.032402,0.006285,0.002710,0.500342,4.121359,779.886422,2025-05-28 15:01:02,2273,0.0095,2947.0000,0.0106,308824,2947,0,316,3263,1007692712
Dans l'école la plus stricte de France : discipline et excellence,https://www.youtube.com/watch?v=h8d8a63HBZI,0.064172,0.006158,0.001415,0.500579,7.746392,1467.359420,2025-03-30 15:00:50,2673,0.0092,6167.0000,0.0106,667628,6167,0,881,7048,4705442144
Parents à bout : leurs enfants vivent en internat dès 6 ans,https://www.youtube.com/watch?v=YgkUpXLMw3Q,0.077043,0.006098,0.001244,0.500825,13.133594,2490.012562,2025-08-05 15:00:59,3012,0.0088,7131.0000,0.0105,814199,7131,0,1457,8588,6992341012
Conflits de voisinage : leur quotidien est devenu un enfer,https://www.youtube.com/watch?v=UL-fgG5BH84,0.007457,0.007465,0.020798,0.498811,2.369744,447.896996,2026-04-24 15:00:57,6784,0.0092,268.0000,0.0105,29107,268,0,39,307,8935849
"Piégés en Libye, ces migrants effrayés ne sortent de chez eux qu’une fois par semaine !",https://www.youtube.com/watch?v=-iVEiRfi1d4,0.011703,0.005625,0.010017,0.500518,0.380111,72.188249,2023-05-29 15:00:00,1019,0.0079,645.0000,0.0105,81283,645,0,210,855,69496965
"Marseille, Paris : la débrouille illégale gagne les rues",https://www.youtube.com/watch?v=DAbyAJ6h2k4,0.009703,0.008060,0.012599,0.499851,6.695257,1271.757780,2026-05-15 15:00:19,3308,0.0088,491.0000,0.0105,55940,491,0,97,588,32892720
Crise du logement : ils se retrouvent à la rue,https://www.youtube.com/watch?v=8PrdxSrGCD8,0.028503,0.005617,0.003661,0.501148,2.436766,465.598123,2024-11-22 16:00:11,2702,0.0077,2087.0000,0.0105,271418,2087,0,753,2840,770827120
Corée du Sud : elles se mettent en danger pour réussir,https://www.youtube.com/watch?v=w0nZjX2SAVI,0.090948,0.006431,0.000974,0.500314,19.800734,3796.061680,2025-10-16 15:30:39,2132,0.0097,9386.0000,0.0104,967864,9386,0,710,10096,9771554944
Précarité : ces travailleurs forcés de louer des logements insalubres,https://www.youtube.com/watch?v=nOI5mnCTMYI,0.006961,0.006433,0.024700,0.498186,0.558285,106.651091,2025-11-25 16:01:29,3040,0.0095,217.0000,0.0104,22924,217,0,22,239,5478836
Au cœur de la route la plus dangereuse de France,https://www.youtube.com/watch?v=L8jdeXEtIYs,0.019343,0.005920,0.004973,0.500408,1.005941,192.965542,2024-02-28 16:00:21,1056,0.0089,1465.0000,0.0104,164203,1465,0,246,1711,280951333
Au cœur des garages illégaux de Seine-Saint-Denis,https://www.youtube.com/watch?v=UY-UATftwiw,0.008086,0.008086,0.017228,0.499011,3.969262,759.863629,2026-05-12 15:00:45,2334,0.0094,337.0000,0.0104,35703,337,0,35,372,13281516
"Tinder, Happn : il y passe 3h par jour",https://www.youtube.com/watch?v=Vj8gc9b9s5c,0.018573,0.005591,0.005784,0.500946,1.357874,261.004275,2024-10-24 15:00:38,1170,0.0077,1229.0000,0.0104,159731,1229,0,432,1661,265313191
Cabanisation : ces familles vivent dans des logements illégaux,https://www.youtube.com/watch?v=5qbkuibQMGg,0.017751,0.005935,0.005942,0.500797,3.325572,639.313424,2025-11-06 16:00:17,3127,0.0080,1191.0000,0.0104,149564,1191,0,364,1555,232572020
Les toxicomanes de la porte d'Aubervilliers,https://www.youtube.com/watch?v=bSIKHzIu9UY,0.026169,0.005325,0.004254,0.501361,1.023134,196.903573,2023-01-19 16:00:18,1219,0.0071,1755.0000,0.0104,247300,1755,0,814,2569,635313700
Querelles de voisinage : quand le quotidien qui vire au cauchemar,https://www.youtube.com/watch?v=oVLt0MTm1c8,0.018883,0.005834,0.005744,0.501005,3.797824,730.861203,2025-11-16 16:01:17,3356,0.0076,1239.0000,0.0104,163672,1239,0,461,1700,278242400
Précarité : ils s’endettent pour tenir jusqu’à la fin du mois,https://www.youtube.com/watch?v=Gmr7kgkLkts,0.025392,0.006324,0.003895,0.500792,8.829626,1700.384466,2026-02-10 16:00:20,2342,0.0083,1943.0000,0.0104,234559,1943,0,492,2435,571151165
Précarité énergétique : il fait plus froid chez eux que dehors...,https://www.youtube.com/watch?v=lt1uxKYK5c0,0.054156,0.005419,0.002015,0.501365,3.349522,648.684786,2024-02-13 16:00:39,870,0.0074,4131.0000,0.0103,561725,4131,0,1669,5800,3258005000
Ces enfants se battent chaque jour pour tolérer la douleur,https://www.youtube.com/watch?v=l9yVUT48G-o,0.079829,0.006284,0.001081,0.500141,9.267624,1795.876252,2025-03-16 16:00:50,3540,0.0099,8352.0000,0.0103,842166,8352,0,339,8691,7319264706
La plus grande affaire criminelle de France : le cas Le Grêlé,https://www.youtube.com/watch?v=sU_Al0LQl0c,0.034802,0.005541,0.002936,0.501040,1.569859,304.368537,2023-05-31 15:00:43,1440,0.0079,2689.0000,0.0103,342106,2689,0,839,3528,1206949968
Chine : ces enfants n'ont aucun droit dans leur pays,https://www.youtube.com/watch?v=njpeAUgBTmE,0.064867,0.006153,0.001379,0.500379,8.393063,1627.685623,2025-05-09 15:01:30,2499,0.0094,6347.0000,0.0103,675466,6347,0,618,6965,4704620690
Internat : ces enfants grandissent séparés de leurs parents,https://www.youtube.com/watch?v=h1oIpOOaWBY,0.016212,0.006145,0.005862,0.499980,1.332468,258.659369,2025-02-21 16:00:54,4371,0.0095,1210.0000,0.0103,127246,1210,0,100,1310,166692260
Juges aux affaires familiales : ils décident de la vie de vos enfants,https://www.youtube.com/watch?v=mmUHXpiuorg,0.011590,0.006541,0.009485,0.499967,3.110734,603.740415,2026-02-20 16:01:14,4359,0.0089,688.0000,0.0103,77245,688,0,107,795,61409775
Ces jeunes Alzheimer mettent une heure pour s'habiller,https://www.youtube.com/watch?v=R1O1sdla-O8,0.064377,0.005841,0.001470,0.500665,4.035850,784.230420,2024-02-22 16:00:30,1985,0.0088,5908.0000,0.0103,672042,5908,0,1008,6916,4647842472
Adoptions illégales : ces enfants éthiopiens qui pensaient être orphelins,https://www.youtube.com/watch?v=Lc-7TWLq8Qg,0.016623,0.005780,0.006047,0.500380,0.700010,136.167545,2023-10-12 15:00:27,1448,0.0087,1167.0000,0.0103,134804,1167,0,218,1385,186703540
Impôts : ces contribuables n’ont plus les moyens de payer,https://www.youtube.com/watch?v=ca09PkrB_4c,0.026503,0.005444,0.004213,0.501325,3.166934,616.378020,2025-05-16 15:30:17,3725,0.0071,1775.0000,0.0103,251461,1775,0,808,2583,649523763
Corée du Nord : la face cachée de la dictature,https://www.youtube.com/watch?v=74Zu6L2EPhI,0.015803,0.009444,0.006133,0.500047,22.654068,4409.324907,2026-05-31 15:00:38,3503,0.0093,1148.0000,0.0103,123400,1148,0,119,1267,156347800
"Dance Moms : ""Je perds du temps si elle rate !""",https://www.youtube.com/watch?v=V90pjNvVkGA,0.070636,0.006097,0.001237,0.500201,4.206141,820.840743,2024-01-09 16:00:31,1410,0.0097,7177.0000,0.0102,739532,7177,0,401,7578,5604173496
"Vols, agressions : le quotidien difficile de la brigade nocturne d'Amiens",https://www.youtube.com/watch?v=wfD2UsgLW9E,0.011861,0.005822,0.009214,0.500005,0.438520,85.606321,2023-11-28 16:00:46,1223,0.0088,712.0000,0.0102,80722,712,0,114,826,66676372
Salles de sport : les Français en sont accros !,https://www.youtube.com/watch?v=5GKeto2R1eo,0.008971,0.006107,0.013966,0.499290,0.613423,120.156249,2025-06-05 15:00:09,2472,0.0093,434.0000,0.0102,46619,434,0,41,475,22144025
Aubervilliers : ces étrangers vivent illégalement dans des logements insalubres,https://www.youtube.com/watch?v=QMo53LWkFc4,0.023720,0.005456,0.004423,0.500947,1.058109,207.801774,2023-08-13 15:00:31,974,0.0077,1678.0000,0.0102,218189,1678,0,543,2221,484597769
Elles n'ont pas d'autres moyens pour sortir de la misère,https://www.youtube.com/watch?v=1Fw4Nzr_YdU,0.146285,0.005081,0.000910,0.501876,10.620628,2087.197952,2024-05-21 15:00:01,1440,0.0063,10140.0000,0.0102,1602940,10140,0,6172,16312,26147157280
Le quotidien des Français au bord de la précarité,https://www.youtube.com/watch?v=oBfOhJKT8lk,0.027933,0.006269,0.003394,0.500526,8.189927,1609.773200,2026-01-16 16:01:13,6001,0.0087,2277.0000,0.0102,262303,2277,0,391,2668,699824404
Singapour : Ils sacrifient leur enfance pour l'école !,https://www.youtube.com/watch?v=4lNU1xtQrZ4,0.068163,0.006067,0.001298,0.500234,5.698546,1121.971839,2024-10-01 15:00:05,1421,0.0095,6798.0000,0.0102,712437,6798,0,438,7236,5155194132
Arnaque bancaire : ils se battent pour récupérer leur argent,https://www.youtube.com/watch?v=LoUhXN266uw,0.035189,0.006053,0.002863,0.500903,10.732286,2112.799472,2026-01-15 16:00:30,2800,0.0080,2767.0000,0.0102,346382,2767,0,751,3518,1218571876
Ramadan : ils dépensent jusqu’à 2000€ en un mois,https://www.youtube.com/watch?v=ctVyuNXA6ps,0.073084,0.005987,0.001517,0.501306,29.123131,5745.341700,2026-02-13 16:00:55,2715,0.0073,5698.0000,0.0101,775301,5698,0,2161,7859,6093090559
"Rixes, vols, agressions : les habitants de l’Oise à bout",https://www.youtube.com/watch?v=E2j5Encezwo,0.007735,0.007626,0.018654,0.498753,2.965008,584.446010,2026-05-03 15:00:20,3099,0.0094,306.0000,0.0101,32721,306,0,25,331,10830651
Le quotidien des gendarmes aux Antilles,https://www.youtube.com/watch?v=hi5UHsfxYzM,0.027912,0.005692,0.003423,0.500540,1.063342,210.184569,2023-01-26 17:15:01,3264,0.0086,2255.0000,0.0101,262498,2255,0,400,2655,696932190
"Piégés par des escrocs, ces victimes ont tout perdu",https://www.youtube.com/watch?v=VypPxir1po0,0.010742,0.006569,0.010558,0.499785,3.001453,593.052325,2026-03-05 16:00:51,2745,0.0089,606.0000,0.0101,68168,606,0,83,689,46967752
Maison squattée : ce propriétaire doit payer 1000€ pour les faire partir !,https://www.youtube.com/watch?v=_oH_0nE4DGs,0.061797,0.005081,0.001965,0.501652,3.315516,658.377165,2023-10-13 15:00:24,1481,0.0065,4252.0000,0.0101,651126,4252,0,2305,6557,4269433182
Elles travaillent 10h par jour pendant que d'autres profitent de l'été,https://www.youtube.com/watch?v=JDSxaTOi4JE,0.013768,0.005987,0.007224,0.499786,0.713695,141.796796,2024-07-19 15:00:16,1083,0.0094,948.0000,0.0101,100532,948,0,63,1011,101637852
Tensions entre voisins : le bruit leur gâche la vie,https://www.youtube.com/watch?v=AAJYH4sxgeo,0.027760,0.005265,0.003999,0.501200,1.801384,359.610636,2024-06-18 15:00:11,1537,0.0071,1885.0000,0.0100,266107,1885,0,780,2665,709175155
Ils sont exploités pour servir ces milliardaires,https://www.youtube.com/watch?v=z3rpNo-Soyg,0.007146,0.005856,0.022158,0.498548,0.258329,51.438864,2025-01-02 16:00:52,3440,0.0089,248.0000,0.0100,27877,248,0,31,279,7777683
Iran : le divorce à l'avantage des femmes ?,https://www.youtube.com/watch?v=qJXbXZHO4nI,0.016024,0.005419,0.006758,0.500614,0.567248,113.481528,2023-04-25 15:00:38,1177,0.0078,1025.0000,0.0100,131637,1025,0,290,1315,173102655
Vivre sans mémoire immédiate : un combat au quotidien,https://www.youtube.com/watch?v=JBf-kNT61x4,0.025141,0.006011,0.003567,0.500065,2.246806,449.687458,2025-02-04 16:00:28,2879,0.0094,2150.0000,0.0100,228866,2150,0,136,2286,523187676
Dans le bureau des juges les plus puissants de France,https://www.youtube.com/watch?v=v4oQm-3XFtc,0.017775,0.006164,0.005780,0.500477,5.344993,1071.949747,2026-02-08 16:01:14,3439,0.0082,1230.0000,0.0100,150013,1230,0,265,1495,224269435
Ces détenus très dangereux sont considérés comme des patients,https://www.youtube.com/watch?v=LPGEmIlMu-E,0.038374,0.005688,0.002485,0.500550,2.680391,538.699199,2024-07-21 15:00:17,1157,0.0085,3253.0000,0.0099,380853,3253,0,536,3789,1443052017
Internat : les enfants placés dès 6 ans !,https://www.youtube.com/watch?v=k4IZZAIqqk8,0.026329,0.005607,0.003673,0.500497,1.009137,202.877045,2023-03-06 16:00:21,1731,0.0085,2079.0000,0.0099,245470,2079,0,362,2441,599192270
Ils vivent un combat quotidien contre leur poids,https://www.youtube.com/watch?v=5vBrdOrKGkk,0.016528,0.006028,0.006119,0.500270,3.258157,655.006052,2025-12-04 16:00:22,4003,0.0085,1151.0000,0.0099,134895,1151,0,190,1341,180894195
Chine : la démesure des influenceurs vendeurs,https://www.youtube.com/watch?v=wYdaU426VYk,0.048266,0.006040,0.001806,0.500075,4.549164,915.408311,2025-01-10 16:00:58,1720,0.0096,4679.0000,0.0099,488777,4679,0,178,4857,2373989889
Mères addicts et bébés accros à la naissance...,https://www.youtube.com/watch?v=nGfOShNX-hE,0.060362,0.005593,0.001617,0.500654,2.695628,543.071254,2023-04-27 15:00:36,1245,0.0084,5301.0000,0.0099,628869,5301,0,941,6242,3925400298
Les Japonais ne font plus L'AMOUR et c'est un PROBLÈME...,https://www.youtube.com/watch?v=KBqPIcQV3hk,0.304487,0.005562,0.000363,0.500749,14.378399,2906.677146,2023-04-23 10:00:12,1226,0.0084,28241.0000,0.0099,3378125,28241,0,5179,33420,112896937500
Ces stars de la télé-réalité vivent un enfer après des opérations ratées !,https://www.youtube.com/watch?v=hYOENvgzX8E,0.029697,0.005191,0.003731,0.501155,1.419342,287.057743,2023-09-28 15:00:37,809,0.0071,2042.0000,0.0099,288202,2042,0,807,2849,821087498
USA : l’enfer derrière la vie des Sugar Babies,https://www.youtube.com/watch?v=y1bU-EaO0lk,0.099902,0.005474,0.001059,0.500910,6.762844,1368.794334,2024-05-03 15:01:02,1242,0.0079,8546.0000,0.0099,1075853,8546,0,2084,10630,11436317390
Lagos : quand les multimillionnaires tombent dans la démesure,https://www.youtube.com/watch?v=vzuAfLGhuuM,0.104702,0.005828,0.000893,0.500293,5.885116,1191.394883,2023-11-26 18:29:19,1478,0.0092,10352.0000,0.0099,1125679,10352,0,768,11120,12517550480
Rentrée scolaire : la galère des familles précaires,https://www.youtube.com/watch?v=UTwlRFlCFow,0.013463,0.006003,0.007601,0.499861,1.612286,326.190071,2025-08-29 15:00:57,5365,0.0090,893.0000,0.0099,98831,893,0,83,976,96459056
Lagos : survivre dans la ville la plus dangereuse d’Afrique,https://www.youtube.com/watch?v=6OcJbWLPcUM,0.007387,0.006085,0.020364,0.498615,0.634601,128.197812,2025-11-02 16:00:12,2905,0.0090,275.0000,0.0099,30504,275,0,26,301,9181704
USA : ils sont salariés mais dorment dans la rue,https://www.youtube.com/watch?v=6Ybckm-gfBc,0.075013,0.005412,0.001412,0.500969,4.932873,1000.328549,2024-04-23 15:00:09,2017,0.0078,6180.0000,0.0099,796248,6180,0,1672,7852,6252139296
"À Paris, le dur quotidien dans la rue",https://www.youtube.com/watch?v=PA1l1OHRJhg,0.087734,0.005546,0.001173,0.500802,7.050452,1430.348432,2024-09-10 15:00:23,3106,0.0081,7620.0000,0.0099,938289,7620,0,1629,9249,8678234961
Au cœur d’un procès d’assises,https://www.youtube.com/watch?v=Wlo9FPBFZ60,0.035712,0.006198,0.002628,0.500411,10.871730,2205.312745,2026-01-20 16:00:49,3349,0.0087,3052.0000,0.0099,350522,3052,0,403,3455,1211053510
Conflits de voisinage : l’enfer au quotidien,https://www.youtube.com/watch?v=c4X-x_-b52Y,0.035645,0.005379,0.003147,0.501229,5.815888,1181.553958,2025-08-31 15:01:05,3493,0.0070,2483.0000,0.0098,355631,2483,0,1017,3500,1244708500
Au cœur de l’organisation Daesh,https://www.youtube.com/watch?v=8jrKYMdGxV4,0.010615,0.005943,0.010632,0.499609,1.032857,209.955906,2025-08-12 15:00:30,1788,0.0089,601.0000,0.0098,67183,601,0,59,660,44340780
Bangladesh : ils fabriquent nos vêtements dans des conditions inhumaines,https://www.youtube.com/watch?v=KXm9ifZ1W4I,0.006274,0.006141,0.030647,0.497509,0.525588,106.722660,2026-01-02 16:00:26,3049,0.0088,166.0000,0.0098,18884,166,0,19,185,3493540
"Travail à la chaîne, cadences infernales : l’envers du décor du discount",https://www.youtube.com/watch?v=zTP1jg3dkpI,0.011019,0.005720,0.010456,0.499941,1.096725,223.849806,2025-08-01 15:01:49,6126,0.0083,613.0000,0.0098,74091,613,0,112,725,53715975
Cette famille bourgeoise va aux Restos du Cœur faute de pension,https://www.youtube.com/watch?v=kT9xCTjGWOU,0.028468,0.005243,0.003822,0.501015,1.806638,369.353282,2024-06-16 15:00:42,1206,0.0072,1986.0000,0.0098,274055,1986,0,694,2680,734467400
"Rats, fuites d'eau, squats... Ces habitants vivent un calvaire !",https://www.youtube.com/watch?v=v1OermRe5V0,0.018774,0.005146,0.006029,0.500908,0.823481,168.958521,2023-10-22 15:00:43,1342,0.0071,1171.0000,0.0097,165577,1171,0,442,1613,267075701
SDF : leur lutte quotidienne pour survivre,https://www.youtube.com/watch?v=vG15sDsbpyI,0.024477,0.005514,0.004113,0.500567,1.915984,393.196078,2024-11-29 16:01:02,5260,0.0081,1825.0000,0.0097,226459,1825,0,381,2206,499568554
Hong Kong : ils survivent dans des boîtes de 2m²,https://www.youtube.com/watch?v=5ZdsD2Dbk_o,0.035625,0.005788,0.002794,0.500634,7.697859,1585.894075,2025-11-18 16:00:07,2708,0.0081,2846.0000,0.0097,351981,2846,0,570,3416,1202367096
Ces mamans apprennent à aimer leur enfant,https://www.youtube.com/watch?v=-o7C9lba2D0,0.047257,0.005577,0.002069,0.500559,4.147830,856.639763,2024-12-12 16:00:00,2682,0.0083,4010.0000,0.0097,482241,4010,0,659,4669,2251583229
USA : les travailleurs précaires de la ruée vers le pétrole,https://www.youtube.com/watch?v=tfnxIylK9OA,0.012577,0.005649,0.008482,0.499866,0.639226,131.988113,2024-08-11 15:00:49,1660,0.0087,785.0000,0.0097,90542,785,0,91,876,79314792
"À Monaco, la justice ne laisse rien passer",https://www.youtube.com/watch?v=qsiq4VnmAF8,0.027041,0.006269,0.003789,0.500670,12.650078,2616.585419,2026-03-22 16:01:14,3006,0.0078,2006.0000,0.0097,256279,2006,0,471,2477,634803083
Ils sont obligés de vivre en colocation pour se loger,https://www.youtube.com/watch?v=5_y_76AvHT4,0.014495,0.005545,0.007289,0.500168,0.925887,191.513592,2024-11-12 16:00:05,1738,0.0083,938.0000,0.0097,113557,938,0,159,1097,124572029
"Face à l’obésité, leur vie est en danger chaque jour",https://www.youtube.com/watch?v=8K2n_JuN1t4,0.021931,0.005637,0.004713,0.500575,3.771858,782.530522,2025-10-17 15:00:28,5591,0.0078,1559.0000,0.0096,198752,1559,0,356,1915,380610080
USA : Ces familles sont obligées de vivre dans des motels,https://www.youtube.com/watch?v=LZQTSX9u39I,0.013160,0.005784,0.007803,0.499731,0.873676,181.188753,2025-01-14 16:00:28,1592,0.0090,866.0000,0.0096,96020,866,0,59,925,88818500
Leur combat quotidien pour maigrir,https://www.youtube.com/watch?v=FtHBtn7IFFE,0.038596,0.005471,0.002553,0.500561,2.336312,485.221222,2024-04-25 15:00:25,2710,0.0082,3155.0000,0.0096,385259,3155,0,554,3709,1428925631
Les Français et la folie des salles de sport (Reportage),https://www.youtube.com/watch?v=cG8GKPOmUCo,0.007884,0.005447,0.017796,0.499137,0.159361,33.063620,2023-03-30 15:00:24,1116,0.0083,324.0000,0.0096,39213,324,0,53,377,14783301
La Réunion : ces enfants volés en quête de leurs parents,https://www.youtube.com/watch?v=sUkeuDJJs4E,0.015972,0.005710,0.006422,0.500161,1.959337,407.269317,2025-08-13 15:01:35,2867,0.0084,1088.0000,0.0096,129913,1088,0,161,1249,162261337
Ces futures danseuses ont un rythme de vie effréné,https://www.youtube.com/watch?v=p3LGuS5mXXk,0.053489,0.005914,0.001676,0.500071,6.615527,1376.884200,2025-05-25 15:01:23,2546,0.0093,5092.0000,0.0096,549357,5092,0,186,5278,2899506246
Alerte vacances : les gendarmes du Morbihan à la rescousse !,https://www.youtube.com/watch?v=T87TcYodMLM,0.012937,0.005671,0.007968,0.499692,0.361060,75.131047,2023-01-30 16:00:18,3079,0.0090,845.0000,0.0096,93534,845,0,53,898,83993532
Inflation : ces familles ne peuvent plus se passer du déstockage,https://www.youtube.com/watch?v=6cid7NZt4R8,0.007539,0.013933,0.019171,0.498634,13.311605,2768.562595,2026-06-16 16:00:39,3150,0.0090,296.0000,0.0096,33069,296,0,21,317,10482873
Ces poubelles à ciel ouvert qui coûtent des millions d’euros,https://www.youtube.com/watch?v=4XvHdHxSWpk,0.019365,0.004950,0.006110,0.501046,0.747099,155.876545,2023-06-07 15:00:05,1465,0.0066,1153.0000,0.0096,174112,1153,0,515,1668,290418816
Cette famille dépense 250€ de courses par semaine,https://www.youtube.com/watch?v=fqcxALf0dvg,0.129170,0.005603,0.000777,0.500436,9.726680,2031.622811,2024-08-06 15:00:47,894,0.0086,12102.0000,0.0096,1403823,12102,0,1339,13441,18868784943
Russie : dans l’enfer secret des hooligans ultra-violents,https://www.youtube.com/watch?v=Mu79lm3nHME,0.018311,0.005567,0.005662,0.500393,2.247117,469.165198,2025-07-27 15:00:39,2412,0.0080,1260.0000,0.0096,157633,1260,0,249,1509,237868197
Le dur quotidien des sans-abris entre galère et débrouille,https://www.youtube.com/watch?v=v6ew7rrHQJc,0.059827,0.005405,0.001698,0.500671,3.823598,799.281663,2024-05-07 15:00:58,1324,0.0080,5016.0000,0.0096,625027,5016,0,963,5979,3737036433
"Conflits de voisinage, saisies : le quotidien des huissières de justice",https://www.youtube.com/watch?v=GmB890wWElI,0.023467,0.005500,0.004290,0.500462,2.166218,452.693308,2025-03-09 16:00:15,3126,0.0081,1738.0000,0.0096,215457,1738,0,323,2061,444056877
Sans logement à la rentrée : ces étudiants n'ont plus de solution,https://www.youtube.com/watch?v=kEcrPFQltGY,0.011496,0.005658,0.009749,0.499846,1.104394,231.169062,2025-07-18 15:01:24,3665,0.0084,666.0000,0.0095,79750,666,0,95,761,60689750
Mont Huashan : la randonnée la plus dangereuse de la planète,https://www.youtube.com/watch?v=RADFD-EsWI8,0.009103,0.005526,0.013652,0.499370,0.250003,52.355142,2023-10-06 15:00:31,851,0.0086,446.0000,0.0095,52145,446,0,51,497,25916065
Ils sont surendettés et traqués : plongée dans l'enfer des dettes,https://www.youtube.com/watch?v=uPJ-I1hK798,0.037478,0.005301,0.002889,0.500936,4.626788,971.529952,2025-06-06 15:01:34,4296,0.0073,2739.0000,0.0095,375968,2739,0,841,3580,1345965440
"Elle est obligée de l'appeler toutes les heures, sinon elle vrille",https://www.youtube.com/watch?v=Zs316jTjRd8,0.017975,0.005116,0.006231,0.500695,0.901153,190.321063,2024-03-26 16:00:33,649,0.0072,1127.0000,0.0095,156814,1127,0,357,1484,232711976
"Pénurie de logements : Elle est en coloc avec Andrée, 79 ans !",https://www.youtube.com/watch?v=YOhwS1Q8stw,0.013431,0.005281,0.008446,0.500320,0.863085,182.220060,2024-12-02 16:00:27,1928,0.0076,789.0000,0.0095,104402,789,0,199,988,103149176
"Divorces, gardes d’enfants : Ces juges décident du destin des familles",https://www.youtube.com/watch?v=fyF4cw5UT68,0.022709,0.005480,0.004407,0.500361,1.950415,412.187081,2025-02-11 16:00:44,2849,0.0081,1685.0000,0.0095,206895,1685,0,272,1957,404893515
La réalité des mineurs faces aux juges pour enfants,https://www.youtube.com/watch?v=RhAjubBfRsk,0.042813,0.005006,0.002640,0.501072,2.019635,428.855724,2023-09-12 15:00:17,1511,0.0069,3037.0000,0.0094,437427,3037,0,1082,4119,1801761813
Le quotidien infernal du métro parisien,https://www.youtube.com/watch?v=mJ2oqYzBHPc,0.034490,0.005315,0.002986,0.500642,2.851706,606.997804,2024-12-13 16:00:47,2190,0.0077,2637.0000,0.0094,341099,2637,0,567,3204,1092881196
"À Las Vegas, 1500 sans-abris survivent dans les tunnels",https://www.youtube.com/watch?v=TeaoSCkBM0o,0.032404,0.005539,0.002955,0.500270,2.709066,577.232606,2024-12-29 16:00:31,1374,0.0085,2669.0000,0.0094,315137,2669,0,288,2957,931860109
Chine : ces élèves sont formés dans la plus grande école de moines Shaolin au Monde !,https://www.youtube.com/watch?v=6uRztvrEhGg,0.047902,0.005504,0.001969,0.500235,2.017174,430.066658,2023-05-18 15:00:04,1146,0.0087,4241.0000,0.0094,488980,4241,0,345,4586,2242462280
"""J'ai toujours mon pistolet avec moi"" : être juge au Texas, c'est pas pareil qu'en France",https://www.youtube.com/watch?v=iJWOJ4K7Rj4,0.082303,0.005074,0.001372,0.500983,3.625592,773.647597,2023-05-16 15:00:26,1374,0.0072,6387.0000,0.0094,881174,6387,0,1871,8258,7276734892
"Contrefaçons, armes, permis : les dessous des trafiquants",https://www.youtube.com/watch?v=hgAcIEpCpLk,0.037725,0.005652,0.002441,0.500090,3.098535,661.466773,2024-12-10 16:00:38,1201,0.0089,3320.0000,0.0094,373692,3320,0,180,3500,1307922000
Elle cumule 1 an de produits alimentaires chez elle,https://www.youtube.com/watch?v=tDbXFQCv2GU,0.019556,0.005380,0.005165,0.500232,0.982269,209.960772,2024-04-02 15:00:55,770,0.0082,1402.0000,0.0094,171535,1402,0,202,1604,275142140
La face cachée de la vie des saisonniers,https://www.youtube.com/watch?v=Twg6At-5Jm0,0.010665,0.005387,0.010845,0.499697,0.382783,81.890261,2024-02-09 16:00:17,993,0.0082,587.0000,0.0093,71240,587,0,78,665,47374600
Ces familles qui jouent au loto de la dernière chance,https://www.youtube.com/watch?v=Fs5sNytzNTE,0.017350,0.005012,0.006556,0.500659,0.720236,154.592513,2023-10-28 15:00:19,1404,0.0071,1062.0000,0.0093,150571,1062,0,340,1402,211100542
La Diagonale des Fous : la course extrême de La Réunion,https://www.youtube.com/watch?v=cO2pJqYuzCk,0.029572,0.005531,0.003133,0.500030,1.118838,240.329034,2023-04-11 15:00:22,1094,0.0088,2496.0000,0.0093,282143,2496,0,130,2626,740907518
"Infidélité, double vie : elles sont leur seule solution",https://www.youtube.com/watch?v=fVbZ7rfHJ98,0.011423,0.005580,0.009473,0.499494,0.474452,101.882580,2024-05-26 15:00:35,1322,0.0089,689.0000,0.0093,77735,689,0,34,723,56202405
Guerre entre voisins : ils vivent l'enfer au quotidien,https://www.youtube.com/watch?v=Z8vOQT1VHQs,0.021048,0.005228,0.005384,0.500796,3.274894,705.941161,2025-09-28 15:00:57,3428,0.0069,1336.0000,0.0093,192712,1336,0,451,1787,344376344
"À Bobigny, les avocats commis d'office sont surchargés",https://www.youtube.com/watch?v=ZFpmeiV6VZc,0.020895,0.004870,0.005597,0.500914,0.843139,181.943588,2023-08-08 15:00:21,1911,0.0067,1277.0000,0.0093,191948,1277,0,501,1778,341283544
Crise : ces Français qui ont choisi de tout recommencer,https://www.youtube.com/watch?v=1QNsLehGuTY,0.009877,0.006469,0.011949,0.499443,3.293612,709.902769,2026-04-02 15:00:02,2961,0.0085,523.0000,0.0093,61752,523,0,49,572,35322144
"Apprendre, s’intégrer, exister : le combat des élèves sourds",https://www.youtube.com/watch?v=SfgnGlMp278,0.019923,0.005615,0.004812,0.499928,1.700621,366.971175,2025-03-11 16:00:29,2287,0.0088,1522.0000,0.0093,173924,1522,0,89,1611,280191564
"Chine : sans argent, ils vivent dans une CAVE !",https://www.youtube.com/watch?v=qHKX8ikFeRk,0.036920,0.005386,0.002628,0.500302,1.924724,415.877643,2024-01-28 16:00:36,1051,0.0083,3052.0000,0.0093,366781,3052,0,342,3394,1244854714
"Débordements, violences... La guerre fait rage entre Taxis et VTC",https://www.youtube.com/watch?v=uSrHlzQJKtM,0.018191,0.004774,0.006741,0.500980,0.769950,166.308106,2023-10-24 15:00:50,892,0.0063,1028.0000,0.0093,162647,1028,0,477,1505,244783735
Cette école privée parisienne classe les enfants dès 5 ans,https://www.youtube.com/watch?v=Y6-2rj11JAA,0.063036,0.004974,0.001861,0.501114,5.145126,1113.957836,2024-11-07 16:00:33,2673,0.0068,4521.0000,0.0092,666085,4521,0,1631,6152,4097754920
Précarité extrême : ils sont obligés de se loger au camping,https://www.youtube.com/watch?v=4jgXDjL1LPI,0.038498,0.005467,0.002684,0.500591,6.940615,1504.932280,2025-10-14 15:30:03,3087,0.0077,2979.0000,0.0092,386716,2979,0,587,3566,1379029256
Alsace : le ras-le-bol des habitants face aux cambriolages,https://www.youtube.com/watch?v=UF3dizuOg58,0.011321,0.005290,0.010528,0.500056,1.096254,237.793919,2025-07-20 15:00:45,2926,0.0075,608.0000,0.0092,81560,608,0,143,751,61251560
Centre de rétention : l’enfer des clandestins avant l’expulsion,https://www.youtube.com/watch?v=eyCHn-W-OtA,0.054127,0.004774,0.002371,0.501431,5.333258,1160.111129,2025-02-23 16:00:41,2382,0.0060,3433.0000,0.0092,568390,3433,0,1792,5225,2969837750
Survivre grâce à la vente à domicile : le combat de ces Français,https://www.youtube.com/watch?v=ImdyApz4FPM,0.008501,0.005439,0.015331,0.499211,0.486622,105.661701,2025-04-06 15:00:20,3195,0.0082,388.0000,0.0092,47335,388,0,47,435,20590725
Ces Français en difficultés qui négocient avec les impôts,https://www.youtube.com/watch?v=53tBRI0SoUE,0.014370,0.004597,0.009280,0.500980,0.546485,118.880234,2023-09-10 15:00:03,918,0.0058,706.0000,0.0092,121494,706,0,410,1116,135587304
Cette mamie a arnaqué dans toute la France !,https://www.youtube.com/watch?v=HnvW3Q_VJuk,0.135308,0.005010,0.000871,0.500934,6.864329,1498.161389,2023-10-15 15:00:11,913,0.0072,10647.0000,0.0092,1478665,10647,0,2902,13549,20034432085
"Tapage, insultes et menaces : la guerre des voisins est déclarée",https://www.youtube.com/watch?v=M2ydwuwpaLY,0.039274,0.005045,0.002898,0.500972,4.420244,964.879532,2025-05-11 15:00:27,3634,0.0068,2729.0000,0.0092,398482,2729,0,921,3650,1454459300
Un an pour changer : le combat des adolescents contre l'obésité,https://www.youtube.com/watch?v=MHIbNOZzEyA,0.135140,0.005413,0.000765,0.500359,10.822067,2364.244366,2024-10-13 15:00:19,2882,0.0084,12306.0000,0.0092,1472892,12306,0,1177,13483,19859002836
L'énigmatique meurtre de la milliardaire monégasque Hélène Pastor,https://www.youtube.com/watch?v=cR6ZgYPBE0M,0.005752,0.005343,0.036551,0.496647,0.063204,13.736093,2023-04-30 15:00:22,1001,0.0084,133.0000,0.0091,15865,133,0,12,145,2300425
"Fausses factures, fausse vie : l’incroyable arnaque à 100 millions chez Kiabi",https://www.youtube.com/watch?v=-y277Ei6DuU,0.017738,0.006386,0.006056,0.500343,9.611360,2103.606798,2026-04-16 15:00:03,2068,0.0076,1165.0000,0.0091,153535,1165,0,237,1402,215256070
Hong Kong : Ils vivent dans des cagibis insalubres,https://www.youtube.com/watch?v=VImKUO0YhVc,0.076006,0.005882,0.001366,0.500518,28.179903,6174.399949,2026-02-17 16:00:46,2708,0.0079,6415.0000,0.0091,808503,6415,0,964,7379,5965943637
Explosion de trafics illégaux dans un pays en crise économique,https://www.youtube.com/watch?v=t5_g33sS3wg,0.031146,0.004839,0.003696,0.500958,1.284618,281.877106,2023-07-03 15:00:43,1406,0.0067,2064.0000,0.0091,307524,2064,0,738,2802,861682248
Maisons poubelles : Ils survivent au milieu de leurs déchets,https://www.youtube.com/watch?v=t0nHlbboqj0,0.070283,0.005251,0.001479,0.500522,5.315659,1168.478004,2024-09-29 15:01:00,2314,0.0079,5867.0000,0.0091,744304,5867,0,904,6771,5039682384
Stress permanent : la face cachée de Miss France,https://www.youtube.com/watch?v=ki86l797tFY,0.014075,0.005834,0.007230,0.499657,2.410416,529.549858,2025-12-05 16:01:30,4549,0.0087,947.0000,0.0091,108528,947,0,40,987,107117136
Le trompe la mort : cet homme risque sa vie au quotidien !,https://www.youtube.com/watch?v=1RidixIfYMg,0.005693,0.005362,0.037906,0.496395,0.060460,13.205805,2023-05-22 15:00:01,792,0.0085,127.0000,0.0091,14962,127,0,9,136,2034832
Viager : ces acheteurs patientent jusqu’à la mort du vendeur,https://www.youtube.com/watch?v=JkJNtlrKcCg,0.015055,0.005030,0.007734,0.500472,1.275824,281.647654,2025-04-08 15:00:23,3332,0.0070,875.0000,0.0091,125611,875,0,262,1137,142819707
Congo : Ils s'enrichissent aux dépens de la population,https://www.youtube.com/watch?v=ny3EXpa5RU8,0.095014,0.004899,0.001260,0.501023,6.283317,1390.846094,2024-06-20 15:00:47,1455,0.0068,7026.0000,0.0090,1026425,7026,0,2247,9273,9518039025
Les résidences secondaires mettent les gens à la rue dans le Morbihan,https://www.youtube.com/watch?v=YOOBb2ZKd1k,0.043021,0.004548,0.003047,0.501421,2.013067,445.858739,2023-10-05 15:00:35,1231,0.0058,2577.0000,0.0090,444515,2577,0,1436,4013,1783838695
Adolescents délinquants : la justice des mineurs à bout de souffle,https://www.youtube.com/watch?v=6YFd8U_ez1w,0.024076,0.005260,0.004351,0.500423,2.777425,615.088316,2025-06-27 15:00:10,3990,0.0076,1710.0000,0.0090,225114,1710,0,322,2032,457431648
"USA : après la prison, ces prédateurs sont condamnés à l’exil",https://www.youtube.com/watch?v=6PosuTizPX0,0.036280,0.006165,0.003044,0.500777,21.923952,4857.955777,2026-04-14 15:00:09,2157,0.0071,2580.0000,0.0090,364281,2580,0,707,3287,1197391647
Les huissiers face aux personnes endettées jusqu'au cou,https://www.youtube.com/watch?v=EIaqtYKYfGk,0.043702,0.004639,0.002859,0.501243,1.992659,443.119859,2023-09-14 15:00:14,1250,0.0061,2772.0000,0.0090,451090,2772,0,1284,4056,1829621040
Chasseurs de promos : elles sont addicts aux bonnes affaires,https://www.youtube.com/watch?v=99kHq1KHneQ,0.018797,0.005264,0.005552,0.500200,1.671222,371.718575,2025-04-10 15:00:14,1741,0.0078,1289.0000,0.0090,165038,1289,0,194,1483,244751354
"Se faire retirer 2/3 de l'estomac, la seule solution à l'obésité ?",https://www.youtube.com/watch?v=rP94n_KH4ds,0.032124,0.004839,0.003522,0.500821,1.379129,307.951909,2023-08-29 15:00:40,1298,0.0069,2182.0000,0.0090,318418,2182,0,669,2851,907809718
Japon : leur passion les met en danger,https://www.youtube.com/watch?v=5Qy6XR4Jtkg,0.061388,0.005341,0.001615,0.500251,5.221938,1167.494308,2024-12-24 16:00:04,1332,0.0083,5309.0000,0.0089,643225,5309,0,444,5753,3700473425
Les gendarmes de Saint-Tropez face à la délinquance,https://www.youtube.com/watch?v=RxgxsXnHk-c,0.007542,0.005368,0.018555,0.498509,0.129485,28.884036,2023-02-16 16:00:16,1176,0.0087,308.0000,0.0089,35468,308,0,9,317,11243356
Cumuler plusieurs jobs pour survivre : l’enfer de la précarité en France,https://www.youtube.com/watch?v=A8G7mDgQatc,0.028147,0.005204,0.003729,0.500459,3.217622,719.914457,2025-06-16 15:00:11,2083,0.0075,2043.0000,0.0089,271398,2043,0,382,2425,658140150
Ces roms visent les couples stériles pour leur vendre un enfant...,https://www.youtube.com/watch?v=DdJ5dqg5Mm4,0.010305,0.004871,0.012367,0.500012,0.373441,83.475962,2024-02-10 16:00:13,730,0.0069,502.0000,0.0089,72536,502,0,146,648,47003328
Crise du logement : ces familles contraintes de vivre au camping,https://www.youtube.com/watch?v=40_2LbbrPeY,0.008233,0.005699,0.016164,0.499111,1.311362,293.648798,2026-01-23 16:00:11,3087,0.0079,364.0000,0.0089,45793,364,0,44,408,18683544
Reportage ► Rodéos urbains,https://www.youtube.com/watch?v=wbPRfvqyEGc,0.132041,0.005127,0.000817,0.500425,4.933230,1110.310635,2022-12-09 16:37:16,1424,0.0079,11444.0000,0.0089,1439983,11444,0,1351,12795,18424582485
Mineurs en prison : l'enfer derrière les barreaux,https://www.youtube.com/watch?v=ZRcP_lA0BbM,0.182282,0.005262,0.000597,0.500358,14.698541,3309.187684,2024-10-30 16:00:38,2378,0.0081,16254.0000,0.0089,2005184,16254,0,1558,17812,35716337408
Vincennes : Ils vivent dans la précarité aux portes de Paris,https://www.youtube.com/watch?v=lnUabYhDBA4,0.128390,0.004916,0.000918,0.500794,7.199650,1628.022261,2024-02-18 16:00:26,1390,0.0072,10031.0000,0.0088,1401637,10031,0,2365,12396,17374692252
Pointe-à-Pitre : la ville la plus dangereuse de France ?,https://www.youtube.com/watch?v=8C9-1-YKO50,0.017865,0.005326,0.005986,0.500204,2.732290,617.561111,2025-10-19 15:00:16,3309,0.0076,1181.0000,0.0088,155617,1181,0,195,1376,214128992
Le quotidien difficile des patients psychiatriques,https://www.youtube.com/watch?v=VQlDYSIwkoY,0.051277,0.004986,0.002101,0.500594,2.702812,611.409659,2024-02-08 16:00:19,2050,0.0074,3939.0000,0.0088,532504,3939,0,768,4707,2506496328
Roms : pourquoi ils inquiètent autant les riverains,https://www.youtube.com/watch?v=59bDjJjZjXk,0.018833,0.004546,0.006780,0.500963,0.881864,199.468128,2024-02-16 16:00:03,930,0.0059,1021.0000,0.0088,172130,1021,0,500,1521,261809730
« On compte chaque centime » : la nouvelle pauvreté en France,https://www.youtube.com/watch?v=hCtMlHkbzqE,0.029472,0.006020,0.003758,0.500652,16.104213,3649.680608,2026-04-10 15:01:30,4596,0.0070,2025.0000,0.0088,288272,2025,0,518,2543,733075696
Mariage forcé : “Un changement positif mais difficile aussi”,https://www.youtube.com/watch?v=6PBaJ4uc-ZA,0.047030,0.005079,0.002176,0.500352,1.912793,434.625766,2023-06-12 15:00:04,1035,0.0078,3785.0000,0.0088,483298,3785,0,468,4253,2055466394
Les dessous de la construction du canal de Suez du début à la fin,https://www.youtube.com/watch?v=havXdzd6opI,0.005352,0.005320,0.044658,0.495434,0.104375,23.526206,2025-01-17 16:00:53,3101,0.0083,103.0000,0.0088,12397,103,0,6,109,1351273
Rentrée scolaire : Ces familles démunies face à la hausse des prix,https://www.youtube.com/watch?v=sObiRYtI7go,0.032597,0.004903,0.003383,0.500638,2.128980,484.894799,2024-08-30 15:00:58,4876,0.0071,2285.0000,0.0088,323418,2285,0,554,2839,918183702
Cryothérapie : une pratique qui n'est pas sans risque...,https://www.youtube.com/watch?v=9vrcHLMCwsA,0.005056,0.004989,0.050434,0.494984,0.045495,10.275741,2023-05-23 15:00:09,785,0.0076,88.0000,0.0088,11632,88,0,14,102,1186464
USA : le calvaire des travailleurs pauvres,https://www.youtube.com/watch?v=sPm7Tk9lBZ4,0.029896,0.005282,0.003643,0.500556,6.446544,1471.174144,2025-12-11 16:01:35,3752,0.0072,2099.0000,0.0088,292681,2099,0,465,2564,750434084
Ils vivent dans des studettes sous les toits de Paris,https://www.youtube.com/watch?v=r8d4jlo5_9Y,0.139620,0.004875,0.000857,0.500777,8.319572,1903.547443,2024-04-16 15:00:48,1003,0.0071,10845.0000,0.0087,1528522,10845,0,2515,13360,20421053920
"Voisins en guerre, dettes, précarité : la justice sociale sous tension",https://www.youtube.com/watch?v=RyVJKQxx2_k,0.015403,0.005163,0.007128,0.500100,1.646695,376.675245,2025-07-22 15:00:47,3004,0.0075,963.0000,0.0087,128441,963,0,159,1122,144110802
Reportage Police ► La BAC de Trappes 🚨,https://www.youtube.com/watch?v=WJOnyIWmAgI,0.030871,0.004992,0.003350,0.500327,1.006941,230.460657,2022-11-25 17:03:54,890,0.0076,2311.0000,0.0087,302111,2311,0,328,2639,797270929
"USA : Ils travaillent, mais dorment dehors",https://www.youtube.com/watch?v=lQNWmmNnqUs,0.030561,0.005051,0.003400,0.500332,2.059381,472.858633,2024-10-04 15:00:57,5615,0.0076,2272.0000,0.0087,298840,2272,0,330,2602,777581680
Chirurgie esthétique en Roumanie : ils viennent de toute l'Europe pour refaire leur corps,https://www.youtube.com/watch?v=z96BP34VBkE,0.021305,0.004859,0.005165,0.500421,0.892424,204.985787,2023-11-14 16:00:45,1087,0.0071,1402.0000,0.0087,196160,1402,0,305,1707,334845120
Elle finit aux Restos du Cœur après avoir travaillé toute sa vie,https://www.youtube.com/watch?v=hrytvQfznVE,0.058146,0.004574,0.002139,0.501053,2.444373,564.881166,2023-07-07 15:00:38,1372,0.0063,3861.0000,0.0087,614018,3861,0,1452,5313,3262277634
Ils vivent dans des micro-logements interdits,https://www.youtube.com/watch?v=ksewJKm9wPA,0.074840,0.004771,0.001564,0.500781,4.065637,942.399650,2024-03-01 16:00:36,737,0.0069,5507.0000,0.0086,800045,5507,0,1395,6902,5521910590
"Mendicité, expulsions et bidonvilles : le quotidien des Roms en France",https://www.youtube.com/watch?v=Kve5ZSDNLWg,0.035306,0.004600,0.003667,0.501152,4.316694,1004.481499,2025-07-06 15:00:36,3258,0.0058,2083.0000,0.0086,358586,2083,0,998,3081,1104803466
Exode rural : quand de nouvelles familles redonnent vie à un village,https://www.youtube.com/watch?v=SAxgic-prus,0.025837,0.005287,0.003943,0.500118,3.909422,911.778428,2025-10-02 15:30:16,2427,0.0078,1916.0000,0.0086,245237,1916,0,186,2102,515488174
Porte de la Chapelle : la face sombre de Paris (Compilation),https://www.youtube.com/watch?v=OJpKHsYdAo4,0.058681,0.004616,0.002090,0.500956,3.468036,810.353154,2024-05-24 15:00:31,5462,0.0064,3963.0000,0.0086,619909,3963,0,1342,5305,3288617245
Port-au-Prince : la ville du kidnapping,https://www.youtube.com/watch?v=eZBGkvZUc34,0.109396,0.004914,0.001016,0.500443,4.463522,1045.013510,2023-05-19 15:00:27,1843,0.0075,8955.0000,0.0085,1187121,8955,0,1185,10140,12037406940
La dictature de Kim Jung Un : que se passe-t-il VRAIMENT en Corée du Nord ?,https://www.youtube.com/watch?v=V27clNn-Ues,0.131766,0.004785,0.000898,0.500643,5.360763,1258.038716,2023-05-10 15:00:31,1174,0.0071,10283.0000,0.0085,1440437,10283,0,1992,12275,17681364175
Venezuela : ils se battent pour manger chaque jour,https://www.youtube.com/watch?v=AJnIoSQFTO8,0.053728,0.004942,0.002112,0.500630,7.361420,1735.788919,2025-08-08 15:00:16,2574,0.0070,3917.0000,0.0085,562372,3917,0,852,4769,2681952068
Arrêts maladie : l’incroyable arnaque qui coûte des milliards à la Sécu,https://www.youtube.com/watch?v=hcM3vR9dUhE,0.078405,0.004776,0.001512,0.500727,7.296103,1730.469756,2025-02-27 16:00:49,2518,0.0068,5720.0000,0.0084,840912,5720,0,1370,7090,5962066080
Braderie : Ils se lèvent à 2h du matin pour survivre,https://www.youtube.com/watch?v=-_Ig-QoTk4g,0.010608,0.006658,0.011116,0.499512,5.825523,1385.400063,2026-05-05 15:00:01,2203,0.0076,570.0000,0.0084,74793,570,0,58,628,46970004
"Ils vivent dans des bidonvilles sur l’eau, dans une pauvreté extrême",https://www.youtube.com/watch?v=AKeif6m3CiU,0.012959,0.005988,0.008547,0.499700,4.931016,1174.977481,2026-04-03 15:00:22,3865,0.0077,778.0000,0.0084,101032,778,0,69,847,85574104
Salvador : au cœur de la guerre des gangs,https://www.youtube.com/watch?v=d6pweclHMXQ,0.052578,0.004961,0.001950,0.500104,2.813713,679.401708,2024-04-14 15:00:33,815,0.0078,4288.0000,0.0083,546909,4288,0,241,4529,2476950861
Travaux abandonnés : ils vivent un cauchemar sans fin,https://www.youtube.com/watch?v=H_wbb4TiB78,0.017420,0.005045,0.006416,0.500131,2.775782,670.782589,2025-11-11 16:00:34,3199,0.0071,1089.0000,0.0083,153572,1089,0,181,1270,195036440
J’ouvre des cercueils pour manger !,https://www.youtube.com/watch?v=ue-q9OHslU0,0.050867,0.005026,0.001931,0.499885,1.807167,438.691127,2023-03-16 16:00:37,1484,0.0082,4336.0000,0.0082,526405,4336,0,0,4336,2282492080
Mayotte : au cœur du département le plus pauvre et dangereux de France,https://www.youtube.com/watch?v=hKs6Fp0rfK8,0.035021,0.004464,0.003516,0.500808,2.158833,524.412569,2024-08-20 15:00:45,3109,0.0062,2186.0000,0.0082,355020,2186,0,736,2922,1037368440
Précarité : ils sont obligés de se nourrir avec les sous-marques,https://www.youtube.com/watch?v=jVJeltxi3Oo,0.030062,0.004912,0.004047,0.500736,7.115016,1728.732167,2026-01-06 16:01:12,3641,0.0062,1859.0000,0.0082,298974,1859,0,601,2460,735476040
"Délits, violences, trafics : au cœur du tribunal d'Epinal",https://www.youtube.com/watch?v=CvS4klorlmE,0.032155,0.004734,0.003525,0.500484,2.991023,726.968172,2025-04-13 15:00:25,3450,0.0068,2180.0000,0.0082,320583,2180,0,457,2637,845377371
Ces cowboys du bitume sont de véritables dangers,https://www.youtube.com/watch?v=SLBH3odGeLE,0.026359,0.004674,0.004236,0.500362,1.420651,345.939948,2024-06-21 15:00:25,970,0.0069,1764.0000,0.0082,254953,1764,0,329,2093,533616629
Marseille : vivre entre trafics et précarité,https://www.youtube.com/watch?v=Aw60PtGIqpE,0.040585,0.004466,0.003054,0.500828,2.771097,676.001984,2024-10-18 15:00:20,4669,0.0062,2570.0000,0.0082,417760,2570,0,854,3424,1430410240
Ils ont tout perdu à cause de leur addiction,https://www.youtube.com/watch?v=4zmoyN4nXrE,0.042200,0.004532,0.002793,0.500645,1.956712,477.625627,2023-12-31 16:00:02,866,0.0066,2847.0000,0.0082,434613,2847,0,713,3560,1547222280
Aubervilliers est devenue l'une des PIRES villes de France,https://www.youtube.com/watch?v=m7WNAYTgQ-Q,0.137784,0.004360,0.001006,0.501045,6.710045,1639.152487,2023-12-18 16:00:24,1621,0.0060,9055.0000,0.0082,1512847,9055,0,3330,12385,18736610095
Ils survivent sous le seuil de pauvreté (Compilation),https://www.youtube.com/watch?v=9uBZLGRcWhQ,0.059204,0.004633,0.001963,0.500570,3.504175,856.528207,2024-06-28 15:00:10,6407,0.0068,4255.0000,0.0082,625254,4255,0,860,5115,3198174210
Au cœur des prisons pour islamistes,https://www.youtube.com/watch?v=2Xh8lfq4mjg,0.025819,0.004271,0.005356,0.501076,2.426650,593.205096,2025-04-25 15:00:04,4204,0.0053,1344.0000,0.0082,254477,1344,0,737,2081,529566637
"Addictions, dérives et pratiques illégales : les dangers de la chirurgie esthétique",https://www.youtube.com/watch?v=7PFP2h2tslc,0.035413,0.004838,0.003088,0.500328,3.632292,888.536245,2025-05-23 15:00:11,3900,0.0071,2538.0000,0.0082,356291,2538,0,374,2912,1037519392
Troubles du sommeil : leur combat pour mener une vie normale,https://www.youtube.com/watch?v=OmtgzxIOfY8,0.080795,0.004861,0.001397,0.500398,8.745187,2140.991670,2025-05-19 15:30:12,2422,0.0072,6254.0000,0.0082,867028,6254,0,828,7082,6140292296
"Sans logement, vivre au camping est leur dernière solution",https://www.youtube.com/watch?v=fwas5uOqSyc,0.052902,0.004631,0.002205,0.500580,3.844751,943.357767,2024-11-17 16:00:37,2173,0.0067,3728.0000,0.0081,554642,3728,0,792,4520,2506981840
Chine : ces villages sont condamnés par les rejets polluants des usines,https://www.youtube.com/watch?v=xEEnfylwNuQ,0.007691,0.004931,0.017842,0.498749,0.381051,93.273382,2025-03-27 16:01:06,2517,0.0076,323.0000,0.0081,42714,323,0,25,348,14864472
"Narbonne la nuit : misère, délinquance sévère et pas assez de cellules",https://www.youtube.com/watch?v=Usb0NM9YbkY,0.022118,0.004443,0.005405,0.500518,0.790093,193.922743,2023-07-15 15:00:17,2346,0.0064,1330.0000,0.0081,209240,1330,0,374,1704,356544960
Chirurgie esthétique : elles risquent leur vie pour être à la mode,https://www.youtube.com/watch?v=vyPUGok3BV4,0.086905,0.004770,0.001382,0.500614,11.494479,2823.741032,2025-07-31 15:01:36,2579,0.0068,6332.0000,0.0081,937441,6332,0,1299,7631,7153612271
"Betclic, Unibet... Son métier : ruiner les sites de pari en ligne !",https://www.youtube.com/watch?v=HDkjNWtNwzk,0.117335,0.004720,0.000990,0.500410,6.021797,1479.911638,2024-02-15 16:00:08,631,0.0072,9217.0000,0.0081,1278562,9217,0,1187,10404,13302159048
Aubervilliers : le chaos aux portes de Paris,https://www.youtube.com/watch?v=Du1SZXO_EL0,0.027692,0.004831,0.004213,0.500514,4.739322,1165.143387,2025-11-07 16:00:17,4857,0.0065,1775.0000,0.0081,271414,1775,0,432,2207,599010698
"Au chômage, ils jouent à la loterie des CDD",https://www.youtube.com/watch?v=Ir0v7wfWce4,0.006692,0.004658,0.023232,0.498427,0.154555,37.885336,2024-01-30 16:00:21,1078,0.0070,234.0000,0.0081,33337,234,0,37,271,9034327
Ces matelots en herbe confrontés à un métier à très hauts risques,https://www.youtube.com/watch?v=TSOeq0OICTI,0.013225,0.004858,0.008374,0.499640,0.607409,149.328675,2024-07-25 15:00:32,1743,0.0076,797.0000,0.0081,104976,797,0,56,853,89544528
"Travail à la chaîne en Chine : ""je ne peux même pas m'acheter un matelas""",https://www.youtube.com/watch?v=4iJ7WsMRmHA,0.298806,0.004714,0.000417,0.500392,12.711482,3133.812409,2023-08-03 15:00:03,1543,0.0073,24206.0000,0.0081,3321799,24206,0,2741,26947,89512517653
Tribunaux sous pression : quelles affaires méritent d’être jugées ?,https://www.youtube.com/watch?v=-B69_5AtwiQ,0.011060,0.004813,0.010907,0.499647,0.898954,222.291058,2025-06-22 15:00:00,2737,0.0071,583.0000,0.0081,82467,583,0,83,666,54923022
Violences conjugales : s'il s'approche de sa femme c'est 8 mois ferme,https://www.youtube.com/watch?v=Fpe18MbAhwk,0.024101,0.004157,0.005563,0.500905,0.883372,218.939212,2023-07-22 14:00:08,1251,0.0055,1286.0000,0.0081,234709,1286,0,607,1893,444304137
Mayotte : au cœur d'une île à la dérive,https://www.youtube.com/watch?v=_95yYcAuMsQ,0.024960,0.004519,0.004742,0.500490,1.771165,440.327405,2024-12-27 16:00:32,4322,0.0064,1548.0000,0.0080,241275,1548,0,392,1940,468073500
Arnaque : il cible les femmes au chômage,https://www.youtube.com/watch?v=u2e2x3TIxOg,0.068958,0.004373,0.001848,0.500820,3.151621,783.793334,2023-11-30 16:00:39,953,0.0062,4559.0000,0.0080,737506,4559,0,1371,5930,4373410580
"Crimes, trafics, deals… Ces gangs qui détruisent la vie des habitants",https://www.youtube.com/watch?v=6n3TIILsMzs,0.204292,0.004460,0.000650,0.500714,8.191435,2039.965220,2023-06-16 15:00:04,1165,0.0065,14769.0000,0.0080,2260254,14769,0,3382,18151,41025870354
Ces mères qui jonglent entre business et famille,https://www.youtube.com/watch?v=nHZN0B2RaG4,0.008575,0.005028,0.014886,0.498958,0.713840,177.624822,2025-09-04 15:01:32,2412,0.0076,402.0000,0.0080,52752,402,0,21,423,22314096
"Face à la précarité, ces Français traquent les promos pour manger",https://www.youtube.com/watch?v=NoJxdfR498c,0.016788,0.004912,0.006937,0.500155,2.961017,738.263635,2025-12-09 16:00:38,3659,0.0067,994.0000,0.0080,148350,994,0,195,1189,176388150
Pourquoi les favelas du Brésil sont-elles si DANGEREUSES ?,https://www.youtube.com/watch?v=j4WM6s03S8w,0.062659,0.004656,0.001770,0.500293,2.318527,578.669230,2023-05-09 15:00:26,1006,0.0072,4786.0000,0.0080,663147,4786,0,527,5313,3523300011
"Pour survivre, ces Français cumulent les petit jobs",https://www.youtube.com/watch?v=3d-H7TDEWCA,0.034158,0.004726,0.003309,0.500381,3.802629,949.065956,2025-07-01 15:00:13,2533,0.0068,2344.0000,0.0080,343549,2344,0,408,2752,945446848
"Sous pression 24h/24, cette maternité gère les grossesess difficiles",https://www.youtube.com/watch?v=ssNwCxXvFdo,0.017385,0.004902,0.006087,0.499759,1.317258,329.069999,2025-03-23 16:00:56,2307,0.0076,1158.0000,0.0080,152012,1158,0,58,1216,184846592
"Totalement ruinés, ils n’ont plus que les ventes aux enchères pour survivre",https://www.youtube.com/watch?v=v3XHOCmeFXI,0.016081,0.004749,0.007645,0.500310,2.705484,676.237652,2025-11-30 16:01:24,5459,0.0062,887.0000,0.0080,141972,887,0,248,1135,161138220
Chine : ils respirent du poison au quotidien,https://www.youtube.com/watch?v=_oE33qYEzZI,0.037709,0.004742,0.002862,0.500194,2.590074,647.757556,2024-11-15 16:00:37,4531,0.0072,2769.0000,0.0080,382141,2769,0,286,3055,1167440755
Rodéos urbains : le nouveau phénomène qui séduit les délinquants,https://www.youtube.com/watch?v=nei6mopRf3o,0.066371,0.004720,0.001638,0.500185,2.808231,703.629137,2023-10-01 15:00:40,1014,0.0074,5226.0000,0.0080,704323,5226,0,395,5621,3958999583
"Entre criminalité et trafic, le quotidien dangereux des Marseillais",https://www.youtube.com/watch?v=NGWhWTvlVVE,0.046456,0.004452,0.002541,0.500544,1.733145,434.721835,2023-06-13 15:00:25,1937,0.0066,3172.0000,0.0080,482970,3172,0,678,3850,1859434500
Chine : le dur quotidien des enfants moines Shaolin,https://www.youtube.com/watch?v=bAIHpPhv6bs,0.054602,0.004845,0.001941,0.500098,4.339506,1088.522691,2025-01-19 16:00:36,2137,0.0075,4310.0000,0.0080,571414,4310,0,245,4555,2602790770
Sourdun : les coulisses de l’internat de la réussite,https://www.youtube.com/watch?v=JKDs5_gc89M,0.049748,0.004884,0.002081,0.499998,3.704874,930.139570,2024-12-20 16:00:21,2747,0.0077,3983.0000,0.0080,516176,3983,0,128,4111,2121999536
"À Grenoble, le face-à-face tendu entre dealers et policiers",https://www.youtube.com/watch?v=Vz-XXMlFsto,0.046404,0.004628,0.002374,0.500267,1.927950,484.392747,2023-10-10 15:00:19,1501,0.0071,3427.0000,0.0080,480511,3427,0,397,3824,1837474064
Prison : dans l'intimité des condamnés à vie,https://www.youtube.com/watch?v=YsI0gTseVH4,0.133584,0.004360,0.001005,0.500809,7.466669,1886.107860,2024-05-12 15:00:23,3529,0.0062,9070.0000,0.0079,1465480,9070,0,2532,11602,17002498960
20 meurtres par jour : au cœur de la violence à Johannesbourg,https://www.youtube.com/watch?v=Dk6DHJJRMnU,0.021052,0.004933,0.005549,0.500298,4.647363,1173.749477,2026-01-11 16:00:19,2935,0.0065,1290.0000,0.0079,197125,1290,0,270,1560,307515000
4500 détenus pour 2900 places : la réalité choc de Fleury-Mérogis,https://www.youtube.com/watch?v=fjGQQCzY6vU,0.051196,0.004887,0.002537,0.500837,15.984148,4052.835374,2026-02-15 16:01:01,3243,0.0059,3178.0000,0.0079,538801,3178,0,1071,4249,2289365449
Maternité : plus de place en réanimation néo-natale,https://www.youtube.com/watch?v=wOX9545Qbrw,0.012857,0.004707,0.008689,0.499532,0.371301,94.152145,2023-07-14 15:00:49,1922,0.0075,763.0000,0.0079,101683,763,0,38,801,81448083
Le coût de l'incarcération des détenus islamistes dans les prisons françaises,https://www.youtube.com/watch?v=WUbOukiY1wg,0.024714,0.004094,0.005419,0.500821,0.843069,214.022034,2023-05-24 15:00:20,3473,0.0055,1326.0000,0.0079,242056,1326,0,580,1906,461358736
Admiration extrême : Elles se ruinent pour leur idole,https://www.youtube.com/watch?v=sjPQZwFsCXE,0.008331,0.004223,0.017842,0.499555,0.358634,90.933368,2024-10-10 15:01:05,922,0.0057,323.0000,0.0079,56923,323,0,125,448,25501504
Ces familles habitent au milieu des morts,https://www.youtube.com/watch?v=ADNXBDarEkA,0.058095,0.004814,0.001766,0.499896,2.230511,566.798039,2023-07-18 15:00:13,1484,0.0079,4799.0000,0.0079,609867,4799,0,0,4799,2926751733
San Francisco : les voleurs ne sont plus poursuivis par la justice,https://www.youtube.com/watch?v=9WIBabpTMXY,0.080895,0.004353,0.001668,0.500873,8.692905,2228.519047,2025-06-01 15:00:22,3217,0.0059,5119.0000,0.0078,873549,5119,0,1695,6814,5952362886
La terrible vie des sans abris de l'aéroport de Roissy !,https://www.youtube.com/watch?v=HBSrSAPwTto,0.071709,0.004308,0.001753,0.500643,2.460259,631.630128,2023-02-27 16:00:10,1737,0.0063,4840.0000,0.0078,768659,4840,0,1147,5987,4601961433
Lac Victoria : 600 personnes survivent sur ce rocher,https://www.youtube.com/watch?v=K-CBcmuhQY4,0.030544,0.004626,0.003583,0.500122,2.009575,516.309767,2024-11-19 16:00:14,1244,0.0071,2139.0000,0.0078,302529,2139,0,215,2354,712153266
"Ils vivent dans l’extrême pauvreté, coupés du monde",https://www.youtube.com/watch?v=cIxWyQ0lz7I,0.015265,0.004546,0.007411,0.499821,0.514177,132.182010,2023-10-14 15:00:34,1356,0.0070,920.0000,0.0078,130594,920,0,95,1015,132552910
Rentrée scolaire : le grand défi des familles nombreuses,https://www.youtube.com/watch?v=G3mSszN_Oy0,0.022981,0.004781,0.004826,0.500072,3.045342,783.334537,2025-09-23 15:30:19,1899,0.0070,1517.0000,0.0078,217740,1517,0,175,1692,368416080
"Au Canada, ces habitants vivent par -30°C",https://www.youtube.com/watch?v=VKLVFQGulwQ,0.012489,0.004720,0.009170,0.499556,0.810877,208.504391,2025-03-12 16:00:38,1971,0.0073,716.0000,0.0078,98611,716,0,50,766,75536026
"Folie, isolement et traitements : le quotidien des patients psychiatriques",https://www.youtube.com/watch?v=hM5CdrBiVNg,0.023266,0.004667,0.005072,0.500309,3.596673,928.720904,2025-10-31 16:01:20,6836,0.0064,1432.0000,0.0077,222841,1432,0,293,1725,384400725
Lagos : Ils passent de bidonvilles à multimillionnaires,https://www.youtube.com/watch?v=gR4ZdwrdSN0,0.212609,0.004660,0.000570,0.500198,14.862860,3849.724695,2024-10-25 15:00:48,4707,0.0073,17093.0000,0.0077,2352128,17093,0,1068,18161,42716996608
Depuis 10 ans il dort dans le parking de la Défense,https://www.youtube.com/watch?v=SIHkB7HygGw,0.038229,0.004342,0.003129,0.500456,1.765337,458.549651,2024-02-25 16:00:27,1063,0.0064,2500.0000,0.0077,391576,2500,0,514,3014,1180210064
"Bac : décrocheurs, adultes… ils jouent leur dernière chance",https://www.youtube.com/watch?v=kb3ewsj43d0,0.014471,0.004768,0.007653,0.499614,1.223730,318.106695,2025-06-13 15:01:15,3739,0.0073,886.0000,0.0077,120876,886,0,43,929,112293804
"Ambiance militaire, règles strictes… les conditions difficiles des employés de McDonald’s",https://www.youtube.com/watch?v=oUqxSgpjJ9s,0.115096,0.004440,0.001054,0.500347,4.300143,1123.144511,2023-06-06 15:00:38,1478,0.0068,8597.0000,0.0077,1255660,8597,0,1017,9614,12071915240
Congo : ils survivent avec 50€ par mois,https://www.youtube.com/watch?v=OYIN7SCvQf4,0.042166,0.004678,0.002725,0.500286,6.047583,1581.295686,2025-09-26 15:01:00,4534,0.0067,2928.0000,0.0076,434834,2928,0,397,3325,1445823050
Rentrée scolaire : Une organisation millimétrée,https://www.youtube.com/watch?v=fIdfq4UoFwM,0.038162,0.004596,0.002833,0.500015,2.236411,588.236654,2024-09-06 15:00:44,909,0.0072,2801.0000,0.0076,388228,2801,0,150,2951,1145660828
Elles étudient dans la plus grande compagnie aérienne mondiale,https://www.youtube.com/watch?v=jqJMGARJapk,0.065001,0.004606,0.001699,0.500065,3.923735,1033.425879,2024-08-29 15:00:52,1249,0.0073,5013.0000,0.0076,690314,5013,0,228,5241,3617935674
Rodéo urbain : une délinquance devenue incontrôlable,https://www.youtube.com/watch?v=iFu4GvvMVW4,0.050095,0.004397,0.002364,0.500369,3.005342,791.615504,2024-09-03 15:00:50,4228,0.0066,3444.0000,0.0076,524830,3444,0,540,3984,2090922720
"En Haïti, ils survivent entre pauvreté et violence extrême",https://www.youtube.com/watch?v=pQx72BA7Ayo,0.013068,0.004732,0.008897,0.499627,1.516999,400.856253,2025-10-05 15:01:23,3132,0.0070,742.0000,0.0076,106622,742,0,64,806,85937332
"Violence, pauvreté, trafic : plongée dans la face cachée de Bangkok",https://www.youtube.com/watch?v=8YnNIVTlyqI,0.010021,0.004947,0.012534,0.499381,1.792851,473.903772,2026-01-25 16:00:14,2863,0.0068,494.0000,0.0076,72955,494,0,57,551,40198205
Maisons inachevées : ces familles ont tout perdu,https://www.youtube.com/watch?v=4lSsRzuw9Vs,0.030675,0.004246,0.004057,0.500492,2.075204,550.239894,2024-12-15 16:00:05,2281,0.0060,1854.0000,0.0075,308104,1854,0,469,2323,715725592
Arnaque immobilière : ces familles se retrouvent à la rue,https://www.youtube.com/watch?v=bLU_KQjy4k8,0.023369,0.004403,0.005162,0.500274,2.425386,647.253365,2025-07-15 15:01:05,2412,0.0062,1403.0000,0.0075,225235,1403,0,284,1687,379971445
"À Marseille, la guerre des gangs terrorise les habitants",https://www.youtube.com/watch?v=YkahoC-0boM,0.052876,0.004033,0.002559,0.500770,2.144498,573.341104,2023-10-26 15:00:34,711,0.0056,3146.0000,0.0075,559573,3146,0,1039,4185,2341813005
Ils donnent tout pour arrondir leurs fins de mois,https://www.youtube.com/watch?v=Ey4soefZtJ0,0.007426,0.004973,0.018960,0.498627,1.072760,286.005658,2026-01-27 16:00:32,3316,0.0069,300.0000,0.0075,43457,300,0,25,325,14123525
Enfants surdoués : ils passent le BAC à 12 ans,https://www.youtube.com/watch?v=d9cREVsbBMY,0.091352,0.004528,0.001307,0.500254,8.802678,2354.317454,2025-05-04 15:01:04,2445,0.0068,6745.0000,0.0075,988780,6745,0,648,7393,7310050540
À l’intérieur des prisons françaises : le quotidien des détenus,https://www.youtube.com/watch?v=fb8i-8pQXqo,0.022760,0.004377,0.005705,0.500489,3.633642,975.307631,2025-11-14 16:01:11,6746,0.0057,1249.0000,0.0074,220365,1249,0,392,1641,361618965
"Propagande, censure, répression : la vraie face de la Corée du Nord",https://www.youtube.com/watch?v=GpIgUhe9rjw,0.049249,0.004295,0.002465,0.500390,2.944166,790.698150,2024-09-13 15:00:31,3895,0.0064,3284.0000,0.0074,516315,3284,0,560,3844,1984714860
"Organisation militaire, rythme effréné : les secrets de vos casseurs de prix",https://www.youtube.com/watch?v=fdXhDvsZ5uA,0.053928,0.004161,0.002405,0.500614,3.228032,867.024368,2024-09-08 15:00:40,3183,0.0059,3377.0000,0.0074,570490,3377,0,870,4247,2422871030
Sinaloa : au cœur de l'organisation la plus DANGEREUSE du MONDE,https://www.youtube.com/watch?v=slCJKl_G0Js,0.301049,0.004453,0.000425,0.500158,12.353841,3322.743249,2023-09-24 15:00:42,1746,0.0071,23704.0000,0.0074,3349279,23704,0,1200,24904,83410444216
USA : au cœur d'un camp de redressement pour ados en difficulté,https://www.youtube.com/watch?v=IL-meoHwmpI,0.114178,0.004534,0.001065,0.500222,12.630969,3423.337366,2025-06-29 15:00:22,3170,0.0068,8495.0000,0.0074,1246048,8495,0,699,9194,11456165312
Médecine esthétique : Ils veulent être beaux sans douleur,https://www.youtube.com/watch?v=t4eFyvhHTzY,0.027514,0.004447,0.004252,0.500165,2.951454,800.515132,2025-07-24 15:01:36,2596,0.0065,1756.0000,0.0074,271363,1756,0,244,2000,542726000
Prélèvement à la source : les centres d'impôts pris d'assaut !,https://www.youtube.com/watch?v=Sj8UzxWBuSg,0.005673,0.004204,0.030945,0.497520,0.133611,36.281681,2024-07-02 15:00:33,1024,0.0062,164.0000,0.0073,26340,164,0,29,193,5083620
"En Arizona, un coiffeur peut devenir chasseur de primes à seulement 18 ans !",https://www.youtube.com/watch?v=AuRwUcWAlVI,0.077837,0.004206,0.001591,0.500327,2.703753,742.536862,2023-05-26 15:00:18,1581,0.0064,5401.0000,0.0073,838314,5401,0,703,6104,5117068656
"Banlieue : trafics, insalubrité et violences au quotidien",https://www.youtube.com/watch?v=0WjhWsMGTOg,0.033383,0.004115,0.004207,0.500756,4.642384,1276.136969,2025-10-03 15:30:00,4496,0.0052,1778.0000,0.0073,341961,1778,0,709,2487,850457007
"L'enfer de Dandora, la ville poubelle d'Afrique",https://www.youtube.com/watch?v=f4xY6QiFQ_E,0.027579,0.004140,0.004351,0.500206,0.833904,229.650268,2023-03-27 15:00:33,1035,0.0063,1710.0000,0.0073,273051,1710,0,272,1982,541187082
Guerre entre voisins : ils se bousillent la vie au quotidien,https://www.youtube.com/watch?v=Au7w1fvp9YQ,0.101543,0.003913,0.001486,0.500909,6.475182,1786.398093,2024-10-15 15:00:12,2279,0.0053,5834.0000,0.0072,1109329,5834,0,2207,8041,8920114489
"Trafics, vols, violence : Lille, capitale de la délinquance ?",https://www.youtube.com/watch?v=TnIMunatHe8,0.014791,0.004405,0.007865,0.499673,0.995809,274.879793,2025-03-21 16:00:26,3039,0.0067,858.0000,0.0072,127529,858,0,65,923,117709267
Le Cap : la ville la plus dangereuse du MONDE,https://www.youtube.com/watch?v=gUS-lHC_01s,0.120831,0.004267,0.001023,0.500185,4.167592,1156.322819,2023-05-12 15:00:35,1373,0.0067,8888.0000,0.0072,1321661,8888,0,638,9526,12590142686
Crise au Brésil : l'enfer des familles obligées de squatter des logements,https://www.youtube.com/watch?v=5HHff893rqs,0.038379,0.004125,0.003163,0.500253,1.423561,397.302176,2023-10-08 15:00:07,1315,0.0063,2469.0000,0.0072,394913,2469,0,360,2829,1117208877
"Règles strictes, fatigue extrême : le quotidien des hôtesses low cost",https://www.youtube.com/watch?v=-LuPVBXfPIY,0.020645,0.005446,0.005866,0.500034,10.185833,2878.126686,2026-04-21 15:00:00,3085,0.0062,1209.0000,0.0071,195674,1209,0,175,1384,270812816
"Pauvreté, maladies : le quotidien infernal des habitants au Ghana",https://www.youtube.com/watch?v=j6ITW5kWxWI,0.040050,0.004345,0.003048,0.500213,5.377068,1528.345820,2025-09-30 15:30:21,1907,0.0062,2576.0000,0.0070,414129,2576,0,337,2913,1206357777
À l’intérieur des prisons les plus dures des États-Unis,https://www.youtube.com/watch?v=Y7Vf_FPeLzw,0.037941,0.004866,0.003166,0.500124,11.944430,3424.242453,2026-03-06 16:00:51,3400,0.0063,2466.0000,0.0070,390173,2466,0,255,2721,1061660733
"Seine-Saint-Denis : sans papier, il répare illégalement des voitures depuis ses 16 ans",https://www.youtube.com/watch?v=tzv2hTXTFI0,0.052394,0.003760,0.002722,0.500673,1.802630,518.174322,2023-07-20 15:00:45,1114,0.0053,2932.0000,0.0070,556512,2932,0,939,3871,2154257952
Brésil : au cœur d'une des prisons les plus DANGEREUSES au Monde,https://www.youtube.com/watch?v=vGOgpIpvHBU,0.049343,0.004112,0.002431,0.500102,1.781213,513.118060,2023-09-22 15:01:00,1353,0.0064,3336.0000,0.0069,518242,3336,0,261,3597,1864116474
Thaïlande : ces habitants sont envahis par les serpents,https://www.youtube.com/watch?v=Yw5LtJShfQ0,0.012896,0.004448,0.009203,0.499426,1.414308,409.202655,2025-10-09 15:30:17,2515,0.0067,713.0000,0.0069,107197,713,0,27,740,79325780
Japon : dans la prison la plus stricte du monde,https://www.youtube.com/watch?v=xb4QheDKwn0,0.030734,0.005540,0.003894,0.500045,16.924531,4911.273585,2026-04-26 15:01:34,1823,0.0063,1944.0000,0.0069,309339,1944,0,187,2131,659201409
"En Inde, des enfants travaillent dans des mines en flammes",https://www.youtube.com/watch?v=d9VNDAnfcIM,0.013420,0.006468,0.009074,0.499574,9.828442,2855.499915,2026-05-19 15:00:51,2779,0.0063,725.0000,0.0069,114180,725,0,60,785,89631300
Braderie de Lille : vendre pour finir le mois,https://www.youtube.com/watch?v=S1pl1p2CmaA,0.011153,0.004253,0.011368,0.499403,1.030454,301.331874,2025-09-05 15:00:55,2692,0.0062,555.0000,0.0068,89190,555,0,54,609,54316710
Elle a transformé sa maison en plateforme Vinted,https://www.youtube.com/watch?v=4Vj3oMfBgs8,0.018113,0.003982,0.006775,0.499877,0.654898,192.098960,2024-02-04 16:00:04,966,0.0061,1022.0000,0.0068,168076,1022,0,123,1145,192447020
L'enfer de la location de véhicules entre particuliers,https://www.youtube.com/watch?v=UpaBOPwXpmc,0.013582,0.003898,0.009370,0.499697,0.365142,107.971074,2023-07-04 15:00:18,820,0.0059,698.0000,0.0068,117687,698,0,97,795,93561165
"Au Togo, ils vendent des vêtements pour survivre",https://www.youtube.com/watch?v=RZAp_x8f0RQ,0.045197,0.004098,0.002753,0.500145,3.777903,1118.370366,2025-05-01 15:00:51,2271,0.0061,2894.0000,0.0068,473055,2894,0,301,3195,1511410725
Friperies : la solution pour s'habiller face à la précarité,https://www.youtube.com/watch?v=kdAHgrNPCk8,0.026888,0.003930,0.004586,0.500045,0.945433,280.769492,2023-11-19 16:00:28,1272,0.0060,1609.0000,0.0067,267277,1609,0,190,1799,480831323
Trafic : l'enfer des habitants d'une cité de Montpellier,https://www.youtube.com/watch?v=fLqSSMvkvNs,0.081017,0.003910,0.001699,0.500396,5.490308,1638.046583,2025-01-08 16:00:39,2040,0.0057,5013.0000,0.0067,877902,5013,0,871,5884,5165575368
Travail à la chaîne en Chine : survivre dans l’enfer des usines,https://www.youtube.com/watch?v=PoHoBdR9QnY,0.013847,0.004293,0.009291,0.499725,2.204470,659.041427,2025-12-26 16:00:42,3977,0.0058,705.0000,0.0067,121227,705,0,105,810,98193870
Nigeria : dans le plus grand bidonville flottant au monde,https://www.youtube.com/watch?v=90gbhzlgXng,0.030220,0.003973,0.004074,0.500039,1.580002,473.323670,2024-09-22 15:00:17,1365,0.0061,1845.0000,0.0067,304814,1845,0,189,2034,619991676
Autoroute du Soleil : dans les coulisses d’un été sous tension,https://www.youtube.com/watch?v=jG_grg2VEtk,0.014413,0.004114,0.008501,0.499568,1.161157,351.505693,2025-07-03 15:01:22,2956,0.0062,783.0000,0.0066,126537,783,0,52,835,105658395
Nationale 20 : Sur la route la plus dangereuse de France !,https://www.youtube.com/watch?v=91hijqD3_sI,0.019142,0.003565,0.007350,0.500205,0.516315,157.712562,2023-04-20 15:00:10,907,0.0051,929.0000,0.0065,183733,929,0,273,1202,220847066
Mexique : ces villes où les cartels dictent leurs règles,https://www.youtube.com/watch?v=kA8ObyuA9y0,0.010990,0.004262,0.011526,0.499256,1.271238,388.108878,2025-11-13 16:01:15,3365,0.0062,546.0000,0.0065,88079,546,0,30,576,50733504
L'enfer des stations essence : ces illettrés qui siphonnent,https://www.youtube.com/watch?v=YFF-rBoZz2Q,0.097300,0.003519,0.001638,0.500701,3.318356,1020.544537,2023-08-20 15:00:22,800,0.0049,5226.0000,0.0065,1064414,5226,0,1695,6921,7366809294
Lille : plongée dans la délinquance quotidienne,https://www.youtube.com/watch?v=Qt92vZAyP1s,0.031094,0.004506,0.004138,0.500102,8.625873,2658.021435,2026-03-01 16:00:37,4699,0.0057,1812.0000,0.0065,316157,1812,0,239,2051,648438007
"Logements insalubres, insécurité... Paris face à ses démons (Compilation)",https://www.youtube.com/watch?v=GA0fmzpCJoc,0.058091,0.003671,0.002440,0.500387,2.842648,885.518699,2024-07-26 15:00:24,4726,0.0053,3322.0000,0.0064,621622,3322,0,668,3990,2480271780
Paris : au cœur de la délinquance nocturne,https://www.youtube.com/watch?v=6wtBem-q8mA,0.028644,0.003823,0.004518,0.500049,1.956705,613.787372,2025-03-14 16:00:06,3128,0.0057,1637.0000,0.0064,289060,1637,0,205,1842,532448520
"À Marseille, les trafics riment avec guerre de territoires",https://www.youtube.com/watch?v=fpHcodnhSqQ,0.026899,0.003567,0.005187,0.500241,1.050689,331.188716,2024-03-31 15:00:30,1570,0.0051,1395.0000,0.0063,271239,1395,0,325,1720,466531080
"En pleine crise, Georges Weah peut-il sauver l'un des pays les plus pauvres au monde ?",https://www.youtube.com/watch?v=kgFss9FkGg4,0.015308,0.003686,0.008482,0.499702,0.426776,134.895119,2023-09-01 15:00:37,697,0.0056,785.0000,0.0063,139075,785,0,94,879,122246925
"Gangs, kidnappings, corruption : Manille hors de contrôle ?",https://www.youtube.com/watch?v=yDTke2sfk_Y,0.009478,0.004151,0.014240,0.499071,1.176357,371.784945,2025-12-14 16:01:26,3142,0.0058,424.0000,0.0063,72849,424,0,36,460,33510540
Lille : au cœur du tribunal qui juge les dangers de la route,https://www.youtube.com/watch?v=kC6EmuDhdfI,0.052735,0.003617,0.002826,0.500468,4.161515,1324.373477,2025-04-29 15:30:24,1571,0.0050,2809.0000,0.0063,562813,2809,0,727,3536,1990106768
Conflits de voisinage : quand la guerre éclate à côté de chez vous,https://www.youtube.com/watch?v=Vn8rrnfHJHM,0.024499,0.004006,0.005490,0.500063,3.990693,1276.251821,2025-12-19 16:00:54,4859,0.0054,1306.0000,0.0062,243693,1306,0,217,1523,371144439
Des HLM sans électricité contre 6500 euros CASH !,https://www.youtube.com/watch?v=TY6ReTYG_Kc,0.010341,0.003416,0.014614,0.499528,0.305449,97.606782,2024-01-26 16:00:17,777,0.0048,411.0000,0.0062,86279,411,0,128,539,46504381
Pelican Bay : au cœur de la prison la plus dangereuse des USA,https://www.youtube.com/watch?v=dAWQbewerBo,0.222299,0.003691,0.000678,0.500222,8.967870,2885.616531,2024-02-23 16:00:24,1219,0.0057,14079.0000,0.0062,2469928,14079,0,1272,15351,37915864728
Litige entre voisins : ils sont obligés de faire appel à un conciliateur,https://www.youtube.com/watch?v=CQwkxfjne6o,0.020089,0.003684,0.006631,0.499918,1.239317,400.105417,2025-02-28 16:00:19,2580,0.0054,1048.0000,0.0062,194029,1048,0,153,1201,233028829
Querelles entre voisins : des conciliateurs de justice pour éviter le tribunal,https://www.youtube.com/watch?v=aSRuAFRECdM,0.014751,0.003560,0.009042,0.499661,0.370616,120.779203,2023-06-15 15:30:00,1429,0.0054,728.0000,0.0061,133940,728,0,93,821,109964740
Mexique : plongée dans une ville où les cartels font la loi,https://www.youtube.com/watch?v=UsV2AP72bpc,0.019884,0.004087,0.006264,0.499659,2.860391,937.666293,2025-12-07 16:00:56,3249,0.0059,1120.0000,0.0061,190294,1120,0,40,1160,220741040
Marseille : ils vendent tout ce qu'ils peuvent pour finir les mois,https://www.youtube.com/watch?v=lBYiL4kFdR0,0.093575,0.003361,0.001734,0.500542,3.216317,1058.846606,2023-11-04 16:00:28,1331,0.0048,4900.0000,0.0061,1023846,4900,0,1319,6219,6367298274
"À Las Vegas, 1 habitant sur 3 est sans emploi",https://www.youtube.com/watch?v=-FcABdxYbqs,0.053728,0.003653,0.002579,0.500154,3.452758,1136.894095,2025-02-09 16:00:00,3357,0.0054,3119.0000,0.0061,572932,3119,0,360,3479,1993230428
Natal : la ville la plus dangereuse du Brésil,https://www.youtube.com/watch?v=biZjrNEjJwQ,0.138130,0.003573,0.001066,0.500175,4.089383,1353.766827,2023-05-30 15:00:33,1419,0.0056,8486.0000,0.0060,1522969,8486,0,714,9200,14011314800
"Vols, trafics, violence : ils vivent dans l'insécurité au quotidien",https://www.youtube.com/watch?v=suEVL8kicBc,0.016151,0.003834,0.008446,0.499742,2.110565,704.470566,2025-11-26 16:30:27,3032,0.0052,789.0000,0.0060,150703,789,0,113,902,135934106
"Épaves roulantes : entre scandales et arnaques, les escrocs face aux gendarmes",https://www.youtube.com/watch?v=PSKln3MaOao,0.043996,0.003374,0.003360,0.500293,1.350358,452.133295,2023-09-03 15:00:18,1234,0.0050,2303.0000,0.0060,465239,2303,0,475,2778,1292433942
Naples : dans l'enfer de la Camorra,https://www.youtube.com/watch?v=MnpJzcrsrHQ,0.009441,0.003937,0.014468,0.498963,1.016389,340.506461,2025-11-23 16:00:37,3116,0.0056,416.0000,0.0060,73871,416,0,24,440,32503240
"Délinquance, trafics : Marseille sous haute tension (Compilation)",https://www.youtube.com/watch?v=pLvPKCBRD7c,0.038123,0.003175,0.004278,0.500483,1.247533,423.773582,2023-11-24 13:00:43,5989,0.0043,1744.0000,0.0059,401343,1744,0,618,2362,947972166
Cet escroc a organisé une fraude à la taxe carbone !,https://www.youtube.com/watch?v=smXlyMtBiFo,0.051560,0.003175,0.003218,0.500534,1.676597,572.076373,2023-11-05 16:00:40,669,0.0044,2420.0000,0.0059,552594,2420,0,818,3238,1789299372
États-Unis : au cœur d'une des pires prisons au monde,https://www.youtube.com/watch?v=OHj_lfheJZI,0.099005,0.003389,0.001550,0.500247,3.439552,1185.248671,2023-12-26 16:00:18,808,0.0051,5563.0000,0.0058,1084437,5563,0,730,6293,6824362041
Congo : Ces mineurs risquent leur vie chaque jour,https://www.youtube.com/watch?v=ykVqv5g9OAE,0.037394,0.003383,0.003911,0.500150,1.947510,676.068475,2024-11-26 16:00:52,1682,0.0049,1934.0000,0.0058,391406,1934,0,320,2254,882229124
USA : le quotidien des prisonniers face à la justice,https://www.youtube.com/watch?v=RI6ULa1mZsc,0.135259,0.003436,0.001248,0.500426,12.205029,4244.622751,2025-07-11 15:00:46,3452,0.0048,7107.0000,0.0058,1494048,7107,0,1484,8591,12835366368
"Organisation militaire, surveillance : dans les coulisses d'Aldi",https://www.youtube.com/watch?v=1sFk06_egqs,0.029524,0.003400,0.004861,0.500053,1.633628,569.132261,2025-01-12 16:00:02,1371,0.0050,1504.0000,0.0057,302747,1504,0,233,1737,525871539
"A Oakland, les policiers ont toujours un gilet pare-balle",https://www.youtube.com/watch?v=RNaO2AzJ_AA,0.037778,0.003336,0.003784,0.500072,1.061927,370.869660,2023-07-28 15:00:19,1135,0.0051,2009.0000,0.0057,395342,2009,0,254,2263,894658946
"Vols à main armée, trafics, agressions : l'enfer de São Paulo",https://www.youtube.com/watch?v=BytTJvfCVF4,0.014829,0.003656,0.008969,0.499464,1.258173,441.194974,2025-08-24 15:00:26,3277,0.0054,735.0000,0.0057,135882,735,0,39,774,105172668
Camorra : le quotidien des ados incarcérés de la mafia,https://www.youtube.com/watch?v=Y6pXEE9YyHY,0.031330,0.003325,0.004507,0.499965,1.019704,362.477058,2024-01-19 16:00:22,1236,0.0051,1642.0000,0.0056,322947,1642,0,174,1816,586471752
Saint-Étienne : au cœur de la délinquance quotidienne,https://www.youtube.com/watch?v=VWv6GKqxqKM,0.014699,0.003867,0.009203,0.499437,2.333106,840.085954,2026-01-18 16:00:58,3025,0.0053,713.0000,0.0055,135207,713,0,37,750,101405250
"Trafics, délinquance, violences : plongée au cœur de l’A10",https://www.youtube.com/watch?v=V-f4BzRsVeE,0.020632,0.003509,0.006442,0.499579,1.456403,534.207724,2025-06-15 15:00:57,3381,0.0054,1084.0000,0.0054,201923,1084,0,16,1100,222115300
"Travail de nuit, concurrence forte... Les rechargeurs de trottinettes se font la guerre à Paris",https://www.youtube.com/watch?v=LmsfSFsf2Mg,0.139870,0.003150,0.001193,0.500189,3.945662,1475.806335,2023-08-15 15:00:14,625,0.0048,7478.0000,0.0053,1546625,7478,0,791,8269,12789042125
"Snake King, ce chinois qui se fait 10 millions d'€ avec la médecine des serpents",https://www.youtube.com/watch?v=J94pffFBQq4,0.042512,0.003153,0.003521,0.500012,1.193356,447.649173,2023-09-26 15:00:12,1305,0.0048,2183.0000,0.0053,450329,2183,0,217,2400,1080789600
Au cœur des organisations les plus DANGEREUSES au MONDE,https://www.youtube.com/watch?v=ev3ZBC2-P4s,0.291167,0.003167,0.000599,0.500059,10.482682,4062.834120,2024-04-19 15:00:38,5660,0.0050,16189.0000,0.0052,3250211,16189,0,582,16771,54509288681
Paris : plongée dans la délinquance du quotidien,https://www.youtube.com/watch?v=zsUeRRg4ap8,0.026328,0.003838,0.005764,0.499827,6.479646,2569.551321,2026-03-15 16:01:19,5442,0.0046,1234.0000,0.0050,269659,1234,0,125,1359,366466581
Braderie de Lille : les secrets du plus grand vide-grenier d’Europe,https://www.youtube.com/watch?v=pc_14Tff8GM,0.035595,0.002961,0.004345,0.499902,0.907727,365.397560,2023-09-08 15:00:47,1094,0.0046,1713.0000,0.0050,374162,1713,0,145,1858,695192996
"Trafics, violence : ils vivent dans l'insécurité au quotidien",https://www.youtube.com/watch?v=qcnzrJ0zhMg,0.028240,0.003180,0.005515,0.499869,2.585847,1042.164356,2025-09-21 15:01:26,3474,0.0045,1299.0000,0.0050,291791,1299,0,148,1447,422221577
"Zones de non-droit, violence, trafics : la face cachée de la capitale",https://www.youtube.com/watch?v=O6pKTVPvXYw,0.069322,0.003088,0.002591,0.500242,7.113970,2895.640411,2025-10-10 15:30:29,4952,0.0041,3102.0000,0.0049,755662,3102,0,610,3712,2805017344
Bénin : ils survivent avec 5€ par jour dans ce village flottant,https://www.youtube.com/watch?v=pKkhH95QuXY,0.075247,0.003087,0.002209,0.500050,5.160446,2105.103058,2025-06-03 15:01:20,2622,0.0045,3722.0000,0.0049,820960,3722,0,302,4024,3303543040
Au cœur des villes les plus DANGEREUSES au MONDE,https://www.youtube.com/watch?v=YDdieA1nISw,0.040590,0.003114,0.003892,0.499925,3.111077,1274.656722,2025-07-25 15:00:59,4619,0.0045,1945.0000,0.0049,430816,1945,0,157,2102,905575232
"Agressions, gangs : ils vivent dans la peur quotidienne",https://www.youtube.com/watch?v=yCHYBlacj-U,0.068670,0.002952,0.002411,0.499989,2.958882,1237.297988,2024-11-01 16:00:58,7271,0.0045,3368.0000,0.0048,747259,3368,0,205,3573,2669956407
"Zones de non-droit, fusillades, trafics : la face cachée de Marseille",https://www.youtube.com/watch?v=e8Nyd1SXwzw,0.073863,0.003202,0.002339,0.500084,9.089664,3804.603380,2025-11-28 16:01:16,5984,0.0043,3486.0000,0.0048,806363,3486,0,366,3852,3106110276
Madagascar : La mer est leur unique ressource,https://www.youtube.com/watch?v=mCkZzruJ5Hs,0.030373,0.002871,0.005229,0.499818,1.075453,454.927259,2024-08-01 15:00:51,1311,0.0044,1382.0000,0.0047,316623,1382,0,114,1496,473668008
Mexique : ces migrants traversent l'enfer pour survivre,https://www.youtube.com/watch?v=hyvWEgimMGI,0.128373,0.002918,0.001415,0.500034,7.903342,3456.668202,2025-05-13 15:30:31,3479,0.0043,6168.0000,0.0046,1420571,6168,0,327,6495,9226608645
Congo : ils sont entassés sur une embarcation pour survivre,https://www.youtube.com/watch?v=BHYr5CqhUkA,0.216730,0.002721,0.000947,0.500171,9.738767,4370.933857,2024-12-22 16:00:13,1473,0.0040,9693.0000,0.0045,2416885,9693,0,1076,10769,26027434565
"Chine : Travail à la chaîne, espionnage... Les méthodes discrètes mais efficaces du parti (Compil)",https://www.youtube.com/watch?v=emlvci6AwzI,0.081222,0.002508,0.002359,0.499987,1.977074,956.334428,2023-12-08 16:00:31,6906,0.0039,3453.0000,0.0041,892207,3453,0,235,3688,3290459416
"USA, Brésil, France... Les PIRES prisons du MONDE ! (Compilation)",https://www.youtube.com/watch?v=Ly3DpXZmWag,0.039740,0.002390,0.004881,0.499942,1.029165,506.553426,2024-03-08 16:00:14,9638,0.0035,1497.0000,0.0041,426490,1497,0,235,1732,738680680
Ces nomades survivent isolés du monde extérieur,https://www.youtube.com/watch?v=YYxPkv90ROs,0.059669,0.002582,0.003135,0.499897,2.894129,1434.602674,2025-04-01 15:00:46,2758,0.0038,2494.0000,0.0040,649855,2494,0,127,2621,1703269955
Congo : ce peuple exploité tente de survivre,https://www.youtube.com/watch?v=nuBUZhPlp3A,0.091831,0.002507,0.002223,0.499973,4.968455,2571.253649,2025-05-30 15:01:22,2620,0.0036,3694.0000,0.0039,1013037,3694,0,220,3914,3965026818
"Bois de Boulogne : entre précarité, débrouille et survie",https://www.youtube.com/watch?v=FcAGa66KolI,0.086570,0.002495,0.002517,0.499979,6.932955,3821.746409,2025-10-21 15:30:16,3381,0.0034,3207.0000,0.0036,955305,3207,0,258,3465,3310131825
Ils vivent sur l'eau et les intempéries rendent les choses impossibles,https://www.youtube.com/watch?v=lwfKDQsneG0,0.033417,0.002073,0.006110,0.499618,0.649439,390.334406,2023-12-24 16:00:33,1204,0.0032,1153.0000,0.0033,357915,1153,0,37,1190,425918850
"Insécurité : Nice, la ville la plus vidéosurveillée de France",https://www.youtube.com/watch?v=qU65kKTKQCI,0.037916,0.001900,0.006357,0.499852,0.722799,438.558039,2023-12-05 16:00:33,1821,0.0027,1101.0000,0.0033,410466,1101,0,251,1352,554950032
